player_id,competition,minutes,pts,orb,drb,ast,games,ncaa_per,pra40,ncaa_pra40
10105,National-Basketball-League-of-Japan,3015.95,2010,156,631,265,96,17.296766679557553,40.61075283078301,25.536159600997507
8273,Ukrainian-Superleague,2700.75,1763,51,159,345,82,21.579998038699596,34.33120429510321,28.009516256938937
30442,Mexican-LNBP,2572.0,999,106,419,302,92,14.777798250632806,28.398133748055987,22.151755379388447
56789,South-Korean-KBL,2486.55,1734,268,562,122,78,28.718511958921344,43.2084615229937,40.634291377601585
22354,Mexican-LNBP,2298.7,1127,84,193,180,96,15.216005644747352,27.563405403053903,21.23827392120075
20611,Austrian-A-Bundesliga,2254.2,1164,241,401,91,71,21.280635620509326,33.661609440156155,27.914547304170906
122103,Austrian-A-Bundesliga,2146.733333333333,1299,42,201,265,58,15.51795041091791,33.669761808639485,24.137022397891965
10885,German-Pro-A,2026.6666666666667,673,22,206,208,67,12.298616085582115,21.888157894736842,13.660130718954248
122021,Puerto-Rican-BSN,2025.9,675,134,324,174,65,20.690816381779968,25.805814699639665,25.077720207253886
104849,Chinese-CBA,2015.0,892,88,268,89,62,9.699381577012355,26.5409429280397,15.833333333333334
123281,South-Korean-KBL,2014.2833333333333,1460,296,517,160,77,29.078400315421213,48.314950726892114,35.47547547547548
85378,British-BBL,1972.9666666666667,1057,33,286,152,59,12.314290070992628,30.978729155755293,21.518987341772153
135022,Turkish-TBL,1937.0,746,191,359,62,67,22.480461150686217,28.04336602994321,26.862745098039216
4808,German-BBL,1923.4666666666667,474,86,242,146,72,13.359393822634159,19.714404547345072,18.88
31183,Italian-Serie-A2-Basket,1912.0,1093,218,224,93,58,36.63556050627029,34.05857740585774,39.036144578313255
23669,Turkish-TBL,1908.5833333333333,973,202,386,40,64,22.92398323313941,33.55368292363446,23.869731800766285
30636,Italian-Serie-A2-Basket,1886.1166666666666,945,47,156,94,61,29.173134449027618,26.339834050562445,33.433433433433436
4001,Italian-Lega-Basket-Serie-A,1883.0,703,36,136,235,62,20.231075981505427,23.579394583112055,25.165767154973015
121851,German-Pro-A,1876.9666666666667,1149,34,199,242,61,18.435249354156394,34.60903230389458,25.676126878130216
124257,German-Pro-A,1856.8666666666668,829,70,223,169,71,18.725418538271136,27.810289735396545,27.321063394683026
7410,German-BBL,1849.2666666666667,864,64,253,86,63,19.956185036573242,27.405458019395077,30.766169154228855
121573,Greek-HEBA-A2,1780.3833333333334,757,73,233,67,57,15.112825182542663,25.387791018788086,21.44508670520231
30532,Luxembourg-Total-League,1778.05,1191,82,354,138,51,24.45307034828336,39.70641995444448,33.42403628117914
122017,Japanese-BLeague,1762.1,741,134,359,229,60,22.212117732977262,33.210373985585385,30.474452554744527
9285,Italian-Serie-A2-Basket,1757.4333333333334,669,32,174,162,55,26.717645984494798,23.602602279839918,31.52173913043478
26524,Italian-Lega-Basket-Serie-A,1753.0,730,33,146,116,73,10.585859681934464,23.388476896748433,20.05089058524173
86984,Australian-NBL,1751.15,740,36,166,90,56,20.12281677379713,23.57308054706907,25.03472222222222
57585,German-Pro-A,1748.6666666666667,848,74,441,102,55,23.137882300822845,33.511246664125046,31.827956989247312
4150,Polish-OBL,1743.9166666666667,905,46,232,319,57,12.830970955196902,34.451187461174555,20.13765978367748
22655,Luxembourg-Total-League,1734.9666666666667,918,181,422,71,49,23.46209106383878,36.70387519452823,28.095238095238095
110573,Australian-NBL,1725.85,632,49,146,88,61,17.948837251988333,21.206941507083467,24.80503144654088
18939,Belgium-Scooore-League,1724.0,599,58,194,75,54,18.256288836073324,21.484918793503482,24.742268041237114
18407,Italian-Lega-Basket-Serie-A,1722.0,666,241,410,35,52,19.209967320498833,31.40534262485482,28.33052276559865
49886,Japanese-BLeague,1719.3833333333334,946,143,367,75,62,28.041864789849317,35.617420974574216,32.39795918367347
81318,Spanish-Primera-FEB,1705.6166666666666,673,52,133,86,58,20.594141159870254,22.138620440309957,29.386213408876298
140297,Finnish-Korisliiga,1697.6333333333334,809,44,318,229,49,18.920086939455597,32.987099687800665,28.7
8531,Italian-Serie-A2-Basket,1685.0,720,24,126,151,47,23.79239809626156,24.237388724035608,27.0597609561753
140042,Hungarian-NBIA,1685.0,882,100,329,78,59,17.9012835449013,32.97329376854599,27.706422018348626
121914,French-LNB-Pro-B,1678.7833333333333,805,192,272,82,58,22.205691216376295,32.18997885373336,32.30460921843687
57407,Belgium-Scooore-League,1671.0,710,38,284,87,55,17.674748288418495,26.786355475763017,28.01556420233463
9281,Italian-Lega-Basket-Serie-A,1670.0,695,32,190,147,54,20.130338349610103,25.48502994011976,26.496815286624205
106654,German-BBL,1666.9,511,39,170,113,61,14.499861932529326,19.989201511788348,20.581270182992466
22912,Swedish-Basketligan,1662.8833333333334,778,77,255,52,68,12.593763262967856,27.951449791025627,21.774580335731414
107387,Czech-NBL,1661.2166666666667,973,43,235,129,51,16.40087654545952,33.22865771071403,26.267942583732058
22382,German-BBL,1657.5166666666667,691,115,254,103,64,20.85127662598933,28.066082794542037,30.217391304347824
82716,Serbian-KLS,1656.9833333333333,1026,52,312,213,51,14.240245593764495,38.69682857401503,25.284738041002278
58594,Italian-Serie-A2-Basket,1654.5333333333333,908,152,331,86,57,27.934964716136495,35.70795390442421,31.05566218809981
107361,Chinese-CBA,1649.0,761,55,119,230,59,11.825780998739683,28.259551243177683,19.866844207723037
121696,Czech-NBL,1646.15,846,219,301,82,63,28.663493077710676,35.185128937217144,35.56398104265403
140878,French-Jeep-Elite,1637.9666666666667,695,26,140,319,65,17.831504046149902,28.81621522619508,27.03273495248152
3741,German-BBL,1621.1333333333334,806,141,226,52,62,17.548571136837108,30.225767981247685,24.243964421855146
132249,Puerto-Rican-BSN,1617.3166666666666,643,137,299,84,56,16.555652402875214,28.763692948196088,22.589703588143525
80581,Israeli-BSL,1617.0,819,77,214,133,55,22.65951330805677,30.74829931972789,30.91358024691358
134453,German-BBL,1605.1166666666666,902,23,128,145,60,19.14791426338498,29.854527708266275,27.513389441469013
6769,German-Pro-A,1602.9,977,24,126,231,62,18.518156983755368,33.888576954270384,22.218045112781954
23641,German-BBL,1600.75,657,22,102,242,58,19.410690212656135,25.563017335623925,28.17359855334539
59007,German-Pro-A,1597.9333333333334,771,58,212,153,59,22.462283318600075,29.88860611623347,30.42611060743427
16618,Mexican-LNBP,1595.4,921,170,348,118,51,14.583777177291362,39.0372320421211,23.275862068965516
140073,Italian-Serie-A2-Basket,1594.0,932,78,276,52,51,25.031858426519765,33.57590966122961,33.494228751311645
6967,Italian-Lega-Basket-Serie-A,1588.0,747,23,119,111,52,20.156097830004985,25.188916876574307,25.694200351493848
20288,German-BBL,1587.9166666666667,809,148,264,71,58,26.292555556727443,32.545788506953556,35.39568345323741
134310,Czech-NBL,1585.4833333333333,813,14,207,154,51,10.916451273770793,29.97193284907862,18.795180722891565
15809,German-BBL,1581.1666666666667,700,28,121,110,50,23.35571651396888,24.260567091809843,27.310344827586206
6373,Turkish-BSL,1577.75,771,48,128,231,50,20.9280653403181,29.86531453018539,28.57607811228641
53302,German-BBL,1577.5,786,145,227,99,55,19.691118618150004,31.873217115689382,26.059322033898304
80693,Finnish-Korisliiga,1570.0,867,132,197,106,52,21.669532686268145,33.17197452229299,33.06194690265487
53031,German-BBL,1561.6166666666666,615,109,198,53,58,18.236117724387498,24.97411870177274,26.739846322722283
3617,German-BBL,1561.0166666666667,562,31,145,55,53,15.225864197576508,20.320090539285296,21.243862520458265
81479,Turkish-TBL,1557.7,812,52,159,397,47,20.375881823524786,36.464017461642165,32.056239015817226
81156,Slovakian-Extraliga,1538.2166666666667,809,139,246,117,55,22.602782208569213,34.091426218673135,27.93103448275862
80614,Ukrainian-Superleague,1533.3833333333332,852,143,323,103,52,23.323060052032535,37.06835646663696,29.662447257383967
57583,Canadian-NBL,1532.0,802,33,177,132,41,21.461840753341452,29.869451697127936,30.335305719921106
109357,Belarusian-BPL,1529.3833333333332,931,57,210,306,52,11.126226379313724,39.33611586369234,17.584330794341675
28754,Finnish-Korisliiga,1526.2333333333333,636,38,136,75,70,9.41586807827246,23.1943564767292,15.70048309178744
107949,Spanish-Segunda-FEB,1524.3166666666666,712,17,116,235,58,15.034327481193278,28.340567904744205,22.058165548098433
8480,Spanish-Primera-FEB,1516.2333333333333,666,157,299,92,58,26.2941535786613,32.02673291270033,33.480885311871226
76324,Puerto-Rican-BSN,1515.4666666666667,587,48,118,92,85,14.958391756908824,22.303360900932606,23.432835820895523
57852,German-Pro-A,1508.0,580,63,144,161,60,19.37595355267542,25.145888594164457,29.29188255613126
27789,Israeli-BSL,1506.0,574,68,223,66,58,17.700516070799754,24.727755644090305,27.923076923076923
28775,German-BBL,1503.2,772,27,99,115,55,16.37747847821216,26.95582756785524,24.540162980209544
87246,Puerto-Rican-BSN,1501.1666666666667,535,48,295,140,45,22.732113810888574,27.12556900188742,33.01384451544196
135389,Basketball-Super-League,1495.0,664,62,129,84,50,18.646752686217546,25.123745819397993,24.5
23612,Italian-Serie-A2-Basket,1492.1833333333334,654,38,169,84,45,21.986723602070615,25.332007907875482,26.8259385665529
106745,Finnish-Korisliiga,1482.6,828,61,212,79,51,21.496945421702517,31.835963847295293,27.61238761238761
107301,German-BBL,1478.0666666666666,544,83,212,88,54,22.086205689286995,25.086825131929096,28.91304347826087
6205,German-BBL,1465.2833333333333,499,66,198,71,54,18.224267251381246,22.766927897903706,25.127681307456587
81020,German-BBL,1463.3333333333333,626,61,172,143,49,14.644552403240075,27.389521640091118,20.996677740863788
6469,Italian-Serie-A2-Basket,1463.0,910,38,89,91,41,21.64580004035206,30.840738209159262,26.997342781222322
108150,Turkish-TBL,1462.7666666666667,724,171,430,18,48,22.10608837086343,36.72492764851993,30.754414125200643
56858,Finnish-Korisliiga,1457.2666666666667,669,60,269,37,49,14.93677545541961,28.409350839471156,24.46549391069012
31795,Spanish-Primera-FEB,1456.5166666666667,794,100,127,48,54,19.387288504987048,29.357714181094163,29.18625678119349
3542,German-BBL,1455.8666666666666,523,68,209,49,65,19.792058060684614,23.32631193332723,20.94836670179136
80847,Danish-Basketligaen,1455.25,1124,66,240,171,54,17.65600439057786,44.00618450438069,29.899441340782122
95710,Australian-NBL,1454.8,581,55,245,78,55,16.99951635335558,26.367885620016498,19.71563981042654
28766,Belgium-Scooore-League,1451.0,538,157,217,50,51,20.510037951327583,26.51964162646451,25.949656750572082
97652,French-LNB-Pro-B,1445.0,778,90,259,89,54,26.706030653509465,33.660899653979236,38.66877971473851
57835,French-LNB-Pro-B,1445.0,674,29,110,163,43,16.157716063265493,27.017301038062282,29.094972067039105
12047,Italian-Lega-Basket-Serie-A,1445.0,501,172,248,47,56,27.406974557573953,26.79584775086505,32.77475516866159
22724,Spanish-ACB,1443.75,595,34,174,99,58,22.85726862259426,24.99047619047619,25.970409051348998
141952,BNXT-League,1441.0,768,57,137,159,43,18.483065510837758,31.11727966689799,26.18042226487524
99628,Australian-NBL,1440.2166666666667,657,135,193,82,52,21.366444872429067,29.634430004744654,27.89237668161435
105346,BNXT-League,1440.0,720,59,185,128,52,15.042720969655775,30.333333333333332,20.381861575179
57169,Belgium-Scooore-League,1431.0,646,21,96,283,59,20.519014751737863,29.238294898672258,28.11111111111111
30882,Italian-Serie-A2-Basket,1428.0,671,145,290,90,49,23.242796223101703,33.50140056022409,30.08383233532934
9086,French-LNB-Pro-B,1418.0,896,155,237,49,50,26.534064644846694,37.71509167842031,36.67514843087362
6122,Spanish-ACB,1413.3666666666668,689,40,115,50,58,15.999761382055127,25.301290063913584,19.912408759124087
97736,Cypriot-Division-A,1407.7833333333333,528,103,281,101,40,15.463108900782428,28.782838268199416,24.4
134396,Australian-NBL,1406.7,607,61,133,96,68,23.82795180561284,25.5065045851994,33.174311926605505
81448,Swiss-LNA,1405.5333333333333,632,61,134,126,50,17.984522688823724,27.121377413081632,26.418439716312058
42294,Slovakian-Extraliga,1404.3833333333334,559,181,282,81,74,20.546706042185075,31.415923952387168,24.313725490196077
24352,Italian-Serie-A2-Basket,1402.0,982,15,116,100,42,16.642847489449345,34.607703281027106,25.17304189435337
59224,South-Korean-KBL,1401.0166666666667,1286,48,217,193,51,22.738266029341425,49.79241265271648,33.40996168582375
7700,Turkish-TBL,1394.7333333333333,584,134,297,54,47,19.44506484213598,30.658190335070024,26.463414634146343
85074,Japanese-BLeague,1391.8,797,107,282,49,39,21.787647179098194,35.49360540307516,34.65535524920467
88116,VTB-United-League,1390.6833333333334,654,88,261,33,56,16.698640159211354,29.798300595630444,29.75918884664132
43148,German-Pro-A,1389.4833333333333,446,46,158,183,61,19.405799241650204,23.980136501577324,29.20696324951644
11012,Belgium-Scooore-League,1389.0,793,16,93,104,56,14.698229025292555,28.970482361411086,24.270042194092827
53915,French-LNB-Pro-B,1385.0,666,61,160,86,53,18.28990731936636,28.101083032490976,25.895020188425303
12046,Cypriot-Division-A,1377.05,552,45,173,71,46,21.066585663174006,24.4290330779565,24.53125
85597,Australian-NBL,1373.35,710,137,336,118,42,25.902966536840946,37.89274402009685,37.396449704142015
8156,Ukrainian-Superleague,1369.5833333333333,652,111,333,75,48,23.71210280510995,34.20018253726803,31.063063063063062
58152,Georgian-Super-Liga,1368.4166666666667,712,141,227,84,40,19.529167831247847,34.02472443821935,31.205357142857142
44731,Spanish-ACB,1366.4333333333334,438,31,113,77,56,21.81383356508961,19.29109848022833,26.88836104513064
136336,French-LNB-Pro-B,1364.4833333333333,510,49,161,90,68,21.942752879732,23.745251560419696,29.395973154362416
30859,Spanish-Primera-FEB,1363.4166666666667,528,156,201,54,68,20.435284017109282,27.548438359513476,27.813267813267814
71543,Hungarian-NBIA,1358.9666666666667,572,33,165,134,45,22.121741551796504,26.60845250067453,30.288372093023256
23762,German-Pro-A,1356.4833333333333,372,0,183,92,53,16.344296852038624,19.07874528498937,18.98158179848321
1792,French-Jeep-Elite,1350.0,600,19,123,209,41,31.495367483740537,28.177777777777777,37.85400175901495
80859,Finnish-Korisliiga,1348.85,713,110,278,75,46,23.135315072291668,34.87415205545465,30.654205607476637
28940,Finnish-Korisliiga,1344.5666666666666,684,163,259,63,52,18.001464273834756,34.77700374346134,23.565217391304348
48396,Spanish-ACB,1343.8333333333333,674,69,183,36,57,26.392516725772122,28.634503286617885,31.25975473801561
56692,Netherlands-DBL,1336.0,721,59,97,204,38,19.671820972049584,32.365269461077844,25.317577548005907
22381,Israeli-BSL,1336.0,565,110,232,49,54,24.004481019360945,28.622754491017965,32.396251673360105
33416,Spanish-Primera-FEB,1331.5666666666666,610,87,219,45,57,14.911301317780444,28.868250431822165,22.75395033860045
42396,Finnish-Korisliiga,1328.05,774,45,231,61,54,15.66475914797059,33.462595534806674,25.469556243550052
22581,Australian-NBL,1327.55,610,95,258,67,60,18.61835856707191,31.03461263229257,31.769991015274034
4162,Australian-NBL,1326.1666666666667,273,16,116,221,55,9.2801855557772,18.88148799798919,14.205607476635514
6561,Spanish-Primera-FEB,1323.3333333333333,581,78,169,58,57,15.97639167208365,26.780856423173805,22.34533702677747
8699,Italian-Lega-Basket-Serie-A,1319.0,419,114,179,21,56,25.71303302789363,22.2289613343442,30.792838874680307
58054,German-Pro-B,1317.9666666666667,577,92,252,146,46,19.286995304773384,32.38321657098055,27.965367965367964
42488,Hungarian-NBIA,1316.0,550,17,117,225,45,13.186303648055407,27.62917933130699,19.35810810810811
6200,Finnish-Korisliiga,1309.6333333333332,657,164,222,50,50,14.676324420679464,33.383389752857035,20.9375
21130,Netherlands-DBL,1305.0,503,19,120,137,36,22.055636599204284,23.877394636015325,29.76419213973799
52050,Cypriot-Division-A,1303.2333333333333,574,43,173,156,42,19.42088082347919,29.035475867713636,26.633744855967077
133377,Austrian-A-Bundesliga,1303.05,795,54,224,99,41,18.124345852622643,35.9771305782587,28.37837837837838
24185,Italian-Lega-Basket-Serie-A,1299.0,634,67,220,55,41,21.427153869083455,30.053887605850655,30.344827586206897
42315,Austrian-A-Bundesliga,1298.8833333333334,626,35,129,156,35,13.071754183104794,29.132716564228247,20.614754098360656
7464,German-Pro-A,1298.0,478,13,130,98,40,14.492835409977404,22.157164869029277,17.210084033613445
161635,Romanian-Divizia-A,1296.8666666666666,665,25,126,185,37,20.752854871703647,30.874415257286795,29.723643807574206
2282,Italian-Serie-A2-Basket,1296.0,718,40,102,124,41,16.831740852055802,30.37037037037037,24.421364985163205
131183,Canadian-Elite-Basketball-League,1293.2333333333333,539,42,157,117,46,16.428944183034996,26.44534371214269,26.6231647634584
43155,Latvian-LBL,1292.9,680,64,207,193,45,20.1902455130837,35.3933018794957,29.027169149868538
63967,Italian-Serie-A2-Basket,1289.0,347,40,183,113,55,4.7430498683851425,21.194724592707527,14.5
105350,VTB-United-League,1284.75,734,17,81,199,53,14.572834891762334,32.09963027826425,21.30111524163569
53201,Czech-NBL,1284.75,722,165,399,30,50,22.404040856467766,40.972951936174354,29.661016949152543
150706,Czech-NBL,1284.6333333333334,522,151,285,88,51,19.847053983216476,32.569604815900774,30.07936507936508
42087,Belgium-Scooore-League,1283.0,476,52,153,55,51,16.39093735213086,22.94621979734996,23.381294964028775
11443,Israeli-BSL,1282.0,560,84,210,72,50,27.26268895277418,28.89235569422777,34.6524064171123
30520,German-BBL,1270.7,597,130,199,61,57,28.221206581273282,31.06948925788935,33.58490566037736
56884,Spanish-ACB,1268.7666666666667,714,22,86,112,53,17.79687499078258,29.44591860862255,23.08402585410896
84615,Japanese-BLeague,1265.2333333333333,793,100,210,80,40,28.781627550004323,37.400216033933134,39.85171455050973
3787,Spanish-ACB,1263.95,566,8,74,46,58,16.699660801034565,21.962894101823647,19.52861952861953
118070,Romanian-Divizia-A,1262.4166666666667,671,26,130,207,49,17.329043622574726,32.76255858472506,26.25
52289,Lithuanian-LKL,1261.0166666666667,643,131,259,89,63,25.751869952955516,35.590330553389464,32.81705948372615
16617,Italian-Serie-A2-Basket,1260.0,734,21,118,152,36,20.127166318718317,32.53968253968254,27.469458987783597
25875,German-BBL,1259.2666666666667,446,34,158,115,65,15.695321810765199,23.918682831277465,21.19402985074627
65382,Estonian-Latvian-Basketball-League,1258.4666666666667,741,95,276,83,47,21.51166314846696,37.982730306722466,28.469184890656063
81535,Hungarian-NBIA,1256.0,570,34,101,151,46,14.558407098781204,27.261146496815286,21.831368993653673
108196,BNXT-League,1255.0,672,52,186,39,41,15.80533595144217,30.247011952191237,25.10843373493976
151840,Hungarian-NBIA,1255.0,631,101,187,57,36,18.705494328562146,31.10756972111554,26.477732793522268
3683,Netherlands-DBL,1250.0,669,28,164,88,37,19.63089782125011,30.368,24.96538081107814
106646,German-BBL,1248.2166666666667,476,79,148,108,57,27.847513511792812,25.98907775092465,34.71624266144814
6155,German-BBL,1247.1666666666667,591,130,151,30,58,15.742308285902794,28.929573700387543,22.717770034843205
120306,Italian-Serie-A2-Basket,1247.0,424,89,203,50,62,22.01910634059911,24.570970328789095,33.12406576980568
23208,French-LNB-Pro-B,1247.0,596,43,69,67,60,19.68683387222282,24.859663191659983,23.84737678855326
23761,Swiss-LNA,1246.0,662,69,206,57,31,19.74480468600026,31.910112359550563,29.615384615384617
23623,Turkish-TBL,1242.1166666666668,730,23,107,134,37,23.264847961178745,32.00987561554872,30.05128205128205
41357,French-NM1,1239.4,447,113,258,45,57,9.716048635523306,27.8521865418751,17.279596977329973
85123,Italian-Lega-Basket-Serie-A,1238.0,564,85,148,97,48,21.893602921386197,28.88529886914378,30.389363722697055
12594,Danish-Basketligaen,1235.2166666666667,574,71,156,47,50,16.800894139535185,27.460769365698326,25.034013605442176
3797,French-LNB-Pro-B,1235.0,717,134,263,50,44,20.89076288727661,37.70040485829959,22.872777017783857
30407,Turkish-TBL,1232.95,615,23,123,104,34,15.042255427593592,28.062776268299604,20.48695652173913
121597,Canadian-Elite-Basketball-League,1231.1833333333334,540,54,158,86,40,15.655381661233696,27.225839639371337,23.031536113936927
30348,Finnish-Korisliiga,1231.0166666666667,632,107,253,59,47,17.921572523264796,34.15063429956269,26.351490236382322
111148,Italian-Serie-A2-Basket,1231.0,521,93,180,67,55,8.464921250940971,27.977254264825344,21.367521367521366
25818,German-Pro-A,1230.9333333333334,444,22,129,90,47,12.029103083235412,22.25953206239168,20.030257186081695
152015,Serbian-KLS,1230.6833333333334,529,16,99,225,44,9.65239586153879,28.24447122872117,18.89468196037539
122030,BNXT-League,1230.0,557,26,118,70,37,19.760801395940835,25.073170731707318,24.261224489795918
84291,German-Pro-A,1228.7833333333333,735,25,150,153,46,19.714485200568205,34.603333921087255,28.695652173913043
5916,Slovakian-Extraliga,1227.3833333333334,639,93,200,52,44,13.8529159756822,32.06822101218038,20.866666666666667
42896,German-Pro-A,1227.3166666666666,503,34,119,247,36,22.336562608234313,29.430057442387866,28.960817717206133
44228,Slovakian-Extraliga,1226.5833333333333,514,30,81,136,49,15.749455097248338,24.816903322236566,21.034897713598074
121688,French-Jeep-Elite,1226.0,568,63,140,82,48,21.93109015034069,27.830342577487766,30.943396226415093
107324,Swedish-Basketligan,1223.2166666666667,601,177,321,50,42,18.9883551894951,37.573065551210604,28.698553948832036
155175,Lithuanian-LKL,1221.1333333333334,604,48,146,166,43,19.54675171068863,31.57722334443413,29.4140625
21727,Italian-Serie-A2-Basket,1221.0,364,144,209,14,43,29.14765761751037,23.947583947583947,29.915254237288135
27061,German-BBL,1219.5,496,13,101,156,65,22.383233543625614,25.125051250512506,28.88111888111888
139956,German-BBL,1218.3333333333333,445,66,134,72,55,16.083224236035658,23.540355677154583,25.57312252964427
57912,Italian-Lega-Basket-Serie-A,1218.0,627,27,85,83,35,27.374732124394328,26.995073891625616,35.369127516778526
121657,Czech-NBL,1216.45,810,25,121,137,41,13.45474028552985,35.94064696452793,22.833158447009446
22910,Italian-Serie-A2-Basket,1214.0666666666666,638,95,191,53,39,32.656808280256925,32.189336115534566,40.994475138121544
30539,German-BBL,1212.1333333333334,412,34,88,120,46,15.883924959909058,21.581784182158177,20.88888888888889
131568,Japanese-BLeague,1211.0,366,99,228,57,52,14.149169190562027,24.77291494632535,19.953379953379955
10059,French-Jeep-Elite,1211.0,490,118,152,66,55,20.04534754953221,27.283236994219653,29.069767441860463
3750,Argentinian-Liga-A,1209.9333333333334,674,99,173,29,43,16.764155295124468,32.23318089150917,19.768115942028984
31429,Lithuanian-LKL,1207.9333333333334,541,30,137,150,47,21.734606223740375,28.41216402671229,32.06963249516441
86764,Super-League-Basketball,1204.2666666666667,421,53,140,90,45,17.29105824315193,23.38352524357839,28.613756613756614
23339,French-Jeep-Elite,1201.0,432,142,287,54,62,12.33842386962673,30.47460449625312,19.22992299229923
73138,Austrian-A-Bundesliga,1198.1666666666667,410,33,131,133,37,8.285793419929096,23.602726387536514,14.351978171896317
80349,Kosovo-FBK,1198.15,747,67,135,227,41,22.662844544419393,39.26052664524475,29.33085501858736
9557,French-LNB-Pro-B,1196.0,539,57,126,105,40,24.936839359348074,27.65886287625418,32.1852970795569
89398,Greek-HEBA-A1,1195.0166666666667,639,20,119,121,44,18.47836640125032,30.091630521192172,27.17488789237668
80486,Danish-Basketligaen,1194.3333333333333,721,30,112,155,44,22.604354697209846,34.09433435668434,29.5295124037639
42397,Israeli-BSL,1194.0,722,97,200,64,37,25.850604324174732,36.28140703517588,34.02061855670103
133054,Swiss-LNA,1193.95,689,48,119,101,57,16.78363611885811,32.06164412245069,23.486238532110093
22430,Polish-OBL,1192.05,596,71,174,66,44,18.568508763275734,30.43496497630133,25.493171471927162
44076,Lithuanian-LKL,1191.5666666666666,322,88,185,45,55,15.648745007343082,21.48432036254791,21.748743718592966
121564,BNXT-League,1189.0,640,18,94,93,33,10.696950976848298,28.427249789739278,20.050251256281406
3925,German-BBL,1188.8166666666666,488,10,79,159,38,20.057560152360207,24.764121184931795,28.272425249169434
7526,French-Jeep-Elite,1188.0,313,168,214,37,49,23.168152079945585,24.646464646464647,29.49117341640706
108199,Hungarian-NBIA,1188.0,779,28,95,93,33,12.94361899091734,33.5016835016835,20.500544069640913
112970,Finnish-Korisliiga,1186.0333333333333,427,35,113,180,49,11.73113304486109,25.46302802057278,19.94910941475827
121667,German-Pro-A,1185.75,528,107,179,83,48,14.720874195560476,30.25932953826692,22.762762762762762
3896,Netherlands-DBL,1184.0,660,37,139,60,37,14.956399226637432,30.27027027027027,18.528896672504377
42843,Hungarian-NBIA,1179.0,647,69,149,74,39,24.091165573826643,31.857506361323153,32.45070422535211
88847,Hungarian-NBIA,1179.0,762,21,135,159,35,16.92250055624651,36.53944020356234,27.086614173228348
80367,Cypriot-Division-A,1178.0833333333333,503,21,116,165,32,11.939419895905708,27.332531654523592,19.423631123919307
83991,Italian-Serie-A2-Basket,1178.0,676,38,161,96,38,17.357738578797367,32.97113752122241,27.330960854092528
109339,Canadian-NBL,1177.0,425,97,135,47,55,16.193044771234085,23.925233644859812,22.99634591961023
10915,German-BBL,1174.8833333333334,540,98,186,78,58,18.801175718113594,30.709432142198512,28.15819209039548
5878,Slovakian-Extraliga,1173.2333333333333,638,119,183,84,37,14.714913860005055,34.91206636929284,21.266375545851528
15764,Turkish-BSL,1173.0666666666666,440,73,165,55,53,25.645524203569842,24.99431689020232,31.366635249764375
120959,Lithuanian-LKL,1172.0166666666667,684,71,226,64,44,29.240063978126116,35.66502182847229,41.17758784425451
139834,Hungarian-NBIA,1170.0,706,34,138,100,35,15.077426491000095,33.43589743589744,25.945945945945947
109306,German-Pro-A,1169.6833333333334,769,43,132,95,46,18.67824319893923,35.53098416950456,26.666666666666668
106698,Danish-Basketligaen,1169.5333333333333,725,22,125,162,38,9.615545938058526,35.364532862110245,17.607655502392344
53974,Finnish-Korisliiga,1169.4,637,78,209,37,42,18.1298034227762,32.87155806396442,22.37410071942446
12952,Belgium-Scooore-League,1169.0,564,24,150,111,37,26.029750725340897,29.050470487596236,31.580882352941178
132474,Puerto-Rican-BSN,1168.1,468,44,152,66,69,14.261848094034363,24.99785977227977,21.097345132743364
6883,National-Basketball-League-of-Japan,1168.0833333333333,663,101,308,45,52,22.198432969778594,38.2506955839338,29.545454545454547
24279,Hungarian-NBIA,1168.0,500,53,210,134,43,17.611652435131948,30.71917808219178,28.791002811621368
18952,German-BBL,1167.1666666666667,437,24,167,67,37,20.748081235838754,23.81836355847494,25.935727788279774
24203,Polish-OBL,1165.9,535,12,110,77,37,13.097244972403363,25.182262629728104,18.185255198487713
122260,Japanese-BLeague,1164.7666666666667,558,60,209,127,41,24.802889810952568,32.76192656612197,31.38738738738739
140315,Bosnian-BiH-Liga,1160.5333333333333,560,17,127,164,48,8.906677725547178,29.917279411764707,16.886543535620053
167664,British-BBL,1159.55,530,46,90,91,45,16.391032309635094,26.113578543400457,24.007670182166827
43240,German-BBL,1157.8666666666666,607,137,137,74,55,25.7506178098313,32.99170888991249,33.555811277330264
81488,Italian-Serie-A2-Basket,1156.0,594,20,65,52,35,18.07905903241968,25.294117647058822,26.251113089937668
81579,Belgium-Scooore-League,1152.0,544,21,97,121,51,22.84940482533521,27.1875,33.494228751311645
133958,Japanese-BLeague,1151.7,816,18,96,91,44,20.514822166484283,35.46062342623947,28.851674641148325
80907,Finnish-Korisliiga,1151.3666666666666,567,88,207,46,40,15.984585566057529,31.545120291827107,27.6049943246311
104937,Greek-HEBA-A1,1150.7333333333333,383,66,100,20,51,14.56467834352477,19.778691848676207,18.953662182361732
29858,Italian-Serie-A2-Basket,1150.0,658,5,83,100,34,20.15919234124433,29.42608695652174,28.289241622574956
4400,Israeli-BSL,1150.0,437,88,110,37,42,25.169222121925255,23.37391304347826,30.811244979919678
104357,BNXT-League,1148.0,711,16,97,117,40,15.7216260406592,32.78745644599303,22.282157676348547
177883,French-Jeep-Elite,1146.9,486,95,237,82,55,18.891674631104326,31.3889615485221,26.666666666666668
10348,Czech-NBL,1146.4166666666667,638,120,51,102,36,15.286362463886148,31.785999854619465,26.556836902800658
92187,Israeli-BSL,1146.0,515,28,106,158,37,19.51652710761989,28.167539267015705,27.069767441860463
104389,German-BBL,1144.45,570,25,89,207,37,11.524824847020161,31.141596400017473,19.164535379369138
139816,Super-League-Basketball,1144.4333333333334,464,39,183,83,37,10.77184151934627,26.877930853697606,19.611901681759377
89122,British-BBL,1144.3166666666666,459,66,174,187,33,20.77414284153126,30.970448156833047,27.03870387038704
24692,Belgium-Scooore-League,1144.0,586,22,123,196,34,12.517917466361471,32.41258741258741,23.509272467902996
97850,Italian-Lega-Basket-Serie-A,1144.0,488,71,157,99,39,27.221097430712817,28.496503496503497,35.37465309898242
140066,German-Pro-A,1139.7,490,5,87,135,34,13.623595646090227,25.164516978152143,19.929947460595447
134601,Super-League-Basketball,1138.1833333333334,483,24,94,235,37,19.768403165407815,29.38015258233149,29.767441860465116
9751,Spanish-Primera-FEB,1138.1499999999999,343,65,122,38,52,20.830449363582563,19.962219391117166,29.541088580576307
127829,BNXT-League,1135.0,664,41,127,113,40,9.166985959410715,33.30396475770925,15.012853470437017
134512,Austrian-A-Bundesliga,1134.9666666666667,309,133,153,46,34,19.242665728734377,22.590971834708803,24.150197628458496
92223,Puerto-Rican-BSN,1134.0833333333333,420,19,108,86,78,14.813718619653981,22.32640164596958,25.686653771760156
121473,Danish-Basketligaen,1134.0333333333333,781,30,136,147,36,10.86978805815871,38.58793098380412,19.125964010282775
28202,French-LNB-Pro-B,1134.0,512,110,188,46,45,25.84055077955411,30.19400352733686,32.31707317073171
24201,Turkish-BSL,1131.0833333333333,556,45,91,130,42,21.43048111110473,29.06947616591763,28.591304347826085
42634,Slovenian-SKL,1130.6833333333334,466,26,125,80,34,16.093127563231395,24.657655400126767,22.66187050359712
51977,Canadian-Elite-Basketball-League,1126.7,522,12,141,155,40,22.261005476913255,29.4665838288808,28.754448398576514
138334,Israeli-BSL,1126.0,569,23,90,232,49,18.60029989046857,32.46891651865009,28.62129144851658
10876,Italian-Serie-A2-Basket,1126.0,353,19,98,192,40,13.944298861584974,23.516873889875665,21.835748792270532
88547,Swedish-Basketligan,1125.3166666666666,614,30,139,191,37,15.780794812128907,34.62136583776419,25.37799043062201
42895,French-LNB-Pro-B,1124.0,371,53,150,88,36,21.49743826443641,23.558718861209965,30.74758135444151
80636,Belgium-Scooore-League,1122.0,393,34,138,33,60,16.141510329216306,21.319073083778967,25.47798066595059
117424,Japanese-BLeague,1121.1,648,169,261,61,35,31.950149078752567,40.638658460440645,42.048894062863795
42426,Netherlands-DBL,1121.0,513,20,91,71,38,16.06928239797462,24.7992863514719,27.133872416891286
19472,Slovakian-Extraliga,1120.8833333333332,543,177,238,34,38,18.861091660888565,35.40065127206222,28.288075560802834
22834,Italian-Serie-A2-Basket,1120.2666666666667,563,93,177,35,45,20.989870738217643,30.99262080457034,29.706717123935668
6428,Netherlands-DBL,1120.0,422,75,170,51,36,22.7695455546532,25.642857142857142,29.22339405560882
57901,British-BBL,1119.7333333333333,510,30,125,93,36,20.387808691872138,27.07787568468683,27.333333333333332
137009,Swiss-LNA,1119.0666666666666,590,9,137,120,32,14.624429145268387,30.596926009770048,23.3116036505867
28780,Polish-OBL,1118.4666666666667,488,119,172,43,57,16.645279746036948,29.39738928294689,23.57214934409687
58128,South-Korean-KBL,1118.3666666666666,814,63,155,195,51,24.346817858716246,43.88542815415338,36.004206098843326
131777,Finnish-Korisliiga,1118.1333333333334,468,47,70,127,34,12.485230688096076,25.471023133794418,18.767395626242546
132816,Turkish-TBL,1117.6166666666666,540,90,263,62,35,17.142340869583176,34.179876821211806,24.78723404255319
7555,Finnish-Korisliiga,1117.5833333333333,643,23,107,161,35,21.05867969448751,33.429274476176275,26.068821689259646
90403,Italian-Serie-A2-Basket,1117.0,468,95,146,51,35,11.55515528616329,27.21575649059982,18.869699616961228
20242,Mexican-LNBP,1116.2,820,78,142,117,30,12.860459057510127,41.46210356566923,20.606060606060606
9302,Italian-Serie-A2-Basket,1115.0333333333333,657,12,81,84,40,17.407399284656087,29.918388090042153,26.78038379530917
1667,Italian-Lega-Basket-Serie-A,1115.0,429,22,110,95,50,15.911032886935669,23.533632286995516,22.769701606732976
4073,Italian-Lega-Basket-Serie-A,1115.0,520,10,50,106,33,24.693240610386102,24.609865470852018,32.84584980237154
52125,French-LNB-Pro-B,1115.0,582,22,101,195,34,21.669123569870948,32.28699551569507,27.793594306049823
136928,Swedish-Basketligan,1114.6666666666667,603,69,169,45,43,15.775229950026429,31.79425837320574,25.05338078291815
131126,German-Pro-A,1114.5333333333333,538,65,157,61,52,16.973184555217145,29.46524703911951,24.0
28767,Spanish-ACB,1114.4333333333334,433,60,144,35,48,21.95713264128589,24.119881554153082,28.21802935010482
9214,Slovakian-Extraliga,1114.3,550,19,71,107,40,18.5696818150813,26.81504083280984,22.065009560229445
106866,BNXT-League,1113.6666666666667,516,59,153,58,48,22.129819271329037,28.23106854235259,28.885906040268456
107105,BNXT-League,1112.0,416,76,173,70,42,18.44137014314471,26.43884892086331,24.86787204450626
137218,Australian-NBL,1111.0,478,89,211,62,38,21.750535901409908,30.243024302430243,31.992409867172675
89523,Croatian-A-1-Liga,1110.9666666666667,419,52,210,56,36,11.949754980932925,26.5354496084491,19.27927927927928
80007,German-BBL,1110.15,648,96,191,78,49,20.61826093037091,36.49957212989236,27.246376811594203
23443,German-Pro-A,1109.9166666666667,443,57,217,27,50,13.023639377502963,26.812823785569485,23.900709219858157
48287,Swedish-Basketligan,1109.8166666666666,553,27,101,226,37,15.376972286054324,32.69008394779919,22.876404494382022
109715,Finnish-Korisliiga,1108.7666666666667,403,79,206,25,42,11.293761704688052,25.722273998136068,19.696969696969695
149133,Australian-NBL,1106.4833333333333,530,72,191,49,56,20.441794178377354,30.43877750832216,30.48205128205128
106805,Czech-NBL,1105.1333333333332,947,36,123,131,53,25.152533139515736,44.77287808409242,32.30142566191446
7406,Polish-OBL,1104.7333333333333,393,35,121,53,49,18.405671095601218,21.79711544264076,24.978317432784042
80638,Italian-Serie-A2-Basket,1104.0,554,47,206,53,33,19.362497474685295,31.159420289855074,27.335299901671583
139929,Swedish-Basketligan,1103.7833333333333,798,31,144,141,43,21.293341345644166,40.370241744303684,32.3046875
6124,Austrian-A-Bundesliga,1102.6666666666667,567,86,216,43,38,20.8756722065349,33.083434099153564,30.686695278969957
73141,South-Korean-KBL,1102.0166666666667,785,107,279,95,49,28.606424698013797,45.95211808653832,38.53617021276596
42354,Polish-OBL,1101.0,408,45,174,80,53,17.923709426230268,25.685740236148956,29.185185185185187
123170,Estonian-Latvian-Basketball-League,1099.0833333333333,457,64,147,68,44,7.300760211863065,26.785957995299114,20.245700245700245
44783,Slovenian-SKL,1098.8833333333334,480,99,223,73,39,21.2068350489757,31.850514916657815,32.986627043090635
57515,Spanish-Segunda-FEB,1098.2166666666667,609,21,112,58,39,19.221306649514595,29.13814820997678,30.677618069815196
23897,Argentinian-Liga-A,1096.7666666666667,460,67,174,23,42,21.499046549025497,26.404887092362397,30.19522776572668
42356,Swedish-Basketligan,1093.6333333333334,678,28,121,161,34,10.35184796769998,36.13642598067603,18.853868194842406
8205,Argentinian-Liga-A,1092.75,567,19,72,36,67,18.541962077907552,25.403797757950127,23.135888501742162
9384,Turkish-TBL,1092.3,531,20,93,79,32,21.736645986966284,26.47624279044219,27.82006920415225
121334,Czech-NBL,1091.2333333333333,696,30,168,99,40,18.08081681898018,36.399181354430766,24.446412754650133
2301,French-Jeep-Elite,1090.0,525,24,84,116,35,21.527159106774285,27.486238532110093,27.476923076923075
3908,Polish-OBL,1088.3666666666668,469,24,63,159,39,12.77115877925537,26.277908792992555,22.61510128913444
140285,Italian-Serie-A2-Basket,1088.0,604,19,111,88,32,18.643372500489505,30.220588235294116,25.607655502392344
23757,Spanish-Primera-FEB,1087.2,433,76,182,41,49,25.92359818762726,26.93156732891832,32.12276214833759
8070,Polish-OBL,1085.75,512,25,91,134,34,14.80949492393882,28.07276076444854,20.03780718336484
104411,Turkish-BSL,1085.3166666666666,535,132,243,33,46,24.732762058792183,34.75483345874476,33.78350063810739
3672,German-BBL,1083.4,449,20,81,67,56,18.057838789055754,22.78013660697803,23.91347099311701
57827,German-Pro-A,1082.85,404,48,103,58,52,13.686052778250998,22.643948838712657,23.340857787810382
4240,Mexican-LNBP,1082.8333333333333,510,11,63,76,37,10.239167400235775,24.38048329998461,15.177304964539006
121783,German-Pro-A,1082.4333333333334,404,61,181,221,38,18.71497120627281,32.038924645089764,25.107212475633528
42368,Belgium-Scooore-League,1082.0,570,57,218,32,42,28.154226356278148,32.42144177449168,34.29928741092637
23516,Italian-Lega-Basket-Serie-A,1081.0,570,30,85,120,37,24.801423546673362,29.78723404255319,28.57792946530148
56660,Polish-OBL,1078.55,518,75,168,56,46,15.85451036459587,30.299939733902,23.910614525139664
97552,German-BBL,1078.3,454,46,133,101,46,24.596626474452055,27.22804414355931,31.061643835616437
16081,Spanish-Primera-FEB,1078.2,539,13,62,23,44,26.27997068052656,23.631979224633646,29.70414201183432
121514,Chinese-CBA,1078.0,579,53,141,141,37,18.841589692940104,33.91465677179963,31.32641291810842
11588,Greek-HEBA-A1,1077.7,372,16,144,228,35,22.77285559264479,28.20822121184003,30.92093023255814
75725,Estonian-Latvian-Basketball-League,1077.4,485,69,207,43,41,14.131132485577591,29.84963801744941,20.9009009009009
42752,Spanish-Primera-FEB,1077.3666666666666,533,69,91,67,37,23.738401617779722,28.216948733021876,31.697341513292432
121535,German-Pro-A,1077.2666666666667,493,35,88,60,52,3.663621863985899,25.1005631536605,14.045801526717558
84935,Hungarian-NBIA,1077.0,449,119,315,95,35,23.61724985187107,36.32311977715877,29.940688018979834
152340,Greek-HEBA-A2,1076.85,522,71,148,51,38,18.925626864621808,29.419139155871292,21.19460500963391
106913,Slovakian-Extraliga,1076.6666666666667,484,70,186,55,39,17.32869207955964,29.535603715170275,27.350054525627044
24761,Adriatic-League-Liga-ABA,1076.2,321,40,104,102,46,14.91518091121989,21.074149786285076,24.009779951100246
5543,Australian-NBL,1075.7666666666667,633,9,50,103,30,18.54376736283939,29.56031357481486,27.006369426751593
23010,Spanish-Primera-FEB,1075.6166666666668,418,116,135,28,60,26.122310651857845,25.920014875187874,31.195652173913043
22195,Italian-Serie-A2-Basket,1075.4,433,100,167,43,35,24.261319471594664,27.63622838013762,29.95260663507109
24226,Turkish-TBL,1073.5833333333333,605,168,249,31,38,15.442212999767232,39.233097880928355,21.93724420190996
124250,Slovakian-Extraliga,1072.6166666666666,493,50,183,34,31,13.270773856702489,28.34190530944575,23.354037267080745
9572,Ukrainian-Superleague,1072.1166666666666,353,21,73,134,33,18.77654374981068,21.67674537907877,26.04732690622261
56963,Cypriot-Division-A,1071.2333333333333,414,21,91,49,31,11.560824616590788,21.470579083299622,20.497131931166347
1696,French-Jeep-Elite,1070.0,598,25,122,90,34,22.309500501410337,31.214953271028037,30.37690457097033
81083,Spanish-Primera-FEB,1069.4833333333333,675,13,72,147,34,23.240006885164924,33.92292228334554,32.667814113597245
81153,Belgium-Scooore-League,1068.0,512,38,170,33,36,26.528425794240025,28.202247191011235,39.78436657681941
2419,Ukrainian-Superleague,1066.6166666666666,520,23,116,107,43,22.006059719607734,28.726346547494416,26.720321931589538
121515,German-Pro-A,1066.55,508,35,164,70,36,14.95387182413069,29.140687262669356,21.906542056074766
137217,Australian-NBL,1066.2,502,22,157,152,42,14.938454269589336,31.251172387919713,28.13141683778234
118832,German-BBL,1065.9333333333334,562,45,188,93,34,18.296533968012398,33.32290950028144,28.92747701736466
58784,Swedish-Basketligan,1065.2666666666667,389,104,233,47,43,25.417759045565813,29.025596094874523,28.54901960784314
75510,Finnish-Korisliiga,1065.1666666666667,481,154,201,16,49,11.287264708421596,31.99499295884838,19.25311203319502
22629,Italian-Lega-Basket-Serie-A,1065.0,274,22,97,176,36,21.3778773148404,21.370892018779344,28.971477960242005
24297,Finnish-Korisliiga,1063.7666666666667,725,57,131,87,36,13.501956230649256,37.6022310657099,19.256360078277886
3692,Israeli-BSL,1063.0,463,73,147,106,31,20.778920747199013,29.689557855127,25.782901056676273
107216,German-BBL,1062.0333333333333,577,84,185,53,58,27.4517609537743,33.85957753993911,34.25614489003881
31122,Australian-NBL,1062.0,699,72,165,68,33,25.92912444084378,37.81544256120527,30.59469350411711
121872,German-Pro-A,1061.7166666666667,553,26,87,120,39,15.58627312216317,29.61242013719919,25.96385542168675
54486,Swedish-Basketligan,1060.2,501,75,208,92,40,9.300097906195328,33.05036785512167,23.964757709251103
11890,Turkish-TBL,1059.6333333333332,506,59,71,96,33,19.791547790083705,27.632199817546955,26.639260020554985
109437,Polish-OBL,1058.3666666666666,513,96,230,23,44,19.23618800867554,32.578501464520805,26.3125
24365,Polish-OBL,1058.0333333333333,479,21,96,96,34,18.32451632510753,26.16174663684194,23.354297693920337
12987,Australian-NBL,1057.0166666666667,476,157,135,30,52,23.513309924894017,30.198199334605256,26.313868613138688
8154,Italian-Serie-A2-Basket,1057.0,464,7,66,140,31,16.80471115343508,25.619678334910123,24.58259325044405
142529,Finnish-Korisliiga,1056.75,600,80,266,54,34,20.341290354023506,37.85190442394133,26.192017259978424
89961,Greek-HEBA-A2,1056.1333333333332,638,29,108,120,33,18.999824291557363,33.897235197576066,28.541882109617372
22614,Austrian-A-Bundesliga,1055.3,508,38,134,44,38,23.59066701699832,27.44243343125178,29.194312796208532
37821,German-BBL,1055.2333333333333,552,20,114,142,37,18.289090627222073,31.386423223931516,30.13953488372093
140319,Turkish-TBL,1054.1166666666668,621,31,160,155,32,19.39573901208638,36.694230556390025,31.25984251968504
109333,Slovakian-Extraliga,1053.35,466,15,101,108,37,15.417968130775163,26.20211705510989,27.314390467461045
127889,Romanian-Divizia-A,1053.0166666666667,568,28,138,105,33,16.012665789302197,31.870340767002737,27.570621468926554
83931,Israeli-BSL,1053.0,541,82,200,71,36,23.313154223902032,33.96011396011396,32.08530805687204
24724,German-BBL,1052.25,478,59,193,90,32,18.44780839873943,31.171299596103587,28.164383561643834
819,Italian-Lega-Basket-Serie-A,1052.0,488,67,167,19,39,23.075735983163103,28.174904942965778,31.439393939393938
80311,Italian-Lega-Basket-Serie-A,1052.0,391,37,115,44,38,24.33922654183013,22.319391634980988,33.22088353413655
23665,Polish-OBL,1051.7,577,33,83,129,30,18.575225115788847,31.26366834648664,26.341463414634145
95898,BNXT-League,1051.0,424,55,139,54,41,16.4209209554618,25.575642245480495,25.671077504725897
42561,French-LNB-Pro-B,1051.0,437,33,137,73,34,18.845391391040888,25.88011417697431,27.045454545454547
30750,German-Pro-A,1047.3833333333332,581,134,301,60,49,17.61827716711602,41.09288226214535,27.52556237218814
31153,Chinese-CBA,1046.7166666666667,728,197,341,74,35,28.77185136915181,51.207744852952885,37.874852420306965
148555,Italian-Serie-A2-Basket,1046.0,355,87,180,69,70,16.296634687359163,26.424474187380497,25.199516324062877
43139,French-LNB-Pro-B,1046.0,554,13,85,139,34,22.955918966776263,30.248565965583175,28.83116883116883
121706,Finnish-Korisliiga,1045.6,556,51,207,85,31,17.438158514267254,34.39173680183627,24.503441494591936
5135,Italian-Lega-Basket-Serie-A,1045.0,394,131,241,19,37,24.426751382921587,30.047846889952154,31.68831168831169
4368,French-Jeep-Elite,1045.0,471,14,58,128,33,28.313135356895412,25.68421052631579,36.72
104925,French-Jeep-Elite,1044.7166666666667,506,136,153,61,49,28.0384859440094,32.774436450074184,34.285714285714285
57374,Hungarian-NBIA,1044.0,568,14,96,193,33,18.651584305568562,33.371647509578544,26.67860340196956
18090,Lithuanian-LKL,1043.5666666666666,434,20,75,132,37,16.6122389723954,25.3361867952854,25.539257981018118
121587,British-BBL,1043.5,548,54,93,56,41,14.9901468609698,28.787733588883565,22.475247524752476
2151,Spanish-ACB,1043.0333333333333,433,47,74,43,46,20.636204588947436,22.894762072161324,29.17573872472784
89426,Mexican-LNBP,1042.4333333333334,419,45,111,18,56,17.4673788522967,22.75445272279602,25.0
56705,Estonian-KML,1041.9,493,89,175,53,49,23.821238552860144,31.097034264324787,30.54131054131054
30598,Slovenian-SKL,1041.0,469,21,71,135,33,14.014726331314337,26.743515850144092,21.186161449752884
132653,Spanish-Primera-FEB,1040.3833333333332,583,29,69,77,47,11.04418033124505,29.14310430450315,19.912357581069237
30549,German-BBL,1039.8,387,42,151,111,37,28.496891883296815,26.582035006732067,33.41486359360301
41474,Lithuanian-LKL,1039.7666666666667,583,85,127,41,56,14.585298610333842,32.16106177668067,25.34216335540839
121327,Lithuanian-LKL,1039.1666666666667,480,18,105,118,35,16.65291755817222,27.75300721732157,23.374340949033392
2259,Turkish-BSL,1039.0333333333333,516,23,82,132,30,20.974980990153647,28.988482884732605,27.78181818181818
184366,German-Pro-B,1039.0333333333333,495,50,101,153,39,10.73366931468801,30.759359661223574,18.48739495798319
3981,Italian-Serie-A2-Basket,1038.9666666666667,501,19,126,55,34,17.190457451240064,26.988353813083513,24.718657453109575
57286,Spanish-Primera-FEB,1038.8333333333333,323,65,137,32,58,10.839100658118317,21.44713621049254,19.846153846153847
105837,Swedish-Basketligan,1038.4833333333333,430,115,228,37,40,11.27388811278623,31.199345198927922,19.147180192572215
138231,BNXT-League,1038.0,436,70,174,63,54,15.272917167711103,28.63198458574181,23.35697399527187
80937,Hungarian-NBIA,1038.0,547,41,124,53,38,21.557540746934276,29.479768786127167,28.791666666666668
20647,Finnish-Korisliiga,1036.0333333333333,636,81,240,41,33,19.031071177222046,38.531578778031594,25.404255319148938
134872,Finnish-Korisliiga,1034.45,632,96,229,65,42,25.149433769018536,39.51858475518391,30.98515519568151
31560,Danish-Basketligaen,1034.2666666666667,512,21,78,184,33,19.355499810098635,30.74642258605131,24.06563354603464
148471,Spanish-Primera-FEB,1034.25,535,24,126,123,39,17.31759078456449,31.24969784868262,21.939058171745152
9947,National-Basketball-League-of-Japan,1034.1666666666667,679,50,197,48,37,8.838953714937462,37.67284448025785,18.818652849740932
56876,Hungarian-NBIA,1034.0,592,25,108,137,41,14.820426279435447,33.34622823984526,22.851063829787233
55326,VTB-United-League,1033.8333333333333,445,51,100,65,40,20.776219511695803,25.57472190875383,26.215384615384615
53889,BNXT-League,1033.1,550,73,215,44,41,27.6157367925996,34.14964669441487,34.24418604651163
24197,French-Jeep-Elite,1033.0,366,34,86,144,31,19.736553220295203,24.394966118102612,27.410161090458487
26602,Spanish-Primera-FEB,1032.1,564,144,143,18,42,18.26378194617455,33.67890708264704,24.93765586034913
108183,Australian-NBL,1030.6833333333334,742,10,110,227,29,24.929192946473822,42.263223427822965,35.641891891891895
105376,Turkish-BSL,1029.7166666666667,520,17,82,186,34,18.16774184595131,31.270737905249018,28.138195777351246
132446,Danish-Basketligaen,1029.0333333333333,557,22,118,37,36,18.74277666785007,28.531631628389103,25.502008032128515
9442,Italian-Serie-A2-Basket,1029.0,645,58,135,25,32,27.704594141784366,33.547133138969876,34.7047619047619
42333,Italian-Lega-Basket-Serie-A,1028.0,384,47,71,75,36,23.10524376512367,22.45136186770428,31.965255157437568
18944,Italian-Serie-A2-Basket,1028.0,302,35,82,114,37,23.720369002649033,20.739299610894943,29.773844641101277
24317,Hungarian-NBIA,1027.0,420,21,105,187,39,12.720866612350115,28.549172346640702,23.554274735830933
22423,Danish-Basketligaen,1024.7166666666667,462,110,235,22,48,11.485659685904215,32.360164598344255,15.372233400402415
24679,Japanese-BLeague,1023.9666666666667,463,132,236,168,31,28.980397833157088,39.02470783554152,37.82117163412128
166016,Finnish-Korisliiga,1023.0166666666667,450,146,223,78,32,20.080413998546884,35.07274237956371,29.448275862068964
80272,Swedish-Basketligan,1023.0,479,47,126,57,38,16.290626931065106,27.72238514173998,23.007518796992482
30527,Italian-Lega-Basket-Serie-A,1023.0,498,22,81,148,37,19.413690500387236,29.286412512218963,27.60280842527583
19157,German-Pro-A,1021.9,434,66,193,58,41,21.453237300804282,29.396222722379882,23.748645720476706
6475,German-BBL,1021.5166666666667,312,24,79,60,32,12.923517777818702,18.599794423324795,17.85945945945946
58950,Swiss-LNA,1021.0,437,98,191,24,30,18.76611390818143,29.382957884427032,23.317167798254122
152045,Hungarian-NBIA,1020.0,527,44,122,81,35,20.83358167279555,30.352941176470587,32.76220976781425
121665,French-LNB-Pro-B,1019.8166666666667,376,72,116,55,49,21.20463635461404,24.278873653761295,29.62121212121212
41275,British-BBL,1019.2666666666667,424,35,107,73,31,13.362876098624692,25.07685263915233,18.54922279792746
20509,Czech-NBL,1018.45,405,85,139,28,61,15.664940997092973,25.803917718101033,23.90992835209826
104364,Slovakian-Extraliga,1017.8333333333334,528,19,89,138,32,23.6671249051845,30.417553626985427,30.82758620689655
80306,Finnish-Korisliiga,1016.3333333333334,563,75,174,67,32,23.41718024534674,34.59494916366022,29.765625
74081,French-NM1,1016.3,513,34,94,53,32,10.621534381656005,27.31476926104497,18.584615384615386
122363,Finnish-Korisliiga,1015.1333333333333,283,43,95,55,38,7.9395465274781225,18.756156826689434,13.690932311621967
42748,Spanish-Primera-FEB,1014.1166666666667,365,23,104,90,39,21.91659456798432,22.955938665833976,27.621890547263682
88797,Finnish-Korisliiga,1013.3333333333334,566,68,210,61,38,14.787779274202741,35.723684210526315,23.953488372093023
27063,German-Pro-B,1012.7333333333333,405,0,149,79,48,7.064500179272051,25.001645711276414,18.81619937694704
107982,South-Korean-KBL,1010.4166666666666,504,57,140,112,54,20.77188738876653,32.18474226804124,31.79587831207066
117443,Finnish-Korisliiga,1010.0833333333334,450,83,140,53,41,16.0367230846889,28.750103126804717,22.087633226188462
133367,Hungarian-NBIA,1010.0,514,145,240,43,34,20.592443317532187,37.306930693069305,34.3859649122807
31761,German-Pro-A,1009.9833333333333,319,21,63,73,47,13.956804519164086,18.85179623426129,17.351154313487243
107888,Australian-NBL,1009.4,261,94,176,86,71,13.040046348186895,24.450168416881315,16.72354948805461
97848,Swiss-LNA,1009.1666666666666,600,16,115,126,30,20.27455344155686,33.968620974401325,29.02195608782435
134569,French-LNB-Pro-B,1009.0666666666666,647,82,208,75,34,17.3330997579542,40.116279069767444,25.348314606741575
86011,Chinese-CBA,1009.0,610,174,274,58,52,19.731923978711833,44.241823587710606,29.88179669030733
24207,Belgium-Scooore-League,1009.0,409,82,199,41,36,26.09508263438879,28.97918731417245,35.92938733125649
6811,Italian-Serie-A2-Basket,1008.95,428,52,107,141,40,23.97191375412038,28.861687893354475,33.68821292775665
132785,Turkish-TBL,1006.9166666666667,630,118,189,71,33,25.667428409783295,40.04303566994951,29.904963041182683
85452,Danish-Basketligaen,1005.2166666666667,453,78,156,46,38,18.46065486629953,29.16784109561786,25.619335347432024
22408,French-LNB-Pro-B,1005.0,570,88,155,37,36,25.722153269256047,33.830845771144276,33.03529411764706
140148,Hungarian-NBIA,1005.0,469,84,154,34,29,15.221238489529625,29.492537313432837,22.874493927125506
23338,Australian-NBL,1004.0666666666667,487,37,80,137,32,17.0399099804254,29.5199521944094,22.614718614718615
139958,Swedish-Basketligan,1003.4333333333334,570,14,124,113,32,13.885344656487424,32.72763511942331,20.642487046632123
31069,Italian-Serie-A2-Basket,1002.0,466,25,117,116,30,19.526094013698508,28.902195608782435,27.84552845528455
139919,Finnish-Korisliiga,1001.8333333333334,404,111,200,30,34,11.52035095473938,29.74546664448511,17.77777777777778
22940,Greek-HEBA-A1,1001.6166666666667,344,36,92,31,42,21.278393023555402,20.08752516764564,32.82051282051282
8162,French-LNB-Pro-B,1000.0,492,60,141,41,37,22.85926235047501,29.36,36.13319011815253
10498,Hungarian-NBIA,999.0,629,45,114,78,32,12.294172306018693,34.67467467467468,17.65886287625418
98009,German-Pro-A,998.3333333333334,508,120,181,36,56,22.83011257714999,33.85642737896494,31.44144144144144
57047,German-BBL,996.75,474,58,161,71,33,23.87246146504481,30.659643842488087,29.618055555555557
134199,Super-League-Basketball,996.6833333333333,425,98,201,88,37,19.56420821836856,32.588083811307506,28.26722338204593
107918,Canadian-Elite-Basketball-League,996.5166666666667,472,21,125,160,40,13.455617427764322,31.228780251208377,23.48968105065666
106706,Mexican-CIBACOPA,995.9666666666667,567,42,107,86,34,16.257327566863616,32.20991331704541,25.365853658536587
3999,Belgium-Scooore-League,995.0,346,80,203,15,57,22.982428846818713,25.889447236180903,26.266266266266268
8132,Belgium-Scooore-League,995.0,355,93,178,31,40,20.193838178041542,26.412060301507537,26.23931623931624
9372,Italian-Serie-A2-Basket,994.7166666666667,499,13,70,137,34,17.33771841357,28.912755726086154,25.564648117839607
80704,Italian-Serie-A2-Basket,994.0,301,25,96,114,29,16.29522154817413,21.569416498993963,23.136863136863138
88873,Turkish-TBL,993.6166666666667,542,49,150,65,30,16.767995240755237,32.447120787694786,24.721189591078065
32767,Lithuanian-LKL,993.5166666666667,421,28,191,82,38,18.61758351261679,29.068460519031724,30.344827586206897
15960,French-LNB-Pro-B,993.0,419,23,69,114,34,25.617906443448387,25.17623363544814,29.59830866807611
2331,German-BBL,992.9666666666667,431,10,61,97,31,18.592004157723018,24.129712309913053,25.5435847208619
140193,French-NM1,992.35,328,66,170,95,39,15.795188399807676,26.563208545372095,18.659058487874464
132440,BNXT-League,992.0,533,59,225,89,41,16.065394753300385,36.53225806451613,28.637532133676093
52080,German-BBL,990.8166666666667,429,15,92,125,37,19.92823000631512,26.68505778061868,29.145539906103288
42846,French-Jeep-Elite,988.0,414,45,120,19,34,25.36408231306526,24.210526315789473,31.509281678773203
107467,French-NM1,985.8166666666666,448,42,130,67,34,20.845534770339953,27.875365602123452,31.801470588235293
88865,Czech-NBL,985.5,619,23,98,252,44,20.207976435005232,40.26382546930492,31.17241379310345
92814,Mexican-CIBACOPA,985.2,398,44,155,65,29,19.38981126892574,26.87779131140885,29.255474452554743
85915,French-Jeep-Elite,985.0,505,6,46,201,34,24.996072870201367,30.781725888324875,35.80246913580247
4217,Israeli-BSL,985.0,455,92,144,57,39,26.277523438903064,30.375634517766496,31.501272264631044
57582,Italian-Lega-Basket-Serie-A,985.0,487,85,163,37,42,31.831643976113952,31.3502538071066,43.49075975359343
134479,Croatian-A-1-Liga,983.4166666666666,418,79,188,96,38,18.176442694064022,31.76679942377765,25.230166503428013
58260,Swiss-LNA,983.25,533,16,113,122,25,14.485824105146321,31.894228324434273,21.68396770472895
132470,Lithuanian-LKL,982.0833333333334,734,13,84,106,35,18.270758702216927,38.16376750106067,25.854483925549914
45031,French-LNB-Pro-B,981.0,463,16,85,187,34,20.207088512917313,30.621814475025484,31.67910447761194
3972,Italian-Serie-A2-Basket,981.0,476,44,150,24,28,22.99174912386071,28.297655453618756,25.76958525345622
23738,French-Jeep-Elite,980.0,494,30,95,27,39,21.66989045384866,26.367346938775512,29.10951893551689
131689,Puerto-Rican-BSN,979.9333333333334,471,22,70,64,42,16.02358711908403,25.593577794407782,24.016064257028113
122863,German-Pro-A,979.5333333333333,448,39,111,146,33,18.097628573940018,30.381814469475263,20.755082284607937
57017,Estonian-KML,978.8833333333333,456,80,184,141,35,15.237275284980077,35.18294655474776,27.54617414248021
3728,Polish-OBL,978.8,500,65,139,82,33,15.549235313357633,32.12096444626073,21.36933461909354
132311,Greek-HEBA-A2,978.6333333333333,465,44,188,31,33,19.237704743485303,29.755781872679588,24.973821989528794
2313,Turkish-BSL,978.3166666666667,406,16,40,100,41,18.423281588261208,22.978244944547605,26.96035242290749
21034,Polish-OBL,978.05,389,81,179,13,36,23.791198871761992,27.074280456009408,26.607669616519175
85800,Greek-HEBA-A1,977.3166666666666,414,60,120,67,33,18.827645181093402,27.05366735449104,29.743589743589745
122850,Finnish-Korisliiga,977.0833333333334,620,46,80,64,30,16.867887975996997,33.159914712153515,20.787037037037038
94711,Polish-OBL,976.9666666666667,369,39,150,39,52,25.05867703746051,24.443003855471016,32.870370370370374
109561,Swedish-Basketligan,976.1333333333333,366,63,151,52,33,15.38652542151117,25.89810135227428,21.92644483362522
23419,Italian-Serie-A2-Basket,976.0,519,28,91,33,32,24.197287557929208,27.5,30.782800441014334
151713,Italian-Serie-A2-Basket,976.0,424,17,104,84,32,18.55515697722563,25.778688524590162,27.4468085106383
135051,Greek-HEBA-A2,975.25,456,12,59,104,30,20.437177056484366,25.880543450397333,30.70567986230637
124325,BNXT-League,974.0,572,29,122,52,29,14.253604691215331,31.82751540041068,23.055900621118013
80999,Finnish-Korisliiga,971.55,594,33,139,48,33,16.582939408079582,33.51345787658896,21.575984990619137
31121,Hungarian-NBIA,970.0,480,38,105,110,32,21.508172042301844,30.22680412371134,29.263746505125816
56841,Spanish-Primera-FEB,969.7333333333333,359,55,116,44,47,19.42974357324056,23.676612127045235,31.047409040793827
124635,BNXT-League,967.0,544,29,87,155,29,16.531256679152953,33.71251292657704,26.38115631691649
120146,French-LNB-Pro-B,965.0,377,74,218,25,41,24.312399345711366,28.76683937823834,32.28971962616822
31407,Belgium-Scooore-League,964.0,454,61,155,18,35,21.57315875094466,28.547717842323653,24.425531914893618
42075,Australian-NBL,963.8666666666667,630,18,98,129,28,18.900648602604917,36.31207635910914,30.066100094428705
76444,BNXT-League,963.4666666666667,474,62,147,20,39,18.19789890211784,29.18627179629117,24.50946643717728
58529,Italian-Serie-A2-Basket,962.0,568,20,115,88,30,28.101080042268958,32.88981288981289,42.6802374893978
134286,German-BBL,961.1166666666667,432,31,59,110,32,18.81218652569806,26.30273813446165,27.223382045929018
22909,Estonian-KML,959.9666666666667,340,36,139,136,31,14.161330704259367,27.1259418729817,22.276422764227643
23432,Australian-NBL,959.55,464,26,83,109,30,19.042406777162753,28.42999322599135,24.4078431372549
5748,Italian-Serie-A2-Basket,958.0,382,19,81,73,29,17.64666598030113,23.173277661795407,25.906313645621182
23292,Slovakian-Extraliga,957.3333333333334,472,25,102,135,29,19.95343850626245,30.66852367688022,27.051546391752577
23299,Danish-Basketligaen,957.1333333333333,555,49,171,88,28,11.47929496306251,36.06603050776625,19.2235609103079
89402,Polish-OBL,957.0666666666666,564,30,121,80,29,23.77329323389808,33.22652549456674,33.42574257425743
49262,Spanish-Primera-FEB,957.0,408,12,75,120,40,21.387516758352238,25.705329153605014,28.336314847942756
4708,Italian-Lega-Basket-Serie-A,956.0,394,22,80,74,30,20.96607279278378,23.84937238493724,29.685314685314687
23883,German-BBL,954.5833333333334,463,22,86,88,36,20.612205001116628,27.614142295940635,27.635135135135137
109317,Belarusian-BPL,954.5666666666666,455,110,243,93,40,22.413698017032072,37.75535146838007,28.522483940042825
42284,Norwegian-BLNO,954.3,606,45,131,147,27,16.507871262429937,38.93953683328094,25.20276953511375
28854,Italian-Serie-A2-Basket,954.0,352,94,165,26,34,24.560879029878205,26.70859538784067,31.528822055137844
121280,Greek-HEBA-A1,953.8166666666666,349,63,163,33,37,15.726847879659656,25.49756242464485,28.587412587412587
23539,Belgium-Scooore-League,952.0,366,21,127,64,36,19.795180790954465,24.285714285714285,26.826758147512866
146078,Austrian-A-Bundesliga,951.7666666666667,547,25,104,126,30,16.72306577197909,33.70574020243057,24.020100502512562
9414,German-Pro-A,951.5333333333333,456,10,96,119,41,23.241834011371946,28.627478455825685,29.07083716651334
42335,Mexican-CIBACOPA,951.4166666666666,497,20,65,42,31,18.733342250624702,26.234562494525708,27.58169934640523
76274,Australian-NBL,950.1,390,49,159,46,40,18.202640035876072,27.112935480475738,26.510138740661688
50063,New-Zealand-NBL,949.7666666666667,490,82,257,92,32,14.088973820163853,38.78847436212403,18.271604938271604
134417,Australian-NBL,948.8,487,16,80,150,34,20.936051923563237,30.902192242833053,29.188224799286353
107332,Turkish-TBL,948.5166666666667,448,18,74,140,30,13.980322941494356,28.6763543076031,21.89031505250875
3715,Italian-Lega-Basket-Serie-A,948.0,487,8,58,51,45,31.770330431281533,25.485232067510548,35.80204778156997
56790,Turkish-TBL,947.65,451,88,212,32,28,25.243142505217886,33.05017675302063,28.6115992970123
1795,Italian-Lega-Basket-Serie-A,947.0,542,54,101,36,34,28.132369897093266,30.96092925026399,32.79693486590038
108191,French-LNB-Pro-B,947.0,524,72,129,51,58,20.81656939301269,32.777191129883846,31.125827814569536
58639,Belgium-Scooore-League,947.0,625,15,106,82,38,17.711523417298835,34.97360084477297,27.188723570869225
122228,Croatian-A-1-Liga,946.9833333333333,457,46,160,50,34,14.296121735443387,30.116686319716994,22.4
4205,Spanish-Primera-FEB,946.65,414,85,135,28,29,19.496656496953683,27.972323456398883,27.1356783919598
6800,Australian-NBL,945.9,383,90,142,22,49,20.363274085197965,26.937308383550057,28.398950131233597
79971,German-Pro-A,945.1833333333334,538,76,114,28,33,21.975218164354985,31.9937930912874,30.855085508550854
30626,Belgium-Scooore-League,945.0,630,8,50,129,39,17.597391159509222,34.58201058201058,23.886255924170616
5588,Turkish-TBL,944.5833333333334,581,45,82,53,30,22.380509275956875,32.22584913983238,26.218905472636816
24694,French-Jeep-Elite,944.0,502,17,93,109,35,24.320472696584943,30.550847457627118,34.27516158818098
22393,German-BBL,943.85,373,58,103,40,54,17.697809842653168,24.325899242464374,21.1144883485309
56695,Mexican-CIBACOPA,943.4666666666667,497,109,174,46,28,10.923663314666163,35.01978518937253,22.910216718266255
118875,Canadian-Elite-Basketball-League,942.8833333333333,662,42,159,91,28,23.287025307660887,40.47160306153112,34.713656387665196
30427,German-Pro-B,942.15,354,5,127,217,27,14.035805451579996,29.846627394788516,21.212744090441934
88702,Swedish-Basketligan,942.0666666666667,640,30,79,126,36,15.831174704471678,37.15236005944377,26.416666666666668
89112,French-LNB-Pro-B,942.0,441,55,153,50,43,24.257365425097518,29.681528662420384,29.011943539630835
81256,Spanish-Primera-FEB,941.0333333333333,323,119,211,29,57,15.292512096326723,28.98940880592257,22.372881355932204
24678,Belgium-Scooore-League,941.0,459,91,169,56,42,22.381947825398626,32.94367693942614,30.380761523046093
164780,Swedish-Basketligan,939.7,497,44,149,37,45,15.95277852172086,30.94604661062041,22.03023758099352
31787,Belgium-Scooore-League,938.0,444,54,106,46,31,19.575266302831782,27.718550106609808,28.961038961038962
42912,Ukrainian-Superleague,937.3,381,17,115,56,33,15.330323900668859,24.282513602901954,20.212201591511935
54854,Australian-NBL,936.2166666666667,493,15,97,64,37,15.590937969154435,28.58312712513129,21.85645933014354
169201,Italian-Serie-A2-Basket,936.0,265,40,119,37,63,8.297076816358214,19.700854700854702,17.65867418899859
117779,Swedish-Basketligan,935.9666666666667,491,65,184,43,33,25.380626756599355,33.46273015420777,35.747021081576534
80643,South-Korean-KBL,933.7,597,38,165,73,34,16.67439707545459,37.39959301702902,24.433872502378687
84965,Italian-Lega-Basket-Serie-A,933.0,326,84,184,40,30,23.595517405623113,27.181136120042872,33.789954337899545
140033,Italian-Serie-A2-Basket,933.0,560,105,190,57,30,21.995333990963417,39.09967845659164,27.45891276864728
80601,Italian-Serie-A2-Basket,933.0,484,77,189,37,29,21.36305974513015,33.740621650589496,30.50228310502283
57277,Polish-OBL,931.9,440,111,108,19,48,16.70963479769422,29.101834960832708,21.162079510703364
28759,German-BBL,931.8333333333334,454,56,138,39,34,29.194295814956615,29.490252191021284,31.925233644859812
104844,Danish-Basketligaen,929.9333333333334,474,26,78,57,33,19.560979129468727,27.31378593447559,23.782696177062373
140497,Italian-Serie-A2-Basket,929.0,347,124,225,40,33,22.85105161815152,31.68998923573735,34.64399574920298
5476,Czech-NBL,928.9833333333333,485,99,123,26,35,17.388416457306665,31.561384309011643,24.615384615384617
24216,Turkish-BSL,928.7333333333333,432,78,129,27,30,24.683397476693745,28.684229416409448,29.469623915139827
3649,Argentinian-Liga-A,927.1333333333333,353,39,163,29,33,16.46496168251719,25.195944488387145,25.29209621993127
32981,German-Pro-A,926.9166666666666,349,17,106,139,27,18.131047137795004,26.366987323563787,25.94863297431649
54339,Estonian-Latvian-Basketball-League,926.6333333333333,367,105,152,90,36,15.3924704098581,30.821252563041835,23.79591836734694
8327,German-BBL,926.1666666666667,436,49,107,50,50,27.62466612422375,27.727190930358105,33.940677966101696
52353,Belgium-Scooore-League,926.0,434,43,124,73,43,19.47387489675992,29.114470842332615,28.975124378109452
108569,Israeli-BSL,926.0,420,21,88,123,30,15.642978094703329,28.16414686825054,25.666666666666668
83916,Spanish-ACB,925.1166666666667,529,76,161,33,57,19.9657299946965,34.54699407281964,30.31645569620253
121650,French-Jeep-Elite,925.0,398,7,65,157,34,22.09778507685867,27.113513513513514,31.364764267990076
41479,Canadian-NBL,925.0,170,135,145,41,36,11.962789847418058,21.232432432432432,17.199124726477024
132319,Czech-NBL,924.9666666666667,440,16,130,132,27,11.171388393745605,31.04976755919132,19.17864476386037
139866,Turkish-TBL,924.25,393,70,149,50,33,19.324349073708362,28.650256965106845,27.420814479638008
93492,Kosovo-FBK,924.0166666666667,382,91,172,31,50,14.753822282920732,29.263541422413017,22.07792207792208
56659,German-BBL,922.4833333333333,409,36,125,65,44,22.13810899884388,27.5343727980632,30.412371134020617
10170,Mexican-CIBACOPA,921.6833333333334,580,64,125,94,33,19.22782060898803,37.45321061101969,28.928571428571427
24636,Australian-NBL,921.6333333333333,444,73,159,35,30,19.825302548513804,30.85825888820572,26.896551724137932
132172,Serbian-KLS,921.3,620,60,122,76,33,23.278906165848813,38.12004775860198,30.36144578313253
54343,Estonian-Latvian-Basketball-League,920.9,409,15,86,177,41,15.893491366831846,29.840373547616462,18.539018307888817
31815,Romanian-Divizia-A,920.7333333333333,391,68,116,80,26,23.32760025463932,28.455578886394903,26.100519930675908
152117,Spanish-Primera-FEB,920.2166666666667,450,11,49,93,33,19.83592526003701,26.21121837248474,27.673819742489272
6231,Turkish-BSL,919.6,315,70,163,26,30,19.95161619531204,24.967377120487168,25.86427656850192
102495,Adriatic-League-Liga-ABA,919.45,422,61,140,15,41,21.677744139806745,27.755723530371416,30.55
134887,Slovakian-Extraliga,919.2666666666667,427,97,182,42,33,18.00727381198159,32.547682935673365,21.784897025171624
86746,Cypriot-Division-A,918.3333333333334,457,87,249,39,41,19.12961826423937,36.23956442831216,30.755555555555556
137802,French-NM1,917.5666666666666,545,7,92,114,26,22.579067558116737,33.04392051440404,30.046082949308754
31848,Greek-HEBA-A1,915.8,363,82,181,16,46,29.86904668311368,28.041056999344836,31.42637328819818
10883,German-BBL,915.25,311,17,82,49,34,16.444855063185308,20.06009287080033,23.033175355450236
84058,Hungarian-NBIA,915.0,365,48,131,36,29,18.870475373306796,25.3551912568306,31.256384065372828
55255,Australian-NBL,914.7333333333333,314,17,80,93,47,13.007800238082421,22.039209970118797,19.60612691466083
122032,Finnish-Korisliiga,914.25,433,34,139,165,34,22.186589508112142,33.732567678424935,35.838751625487646
76397,German-Pro-A,914.2333333333333,402,31,123,48,39,14.465172323647188,26.42651401903234,24.572158365261814
57055,Danish-Basketligaen,914.1833333333333,305,94,209,48,38,11.65535709668077,28.703214162002517,22.1602787456446
121479,French-LNB-Pro-B,914.0,312,116,178,21,38,23.474181590164456,27.439824945295406,26.949494949494948
31001,Hungarian-NBIA,913.0,499,35,113,107,35,19.668705178674237,33.03395399780942,27.10172744721689
30741,German-BBL,912.9166666666667,399,61,159,70,31,20.420400183553213,30.188954815152897,26.358381502890172
17900,Slovakian-Extraliga,912.7333333333333,392,94,176,42,34,20.015793470599355,30.852384778321525,25.179856115107913
12551,Slovenian-SKL,907.3666666666667,397,39,182,46,32,19.25741328921015,29.271518313067116,30.15647226173542
9551,German-BBL,906.4333333333333,301,30,69,125,41,25.28537802622036,23.167726988563235,31.529411764705884
42829,French-LNB-Pro-B,906.0,369,20,59,127,34,17.373349693630324,25.386313465783665,29.081967213114755
2530,Italian-Lega-Basket-Serie-A,906.0,423,12,29,136,30,19.260752838284823,26.490066225165563,28.722466960352424
57635,Lithuanian-LKL,905.4,397,34,64,130,39,24.046317064831737,27.6121051468964,30.055493895671475
37841,Australian-NBL,904.9833333333333,258,20,58,170,53,15.269317910945755,22.36505276340264,22.417582417582416
151710,Romanian-Divizia-A,904.1166666666667,371,43,88,41,46,17.48797156976677,24.02344830128855,24.2838370565046
90007,French-LNB-Pro-B,904.0,312,60,87,50,34,18.50804301803779,22.52212389380531,28.7890625
42834,Estonian-KML,903.6166666666667,411,30,83,97,32,18.310002320897723,27.48953280336426,25.67081604426003
152664,Israeli-BSL,902.0,510,49,136,61,31,20.46133884066489,33.52549889135255,31.797603195739015
106836,German-Pro-A,901.55,472,35,122,95,37,23.591720886463595,32.12245577061727,30.21963058488057
57344,Israeli-BSL,901.0,200,41,110,77,49,16.472919130029187,19.00110987791343,24.26559356136821
107084,German-BBL,899.8,330,33,121,34,37,24.74782298134035,23.027339408757502,38.39643652561247
6773,Adriatic-League-Liga-ABA,899.0,506,16,82,141,31,18.561711820925087,33.14794215795328,25.93525179856115
20453,British-BBL,898.95,240,28,80,120,28,4.279424339257092,20.824295010845987,11.017369727047146
81273,Finnish-Korisliiga,898.7833333333333,385,71,199,56,33,20.144291648554923,31.642776345800804,28.16647919010124
12609,Israeli-BSL,898.0,221,14,57,125,36,21.63645267728043,18.574610244988865,27.990468625893566
89303,Canadian-NBL,898.0,431,24,116,126,30,19.769956102703862,31.046770601336302,27.630827783063747
43221,Estonian-KML,897.45,551,35,123,99,34,15.199134589167269,36.01314836481141,23.14009661835749
152042,Slovakian-Extraliga,897.1333333333333,679,17,86,34,29,15.098312921782535,36.38255183176042,24.87632508833922
132315,BNXT-League,897.0,489,53,139,36,32,20.694742867238656,31.97324414715719,28.189158016147637
28038,Estonian-KML,896.8,420,134,175,28,29,21.56269829845075,33.76449598572703,28.868360277136258
4814,Australian-NBL,896.5,394,12,53,89,28,22.209726796832573,24.45064138315672,28.793248945147678
22618,Italian-Serie-A2-Basket,896.0,490,65,135,33,28,27.49033085206163,32.276785714285715,34.07880724174654
56702,Italian-Lega-Basket-Serie-A,896.0,460,15,95,95,38,22.487229546301382,29.6875,32.638352638352636
19221,Slovakian-Extraliga,895.9833333333333,561,97,163,43,37,26.647718408274255,38.5721460592645,35.76470588235294
151839,British-BBL,895.0,439,81,129,81,33,17.910202974834174,32.625698324022345,29.042769857433807
131212,Italian-Lega-Basket-Serie-A,895.0,317,28,77,61,35,14.676103407085254,21.58659217877095,19.93220338983051
139835,Portuguese-LPB,894.6166666666667,624,12,83,84,29,17.8953245835367,35.90364588184884,31.28205128205128
9603,French-Jeep-Elite,894.0,374,17,74,105,30,19.234334128700905,25.503355704697988,25.022421524663677
24219,Belgium-Scooore-League,894.0,450,22,69,89,28,18.877905396173073,28.187919463087248,26.89175769612711
52343,Belgium-Scooore-League,894.0,452,18,98,153,32,18.566573453090633,32.25950782997763,28.107142857142858
81450,French-Jeep-Elite,894.0,437,96,166,39,45,24.687794336797957,33.02013422818792,30.60185185185185
42400,Finnish-Korisliiga,893.9666666666667,504,60,130,81,29,18.06768639474678,34.676908162123866,28.100558659217878
150492,German-Pro-A,893.1666666666666,392,27,48,41,42,19.459832295295566,22.75051315543945,24.6875
25772,Lithuanian-NKL,892.9833333333333,468,94,155,44,40,20.19188405820537,34.08798223184456,29.5364238410596
108201,Finnish-Korisliiga,892.6666666666666,587,34,128,102,27,10.305648896544499,38.13293502613891,20.507042253521128
121829,Slovakian-Extraliga,891.9833333333333,557,34,97,91,30,17.37463347802754,34.93338814252882,23.432343234323433
108202,BNXT-League,890.0,392,51,145,49,37,15.398086112425041,28.629213483146067,22.440599769319494
58261,German-BBL,889.4166666666666,418,10,57,93,34,16.16280406219234,25.994565726599834,24.026958719460826
9344,Italian-Lega-Basket-Serie-A,889.0,400,81,144,35,33,21.98352103320977,29.6962879640045,28.30258302583026
106880,Australian-NBL,888.0833333333334,307,95,130,48,55,29.03491867306765,26.123674580088203,38.48739495798319
140996,Serbian-KLS,888.0,433,23,81,139,29,18.94427086465203,30.45045045045045,29.7723292469352
18599,German-Pro-A,887.8333333333334,404,20,76,167,26,18.616337192870756,30.050685188661536,20.338266384778013
122301,German-Pro-A,887.7833333333333,305,21,38,38,48,11.421392397886809,18.11252745602343,14.844006568144499
121925,Swiss-LNA,887.0166666666667,403,87,112,32,32,22.457331411638368,28.59021814697206,27.357512953367877
17700,French-Jeep-Elite,886.0,423,26,112,58,30,23.374202643091373,27.945823927765236,31.38888888888889
6914,Latvian-LBL,885.3333333333334,422,82,166,35,47,19.29864544153876,31.852409638554217,23.884057971014492
24813,Spanish-ACB,885.3166666666667,302,27,101,20,53,13.508296049674087,20.3317080517329,23.078677309007983
9335,Italian-Serie-A2-Basket,884.9833333333333,394,29,101,48,29,28.798197650582956,25.853594229646507,33.00970873786408
85060,Austrian-A-Bundesliga,884.6,427,109,154,39,25,25.21452361145828,32.96405154872259,34.341252699784015
2361,Greek-HEBA-A1,884.3333333333334,367,29,90,31,34,19.097220463467526,23.384847342630984,19.818181818181817
107095,Slovenian-SKL,883.8833333333333,562,13,84,180,28,23.80086580362206,37.968811871853376,36.64845173041894
186799,Australian-NBL,883.8666666666667,397,97,123,73,64,16.75029491100914,31.226429325690148,27.25925925925926
118703,British-BBL,883.05,429,72,154,51,38,20.531060188426803,31.980069078761115,25.080091533180777
28846,Greek-HEBA-A1,882.4833333333333,335,40,110,57,26,18.390038301763294,24.567036204649757,22.980561555075592
132223,Spanish-Primera-FEB,881.7833333333333,388,68,169,27,43,21.75259564882557,29.576426559812504,21.38157894736842
107060,BNXT-League,881.35,344,20,72,63,34,17.95967532873635,22.64707550916208,20.420650095602294
120526,BNXT-League,881.0,473,81,176,26,40,16.09477135149231,34.324631101021566,24.106844741235392
120127,German-BBL,880.25,438,86,115,34,34,22.862549349528933,30.582220959954558,29.698630136986303
123682,Greek-HEBA-A2,878.4,493,32,161,48,29,14.042320869442465,33.42440801457195,19.83739837398374
132410,Finnish-Korisliiga,878.3333333333334,560,20,148,83,27,12.622526040302821,36.93358633776091,22.72855133614627
2540,National-Basketball-League-of-Japan,877.6833333333334,689,37,122,151,29,22.87293149872374,45.52894931733161,31.70418006430868
31367,German-Pro-A,877.1166666666667,540,18,121,83,46,15.954762774016453,34.75022326942444,26.125933831376734
7751,Italian-Lega-Basket-Serie-A,877.0,492,48,83,50,27,30.26237971879937,30.695553021664765,38.51508120649652
121927,Romanian-Divizia-A,876.25,429,16,91,42,30,17.797335369899947,26.385164051355208,29.65174129353234
50523,German-Pro-A,875.6833333333333,277,33,100,66,33,17.738085794821192,21.743019736967323,29.43620178041543
57647,Polish-OBL,875.3333333333334,350,29,57,87,41,16.555813401518314,23.8994668697639,26.498194945848375
11378,Hungarian-NBIA,875.0,493,86,217,27,39,22.79369063031748,37.62285714285714,31.058823529411764
2507,Ukrainian-Superleague,874.1,348,69,192,57,31,19.316839367480753,30.47706212103878,25.811051693404636
23248,National-Basketball-League-of-Japan,874.0333333333333,440,119,212,33,41,21.633877654855457,36.794935357156476,30.902857142857144
3707,French-LNB-Pro-B,874.0,433,83,178,40,32,20.591459442124943,33.59267734553776,30.774840474020056
80077,Spanish-Primera-FEB,872.6833333333334,417,102,169,28,41,18.59580631724923,32.818318977865204,23.909643788010424
7353,Greek-HEBA-A1,872.2333333333333,290,21,90,94,33,19.862455211930385,22.700347766270493,27.153284671532848
58239,VTB-United-League,872.0,318,13,62,189,27,24.074726492198383,26.69724770642202,34.04255319148936
109320,Spanish-Primera-FEB,872.0,299,73,147,31,46,25.02466809825127,25.229357798165136,31.149927219796215
1783,French-Jeep-Elite,871.0,374,37,121,77,30,37.57588616262391,27.96785304247991,47.10706150341686
85679,Italian-Serie-A2-Basket,871.0,543,17,96,48,29,22.890732025287807,32.330654420206656,29.515488482922954
26603,Hungarian-NBIA,871.0,452,11,57,101,30,14.34004312393977,28.51894374282434,20.320675105485233
121784,German-Pro-A,870.55,412,54,153,79,42,29.123554718820305,32.07167882373213,35.72446555819477
23326,Swedish-Basketligan,870.2833333333333,344,86,159,30,48,8.10506652534935,28.45050462493058,14.87603305785124
121315,Italian-Serie-A2-Basket,870.0,421,35,127,88,27,16.22569057538825,30.850574712643677,21.636661211129297
120144,Austrian-A-Bundesliga,869.9666666666667,367,34,88,66,34,17.204400547226506,25.51821908885398,26.367713004484305
152339,Romanian-Divizia-A,869.95,539,34,97,70,34,14.133548914260833,34.02494396229668,21.953028430160693
24276,Spanish-ACB,868.7333333333333,338,50,89,34,44,18.9828206431308,23.528508940219478,27.93713163064833
81090,French-Jeep-Elite,868.0,512,22,92,58,32,22.96726592225255,31.52073732718894,31.62112932604736
42612,Spanish-Primera-FEB,867.3,375,22,71,48,33,17.518758200061182,23.7979937737807,27.660455486542443
87289,Puerto-Rican-BSN,866.9833333333333,157,24,65,130,53,9.334797245917313,17.347507641438703,17.96690307328605
121632,German-BBL,866.1166666666667,461,12,62,158,32,19.54001774261577,32.00492620316739,27.11385701676964
87939,German-BBL,865.5333333333333,320,59,130,20,43,23.77711296728397,24.44735423245783,30.26086956521739
120285,Polish-OBL,864.5833333333334,453,50,126,31,43,25.088947704737077,30.534939759036142,34.60966542750929
80246,Finnish-Korisliiga,864.1833333333333,403,82,148,54,34,12.549398574003392,31.798808123276313,22.582056892778994
80835,Polish-OBL,862.3166666666667,286,15,84,91,33,12.75799527358835,22.080055664005876,17.72151898734177
107319,Puerto-Rican-BSN,862.25,395,20,61,55,48,19.745016391058936,24.63322702232531,27.969052224371374
42297,Adriatic-League-Liga-ABA,861.85,442,101,159,12,43,22.128788904561425,33.13801705633231,27.323943661971832
109560,German-BBL,861.75,524,28,96,185,36,18.74267798730853,38.6655062373078,26.19607843137255
132181,Finnish-Korisliiga,861.7,440,65,132,43,30,18.171163525953375,31.565510038296388,26.01769911504425
117785,Greek-HEBA-A1,861.35,273,74,141,28,34,16.208372339129014,23.962384628780402,23.94904458598726
5659,Belgium-Scooore-League,861.0,423,19,66,58,29,20.524625509377906,26.29500580720093,28.232890704800816
52842,Slovenian-SKL,860.1166666666667,315,8,65,119,29,3.598085195424209,23.578196756253995,16.551724137931036
42311,Turkish-BSL,859.7833333333333,308,54,154,89,27,24.35281728511572,28.1466260879679,36.72278338945006
44259,Bosnian-BiH-Liga,859.2666666666667,482,75,132,33,34,19.446623079139226,33.61005508573202,32.71966527196653
84461,Slovakian-Extraliga,858.2666666666667,430,18,51,138,25,23.966861908224676,29.687742737299985,29.747634069400632
31550,Danish-Basketligaen,858.1,322,27,93,63,28,20.73188089747937,23.540379909101503,26.121164437450826
1709,Italian-Lega-Basket-Serie-A,857.0,391,17,55,15,30,16.091091364903324,22.310385064177364,21.770623742454728
3869,Israeli-BSL,857.0,327,51,120,37,33,20.392807636514515,24.970828471411902,27.83300198807157
83986,Serbian-KLS,856.7833333333333,402,16,60,59,30,12.60514933057802,25.07051568852491,18.402860548271754
31237,Turkish-TBL,856.2166666666667,359,103,197,51,34,15.500466566959254,33.16917446907909,23.967774420946625
89089,New-Zealand-NBL,855.85,428,91,211,105,26,23.26337875198056,39.02553017468014,34.3231441048035
27699,Spanish-ACB,855.55,404,85,137,16,55,21.832490774041872,30.01577932324236,32.93333333333333
109297,Greek-HEBA-A2,855.3,455,18,74,137,24,16.0852314786868,31.988775868116452,25.8455522971652
51976,Turkish-TBL,854.6333333333333,313,117,154,43,29,16.405561727091353,29.345918327547878,21.812297734627833
56881,Greek-HEBA-A1,853.8666666666667,350,96,130,39,28,16.7049082910998,28.810118675827606,23.36322869955157
44559,Israeli-BSL,853.0,345,28,159,76,53,25.39607992700142,28.511137162954277,39.15863277826468
59516,Swiss-LNA,852.7,382,36,96,27,28,20.383507487202266,25.378210390524217,27.4375
84036,Turkish-TBL,852.5333333333333,348,94,202,24,28,21.31731513304673,31.34188301532687,20.895522388059703
31664,French-Jeep-Elite,852.0,248,39,76,52,36,24.767336793800634,19.483568075117372,30.359712230215827
58079,Polish-OBL,851.8166666666667,466,27,120,156,31,24.104503422454513,36.111056761040125,30.346020761245676
88722,Danish-Basketligaen,851.3666666666667,355,99,148,34,29,17.69717932510196,29.881367213499864,24.67762326169406
107670,Czech-NBL,850.05,417,52,153,63,30,10.871010045016275,32.233398035409685,22.336182336182336
81534,Canadian-NBL,850.0,520,76,157,49,27,20.45542179817327,37.741176470588236,30.993788819875775
9734,Israeli-BSL,850.0,446,28,80,106,23,18.055306668527436,31.058823529411764,25.82278481012658
80513,German-BBL,849.9666666666667,394,51,143,74,34,27.143921103096243,31.154162908349345,39.686800894854585
31209,Swedish-Basketligan,849.3833333333333,317,35,113,56,30,18.452000659640454,24.535447285285404,25.57029177718833
26301,Canadian-NBL,849.0,338,15,141,63,40,14.348346839926094,26.24263839811543,20.977995110024448
7129,Turkish-TBL,848.8666666666667,518,44,131,61,31,19.20967194323726,35.52972590905521,29.058064516129033
121683,Finnish-Korisliiga,848.85,476,44,136,52,36,18.97707209090047,33.362784944336454,31.566265060240966
121329,Finnish-Korisliiga,847.7833333333333,521,95,170,31,31,9.554101108435521,38.54758487821181,18.615751789976134
33244,Danish-Basketligaen,847.65,368,22,70,153,36,15.201956262539976,28.927033563381112,23.343465045592705
3577,Lithuanian-LKL,847.4833333333333,534,28,102,139,39,20.981365907002314,37.90045035300596,28.860103626943005
139760,Israeli-BSL,847.0,451,57,110,67,28,24.854435728431305,32.349468713105075,35.50925925925926
9072,French-Jeep-Elite,847.0,271,55,118,42,46,14.676515738332686,22.95159386068477,23.2821341956346
107273,German-Pro-A,845.65,448,29,106,171,36,24.00037794534922,35.66487317448117,31.276190476190475
106947,Finnish-Korisliiga,845.55,510,46,151,52,27,23.06339665820351,35.90562355863048,38.54060415849353
2306,German-BBL,845.4833333333333,310,27,83,47,29,12.904248484269132,22.093871355634843,20.05946481665015
28837,Spanish-Primera-FEB,845.2,421,44,88,38,32,26.710786387070986,27.969711310932322,29.916765755053508
26330,Finnish-Korisliiga,845.1,441,26,150,31,26,13.204070917441738,30.670926517571885,22.26086956521739
148465,Serbian-KLS,845.0,397,20,61,130,30,16.357965301688264,28.781065088757398,22.013170272812793
123803,Serbian-KLS,844.0,411,66,94,22,30,14.966594051381017,28.104265402843602,21.91377497371188
26751,Bulgarian-NBL,844.0,581,9,70,128,30,18.12256310449484,37.345971563981045,24.528301886792452
8528,Australian-NBL,843.1,300,39,71,50,52,16.03381261897764,21.82422013995967,19.774011299435028
81582,Netherlands-DBL,842.0,399,36,121,50,27,17.36275727835961,28.788598574821854,28.53994490358127
43174,Swedish-Basketligan,841.6666666666666,579,33,111,78,29,23.61726753590792,38.067326732673266,31.727272727272727
23413,French-Jeep-Elite,841.0,304,24,62,111,33,21.425307773806132,23.828775267538646,30.793374019180472
140556,Romanian-Divizia-A,840.5333333333333,297,45,85,41,39,26.661724308402587,22.271573604060915,30.165208940719143
120122,German-BBL,839.45,349,41,123,32,36,17.820877922471226,25.969384716183214,27.09046454767726
20693,Spanish-Primera-FEB,838.2833333333333,451,25,74,49,27,20.5713596932198,28.582221603674178,30.61682242990654
89397,Italian-Serie-A2-Basket,837.0,426,89,146,59,33,20.06328546864047,34.40860215053763,34.95798319327731
26660,Venezuelan-SLB,836.85,471,56,128,70,32,23.945248653326093,34.65376112803967,33.78378378378378
76742,Swedish-Basketligan,836.1833333333333,451,11,110,81,27,19.58047923036751,31.237168882422118,25.226666666666667
161721,Turkish-TBL,836.0833333333334,352,59,176,14,35,20.495824063723294,28.753114721419315,29.440715883668904
3681,Italian-Lega-Basket-Serie-A,836.0,360,25,92,38,27,23.00870313287854,24.641148325358852,28.17356205852674
88817,Australian-NBL,835.6,394,44,116,50,30,22.163543652878854,28.913355672570606,30.16835016835017
18548,French-LNB-Pro-B,835.0,400,51,128,60,32,20.771518667951565,30.610778443113773,28.084326306141154
24672,Hungarian-NBIA,835.0,428,23,86,102,29,15.20999210911898,30.610778443113773,26.502202643171806
135848,Romanian-Divizia-A,834.7166666666667,420,36,93,65,36,11.18842882064087,29.423157558452967,18.54014598540146
81536,German-Pro-A,834.6833333333333,335,68,159,86,29,13.250409736923052,31.053693017311957,18.832684824902724
80765,Italian-Serie-A2-Basket,834.0,392,12,90,144,29,18.01382942689958,30.599520383693047,29.058064516129033
107556,French-Jeep-Elite,834.0,359,18,60,53,29,22.66369991612447,23.501199040767386,29.38095238095238
58887,Spanish-Segunda-FEB,833.9333333333334,434,82,170,49,32,23.65941507206766,35.25461667599328,30.503919372900334
31744,German-Pro-A,833.8666666666667,424,0,166,74,28,22.24572528432595,31.85161496642149,31.635150166852057
79983,Finnish-Korisliiga,833.4333333333333,461,29,112,171,36,19.253860539572038,37.099548054233495,28.72359963269054
22609,Spanish-Primera-FEB,833.3,325,53,110,43,38,24.771427649362085,25.48901956078243,32.02392821535394
3956,Italian-Lega-Basket-Serie-A,832.0,306,38,96,36,31,20.307808150457234,22.884615384615383,24.14839797639123
142040,Serbian-KLS,831.1666666666666,484,6,59,133,29,18.661273481571705,32.821335472227794,27.83974862529458
9462,Belgium-Scooore-League,831.0,385,56,113,42,28,17.62501876445056,28.688327316486163,24.777327935222672
3565,Spanish-ACB,829.5333333333333,318,12,48,25,33,21.350013085123134,19.43261271397573,23.98018166804294
44238,Finnish-Korisliiga,829.3166666666666,459,61,144,29,31,22.689377526708792,33.42510902550293,30.815217391304348
81200,Italian-Serie-A2-Basket,829.0,392,98,200,19,24,19.78879000263621,34.209891435464414,28.279883381924197
30566,French-LNB-Pro-B,829.0,351,87,123,17,50,14.05324717691197,27.889022919179734,22.53846153846154
58211,German-Pro-A,828.7833333333333,398,13,69,86,26,16.59885727137159,27.31715164799807,22.943650126156435
124336,Finnish-Korisliiga,827.4166666666666,279,54,129,24,32,8.065330329586164,23.49481317353208,17.49019607843137
9368,Finnish-Korisliiga,826.8,386,16,72,116,29,19.101712942180647,28.543783260764393,27.547974413646056
107279,French-LNB-Pro-B,826.8,343,63,153,49,34,22.076637928629342,29.41461054668602,35.80952380952381
122364,German-Pro-A,826.7666666666667,429,43,129,52,32,23.5946051391668,31.59295246542757,34.177215189873415
141723,Austrian-A-Bundesliga,826.7,334,66,164,24,36,14.97043825726942,28.45046570702794,26.958904109589042
22645,German-Pro-A,826.5666666666666,394,43,110,27,32,19.227808154204087,27.777553736339076,27.695390781563127
9341,Italian-Lega-Basket-Serie-A,826.0,363,45,155,27,28,22.508528599019236,28.571428571428573,32.17486338797814
2206,French-Jeep-Elite,826.0,350,27,55,65,26,17.30432137118723,24.06779661016949,22.446535500427714
86760,German-Pro-A,825.15,309,21,73,56,31,11.139937361619952,22.250499909107436,21.946902654867255
41399,German-Pro-A,824.2166666666667,512,13,51,118,28,13.810833693368965,33.680464279214604,25.075757575757574
52555,Canadian-NBL,823.0,559,33,164,119,25,16.655151380961435,42.5273390036452,26.29861982434128
8532,Australian-NBL,822.4333333333334,210,70,85,32,60,19.71256095817483,19.308555911320067,27.657784011220198
139878,German-Pro-A,822.0666666666667,503,72,98,76,33,23.8127833387588,36.44473278728408,30.56558363417569
24256,Australian-NBL,821.6833333333333,400,47,108,41,27,23.993417300775643,29.013610271596928,31.721739130434784
118830,Austrian-A-Bundesliga,821.6,455,51,120,132,25,17.107917056726947,36.90360272638753,25.566556655665565
41316,Polish-OBL,821.5166666666667,368,33,86,129,31,18.295450766883338,29.99330506583352,27.735321528424976
23510,German-Pro-A,821.5,414,4,193,36,29,18.82121810164466,31.50334753499696,23.882544861337685
103161,German-Pro-A,821.15,434,22,103,49,43,16.720191880219254,29.617000548011934,23.852364475201846
108771,BNXT-League,821.0,216,70,123,36,53,10.230043400484332,21.680876979293544,17.53475440222428
89323,Polish-OBL,820.3,456,34,102,48,26,28.33681185769468,31.208094599536757,37.40412979351032
124505,Austrian-A-Bundesliga,820.2666666666667,410,19,120,30,30,12.892380465138848,28.234720416124837,21.58458244111349
106503,Turkish-TBL,820.05,449,20,119,124,27,15.36853181978365,34.729589659167125,25.672316384180792
120539,Italian-Lega-Basket-Serie-A,820.0,264,23,95,24,30,19.73391995131385,19.804878048780488,26.03116406966086
108151,Turkish-BSL,818.9333333333333,417,19,89,33,29,19.611907599711202,27.25496580918268,30.66271018793274
42741,Ukrainian-Superleague,817.2833333333333,448,45,148,51,34,19.47411331759934,33.868303525909006,30.558096980786825
132397,German-Pro-A,816.9666666666667,416,28,93,138,27,18.899411403775833,33.04908400995553,28.286604361370717
30752,Spanish-ACB,816.6666666666666,443,28,72,82,31,15.569901987202808,30.612244897959187,23.152789005658853
31272,Australian-NBL,816.4333333333334,357,11,59,55,28,21.632893197228928,23.61491038255828,27.96694214876033
23360,German-Pro-A,815.4833333333333,463,0,129,61,28,10.293987394369221,32.03008440801978,19.10761154855643
28758,German-BBL,815.0666666666666,330,78,125,38,34,23.90600387608374,28.02224766890234,28.58044164037855
151224,BNXT-League,815.0,308,55,139,45,38,20.741216006095293,26.846625766871167,27.751724137931035
106478,German-BBL,814.85,303,41,102,25,51,21.254454981005505,23.120819782782107,32.01157742402315
6235,Turkish-BSL,814.0,324,24,74,65,29,23.040184687217543,23.93120393120393,32.22506393861892
155162,Super-League-Basketball,813.6833333333334,480,31,140,44,30,23.602156918807825,34.16562544806538,33.87033398821218
42581,Lithuanian-LKL,813.55,349,12,41,90,38,22.42720205299764,24.190277180259358,29.11111111111111
150670,Finnish-Korisliiga,813.4833333333333,521,16,60,105,26,18.25929796343635,34.51822409801471,27.286527514231498
89393,Georgian-Super-Liga,813.05,406,32,102,174,25,8.906466511574344,35.12699095996556,19.045161290322582
139112,BNXT-League,813.0,353,29,125,42,42,11.4943274060342,27.011070110701105,19.187702908633142
71582,German-Pro-A,812.6166666666667,402,21,94,98,30,20.374525886794792,30.27257624546219,30.10989010989011
84065,Turkish-TBL,812.0,408,50,153,32,26,17.043876466268454,31.67487684729064,24.80243161094225
133560,Slovakian-Extraliga,812.0,393,31,123,40,27,15.946458546082548,28.91625615763547,23.94904458598726
5800,Spanish-Primera-FEB,811.7333333333333,320,65,133,12,34,26.68819951433715,26.116951379763467,34.57627118644068
23712,Swedish-Basketligan,811.2166666666667,389,67,116,51,31,19.54226514896666,30.71928995541676,27.178871548619448
117911,Slovakian-Extraliga,810.9833333333333,450,87,184,38,31,17.55269983631508,37.43603444378224,27.48603351955307
134651,German-BBL,810.7833333333333,399,84,91,30,32,22.508833898773435,29.798343166073963,29.201970443349754
85091,German-Pro-A,810.0333333333333,351,41,101,58,27,21.85220167262464,27.208756841282252,29.166666666666668
56796,Australian-NBL,809.2833333333333,258,29,95,69,28,18.65497605633027,22.29132771793974,23.743119266055047
81029,Luxembourg-Total-League,808.8,493,75,230,43,22,26.06472969840049,41.59248269040554,33.68421052631579
132161,German-BBL,808.5666666666666,477,25,119,108,34,18.408927260323562,36.06381663025106,31.879964695498675
31371,Spanish-Primera-FEB,807.85,282,7,48,35,40,17.649306931164304,18.419261001423532,24.74460839954597
9345,Australian-NBL,807.5166666666667,536,22,107,73,27,23.060669249942933,36.556521021237955,30.59613769941226
83911,Italian-Serie-A2-Basket,807.0,535,53,111,47,26,19.95764959714482,36.97645600991326,28.923076923076923
58245,Belgium-Scooore-League,807.0,239,33,59,45,31,17.41321346053524,18.636926889714992,26.444444444444443
4210,Hungarian-NBIA,807.0,419,59,96,66,29,21.09702211123779,31.722428748451055,27.532023911187018
152037,French-LNB-Pro-B,806.9166666666666,320,69,159,82,38,22.121006474328635,31.22999070535991,31.44736842105263
85337,Netherlands-DBL,806.8833333333333,528,89,132,57,26,29.4235677747407,39.95621010885506,36.7891156462585
31536,German-Pro-B,806.8333333333334,415,43,111,86,26,15.121029416594281,32.47262962197893,20.948275862068964
109976,Austrian-A-Bundesliga,806.6166666666667,474,68,97,35,26,14.417145631823528,33.423559311527576,21.30841121495327
24815,Polish-OBL,806.2833333333333,204,16,45,116,36,2.5794989166002598,18.901544122206836,11.497005988023952
121948,Romanian-Divizia-A,805.4499999999999,344,22,74,143,23,20.061646998541367,28.95275932708424,29.09433962264151
85388,German-Pro-A,805.3333333333334,482,27,135,74,26,16.227391363135983,35.662251655629134,22.424969987995198
10766,Australian-NBL,805.2833333333333,274,46,99,31,44,15.810495852299098,22.352381149491897,22.300109529025193
88795,Estonian-Latvian-Basketball-League,804.9666666666667,572,17,87,84,27,11.245494923031366,37.76553894571204,16.869565217391305
44306,Italian-Serie-A2-Basket,804.9,474,24,81,47,26,28.50622850952402,31.109454590632378,32.0
31859,Polish-OBL,804.7,342,25,76,30,34,13.342795239257114,23.511867776811233,22.496644295302012
132190,Greek-HEBA-A1,804.4,281,51,123,36,27,21.050690166188325,24.415713575335655,31.175898931000972
44083,Ukrainian-Superleague,804.25,425,38,127,67,26,13.695417686068756,32.67640658999068,23.989145183175033
18367,Hungarian-NBIA,804.0,284,13,59,72,31,21.43761709781674,21.29353233830846,23.645833333333332
9307,Italian-Lega-Basket-Serie-A,804.0,316,30,102,25,30,21.07428463756551,23.53233830845771,29.9601593625498
97827,Finnish-Korisliiga,803.9166666666666,395,54,149,34,29,18.62990246011908,31.44604540271587,24.05298013245033
81518,Spanish-ACB,803.9,389,47,101,16,40,34.645313780560286,27.51586018161463,46.515013648771614
89012,Ukrainian-Superleague,803.4333333333334,488,36,78,106,29,23.520258198101672,35.24872422520018,32.51700680272109
54856,Australian-NBL,803.0833333333334,430,89,134,46,56,10.14254254851867,34.81581405001556,21.93548387096774
52202,Bulgarian-NBL,803.0,455,81,238,41,34,21.664375182967074,40.59775840597759,35.016111707841034
22660,Finnish-Korisliiga,802.3666666666667,388,61,132,25,27,17.413297042631747,30.21062689543434,25.661914460285132
57588,Spanish-Primera-FEB,802.35,357,12,45,22,34,15.137336291051405,21.736150059201098,19.379310344827587
30056,German-BBL,802.15,335,55,150,30,49,20.878648834404476,28.423611543975568,30.467502850627138
22543,Belgium-Scooore-League,802.0,372,55,175,59,32,21.72981417471154,32.96758104738154,28.943089430894307
139773,Slovenian-SKL,801.7833333333333,352,19,85,120,23,12.47602257978864,28.735942794187956,18.049261083743843
97486,French-NM1,801.5166666666667,299,54,124,51,41,15.289052413150145,26.350044706909816,23.448275862068964
151744,Lithuanian-LKL,801.2166666666667,402,16,33,42,30,12.566839558760382,24.612568385580264,17.856440511307767
39793,Spanish-Primera-FEB,801.0,411,84,192,35,41,16.575254356758546,36.05493133583021,23.980095572844675
5630,Israeli-BSL,801.0,379,87,168,14,30,18.120887141793325,32.359550561797754,25.603543743078628
6598,French-LNB-Pro-B,800.0,474,48,107,38,23,19.216687642556046,33.35,22.926829268292682
42853,Hungarian-NBIA,799.0,410,57,138,43,45,27.152065292179714,32.44055068836045,37.08571428571429
53920,Estonian-Latvian-Basketball-League,798.4166666666666,250,52,110,56,36,11.195893194812351,23.44640434192673,17.05426356589147
4223,Turkish-TBL,798.0,407,69,143,37,28,28.435379968181195,32.88220551378446,36.61691542288557
10004,Puerto-Rican-BSN,796.7666666666667,283,55,115,36,37,7.501057690696186,24.54921976320964,17.5609756097561
169185,Finnish-Korisliiga,796.45,408,126,200,140,42,23.11663703614184,43.89478310000627,32.847682119205295
9392,Puerto-Rican-BSN,796.0166666666667,350,56,119,53,27,25.622992962564123,29.0446179937606,31.468710089399746
17524,Icelandic-Dominos-League,795.1833333333334,571,93,131,95,24,27.270151407796302,44.76954999895202,35.23447401774398
85904,Polish-OBL,795.1833333333333,363,12,53,104,24,13.185181830595713,26.761124269036493,21.649717514124294
88495,Adriatic-League-Liga-ABA,794.6666666666666,467,82,152,44,36,17.91357833354819,37.5,26.812227074235807
72587,British-BBL,794.65,341,20,90,60,29,11.416606126857802,25.722015981878815,18.727272727272727
28803,German-Pro-A,794.6,324,0,204,28,29,15.666037645927432,27.98892524540649,18.381877022653722
1773,Italian-Lega-Basket-Serie-A,794.0,294,15,80,45,30,15.958756522493639,21.8639798488665,24.554112554112553
28801,Hungarian-NBIA,793.0,393,19,88,137,25,17.57020800101568,32.131147540983605,25.40983606557377
28985,German-Pro-A,792.9666666666667,366,0,202,21,33,10.54504521220518,29.711211063937114,16.463414634146343
140844,German-Pro-A,792.4666666666667,426,15,28,66,31,18.21237935600118,27.004290401278706,23.340122199592667
3678,Australian-NBL,792.25,333,93,135,32,28,27.73212054109582,29.940044177974123,29.33911159263272
30948,German-Pro-A,792.2333333333333,287,58,91,68,25,21.402339186286397,25.44704842849329,27.49756572541383
31751,Puerto-Rican-BSN,792.1166666666667,372,11,55,60,50,17.05819876450324,25.147810718118123,28.10477657935285
20174,Czech-NBL,792.0166666666667,249,102,96,35,37,16.47530605547124,24.342922076555627,27.45697896749522
24284,Italian-Serie-A2-Basket,792.0,427,16,93,67,24,18.267833657164488,30.454545454545453,24.137022397891965
107291,German-Pro-A,791.5666666666667,414,71,100,57,30,31.981192931327406,32.441992672758666,38.82990249187432
122009,Portuguese-LPB,789.7166666666667,371,30,114,112,23,18.572369731249882,31.758225523922082,25.458422174840084
111930,German-Pro-A,789.6333333333333,400,46,104,34,33,16.329258897742843,29.583350922369032,27.857142857142858
8638,German-BBL,789.6,366,47,133,60,25,25.56579397074716,30.699088145896656,29.33078393881453
50483,Spanish-ACB,789.35,279,8,65,57,34,25.916563113189454,20.725913726483814,35.72649572649573
3641,German-BBL,789.0666666666667,362,11,58,93,24,21.55961142960354,26.563028050016896,29.21212121212121
30403,Austrian-A-Bundesliga,788.95,316,13,56,72,36,18.53770031180573,23.170036123962227,26.746268656716417
22444,German-Pro-B,788.7,387,28,87,83,22,10.609190283085148,29.669075694180297,17.365491651205936
85321,Turkish-TBL,788.2166666666667,381,13,72,126,26,13.736220051494389,30.04250100437697,21.233019853709507
9425,Slovenian-SKL,788.0833333333334,306,11,48,90,29,13.949667982185272,23.0940044411547,18.70967741935484
131074,Mexican-LNBP,787.4333333333334,536,35,113,101,23,15.970203636896239,39.87639165220336,26.781750924784216
134817,Swedish-Basketligan,787.2833333333333,311,33,125,20,40,17.31044407866787,24.844930880453884,29.034749034749034
9336,German-Pro-A,787.1166666666667,380,21,70,124,27,12.802108631312475,30.236940733055242,20.282752120640904
24157,Italian-Lega-Basket-Serie-A,787.0,333,28,78,24,31,16.581221336468168,23.532401524777637,21.682905225863596
42277,Belgium-Scooore-League,787.0,397,50,145,51,37,22.065560024772203,32.681067344345614,30.626003210272874
42954,Italian-Lega-Basket-Serie-A,786.0,353,42,102,46,32,27.217865466312773,27.633587786259543,40.11916583912612
42951,Spanish-Primera-FEB,785.1,381,14,53,85,26,16.46091482977536,27.15577633422494,28.55160450997398
59515,Turkish-TBL,784.9,365,114,184,41,24,16.034488942721552,35.877181806599566,22.17948717948718
106702,German-Pro-A,784.1666666666666,378,8,67,61,27,17.796907110502588,26.218916046758768,24.716157205240176
106984,Cypriot-Division-A,783.8833333333333,446,73,218,22,30,23.57308869303001,38.73025322645802,38.530884808013354
150687,Danish-Basketligaen,783.5666666666667,525,78,185,33,33,20.88429277885508,41.910920151444245,28.400412796697626
89084,German-Pro-A,782.9166666666666,454,89,191,18,37,24.623391070929948,38.42043640234167,31.461412151067325
109332,Romanian-Divizia-A,781.8666666666667,466,25,77,97,26,13.183985793987382,34.02114597544338,19.977851605758584
132280,British-BBL,781.2166666666667,271,28,94,50,35,16.745138594718473,22.68256778955902,23.97608370702541
97402,Cypriot-Division-A,780.85,499,23,86,94,21,11.065322466472809,35.960811935711085,22.3240589198036
42485,Brazilian-NBB,780.8,271,43,109,35,36,21.01917204721226,23.463114754098363,25.41176470588235
134180,Cypriot-Division-A,780.7666666666667,445,10,56,113,20,16.353139822616875,31.96857789352346,25.510428100987927
24710,Spanish-Primera-FEB,780.15,389,59,99,16,34,29.0865010786835,28.866243671088895,37.44394618834081
88727,Italian-Lega-Basket-Serie-A,780.0,305,13,88,105,26,21.750622163166927,26.205128205128204,33.481254781943385
97691,Israeli-BSL,779.0,353,94,164,9,26,23.62204464270966,31.83568677792041,26.968973747016708
157813,BNXT-League,779.0,335,65,137,35,37,26.212170464096918,29.37098844672657,32.97232250300842
30529,German-Pro-A,778.5666666666666,362,21,118,73,26,14.877117487263723,29.49008862439526,28.087535680304473
104936,Czech-NBL,778.0333333333333,492,100,112,10,51,19.843565027505523,36.707938820101965,27.215601300108343
140004,BNXT-League,778.0,428,62,84,23,24,14.440841803980895,30.69408740359897,25.987261146496817
85119,Hungarian-NBIA,778.0,442,37,105,43,22,16.782126992196996,32.23650385604113,25.857294994675186
135350,Canadian-Elite-Basketball-League,777.6666666666666,582,25,81,119,25,20.72137043298652,41.50878696956708,29.463414634146343
85945,German-Pro-A,777.4833333333333,432,17,95,175,24,16.707418761592557,36.99114664837403,23.645320197044335
6592,Italian-Serie-A2-Basket,777.25,395,25,72,70,22,18.654253729063452,28.922483113541333,26.438941076003417
6679,German-BBL,777.15,329,36,92,56,25,13.105105189748345,26.404169079328316,20.88077336197637
22436,Slovenian-SKL,776.3166666666667,431,38,78,46,24,13.06157976743845,30.55454174628051,17.014634146341464
119421,Spanish-Primera-FEB,775.7333333333333,345,43,76,27,30,19.934377530135528,25.317978686833964,28.082474226804123
90837,German-BBL,775.4,363,73,123,41,33,30.48901018849191,30.951766830023214,36.33879781420765
80546,Polish-OBL,774.5333333333333,479,27,62,159,27,19.74038328034806,37.545188500602514,25.728314238952535
24345,Spanish-ACB,772.6333333333333,358,6,70,150,33,19.865267841755678,30.234263773243022,22.69170579029734
80675,German-Pro-A,772.0,373,27,79,40,38,17.699571088460157,26.89119170984456,27.59259259259259
54439,Bosnian-BiH-Liga,771.95,366,20,115,28,31,19.658328781739524,27.41110175529503,24.92997198879552
24714,Australian-NBL,770.6833333333333,340,43,112,35,53,16.934017951822984,27.508055621634483,26.25414364640884
112877,Swedish-Basketligan,770.2833333333333,490,64,156,54,30,22.91265113797831,39.6737131358591,31.98707592891761
121634,Portuguese-LPB,770.1333333333333,380,60,149,58,24,19.083081067815954,33.60457063711912,26.61354581673307
25012,German-Pro-A,770.1166666666667,290,0,57,80,27,7.791339018083749,22.178457809422813,11.08433734939759
22521,Australian-NBL,769.6833333333333,430,19,76,92,28,19.672410391795616,32.06513501223447,28.779123951537745
1771,German-BBL,769.4,286,23,53,29,37,21.87288310447285,20.327527943852353,25.898174831892412
140280,Greek-HEBA-A2,768.5333333333333,512,16,68,85,23,23.273889264006378,35.4441360166551,31.25725338491296
6562,Italian-Serie-A2-Basket,767.0,348,55,167,39,25,19.975660337400377,31.760104302477185,28.37121212121212
141530,Greek-HEBA-A2,765.4666666666667,297,16,42,41,27,18.90198760647308,20.69325901410904,27.60299625468165
81699,British-BBL,765.0166666666667,440,23,82,116,26,17.613037578528363,34.56133853292957,25.714285714285715
24267,Italian-Lega-Basket-Serie-A,765.0,390,59,139,46,30,23.66440916948561,33.150326797385624,31.966351209253418
44573,Italian-Serie-A2-Basket,765.0,319,14,103,35,25,18.290903955025303,24.627450980392158,28.470588235294116
134779,Danish-Basketligaen,762.7833333333333,333,101,110,43,33,8.67890033360959,30.782004501059717,15.334685598377282
5787,Italian-Serie-A2-Basket,762.7333333333333,446,86,202,35,26,25.735051790289436,40.328642601171225,32.43147656940761
7052,Australian-NBL,762.65,321,12,58,33,24,22.43657035951812,22.238248213466203,28.508098891730604
132179,German-Pro-A,762.35,416,17,46,40,28,12.552721463103852,27.231586541614742,20.054102795311092
57187,Finnish-Korisliiga,761.9833333333333,330,24,93,70,28,19.610115453830463,27.13970121831186,26.878097125867196
151266,Polish-OBL,761.95,209,9,66,31,34,12.859671387992975,16.536518144235185,20.38800705467372
24633,Euroleague,761.6833333333334,259,8,49,119,29,25.574855316209362,22.844139077919518,33.687600644122384
22375,Slovakian-Extraliga,761.3166666666667,391,54,107,70,23,21.971777129718078,32.680225048709474,26.092184368737474
129707,Polish-OBL,761.2666666666667,376,15,63,112,29,5.968206830920711,29.739907172256764,14.49056603773585
23185,Latvian-LBL,761.2166666666667,260,10,53,85,26,16.69128867443853,21.439362424189344,25.745745745745747
4508,Finnish-Korisliiga,761.0666666666667,295,57,100,34,26,15.472754979022097,25.54309740714786,22.846153846153847
22540,Hungarian-NBIA,761.0,352,17,68,130,23,19.00141569702772,29.802890932982915,30.0
28818,French-Jeep-Elite,761.0,321,45,97,30,40,18.767440704081636,25.913272010512483,32.262602579132476
104348,Super-League-Basketball,760.4833333333333,307,35,69,59,30,19.415665702581464,24.72112034013456,31.35913591359136
81166,German-Pro-A,760.1333333333333,274,28,52,136,31,18.660549381826588,25.78495000877039,24.903357070193287
21201,Israeli-BSL,760.0,343,49,119,40,46,28.59868035944521,29.0,33.98392652123995
44722,Adriatic-League-Liga-ABA,760.0,285,15,77,51,26,22.84310758939981,22.526315789473685,29.91304347826087
17799,Swiss-LNA,760.0,418,28,112,38,21,17.50649686817171,31.36842105263158,24.901758014477767
21603,Netherlands-DBL,759.0,433,27,101,58,28,22.866359155770347,32.621870882740446,30.22443890274314
18590,Ukrainian-Superleague,758.6166666666667,420,52,109,39,27,26.187776845895556,32.69108245270998,35.25222551928783
7459,German-Pro-A,758.55,304,0,157,74,25,20.28123755941879,28.21171972842924,26.511627906976745
132351,Greek-HEBA-A2,758.3166666666667,288,56,83,37,30,15.03755061495117,24.475263192597637,19.672131147540984
10686,Spanish-Primera-FEB,758.25,256,70,110,27,35,12.077602192653064,24.42466205077481,21.9672131147541
4241,Belgium-Scooore-League,758.0,338,69,101,36,30,17.82379018750163,28.70712401055409,24.07045009784736
2216,Italian-Lega-Basket-Serie-A,758.0,227,15,55,36,30,18.637368988562788,17.572559366754618,26.617238183503243
22461,Turkish-TBL,757.9166666666666,345,26,48,90,25,25.375073657170624,26.8631115997801,34.24028268551237
142258,New-Zealand-NBL,757.8166666666666,278,31,57,63,26,13.634437358547913,22.643999208251778,24.694533762057876
2272,Italian-Serie-A2-Basket,757.0,376,15,67,95,24,18.826518261181608,29.220607661822985,26.328125
88992,Israeli-BSL,757.0,255,64,84,55,29,26.722998007272253,24.200792602377806,34.95920217588395
109233,Danish-Basketligaen,756.4,277,36,89,117,31,11.191866836624888,27.445795875198307,23.106796116504853
42810,Lithuanian-LKL,756.2833333333333,342,47,97,50,25,19.742199445721912,28.349163673226524,28.372569089048106
84312,Finnish-Korisliiga,755.1833333333334,418,91,225,43,25,23.962097243449815,41.155569287810906,32.52336448598131
118364,Hungarian-NBIA,755.0,347,72,168,33,45,20.354021722691723,32.847682119205295,25.243619489559165
26729,Italian-Lega-Basket-Serie-A,754.0,344,25,48,84,23,18.905554400662357,26.578249336870027,27.033333333333335
88840,Slovakian-Extraliga,753.6833333333333,424,46,99,33,26,17.531426681694295,31.949757855863428,24.513274336283185
31423,Spanish-Primera-FEB,753.5166666666667,284,45,118,59,30,23.466008454061893,26.86071973634735,34.42590775269873
3984,German-BBL,753.1166666666667,312,13,86,54,28,14.826212936197813,24.697368712240245,16.919917864476385
120106,Kosovo-FBK,752.6833333333333,325,30,83,38,35,12.071501190464568,25.296162618188262,19.327354260089685
24723,Lithuanian-LKL,752.4833333333333,277,8,84,75,38,21.74264899410953,23.601851646769585,29.73421926910299
42552,Finnish-Korisliiga,752.3333333333334,410,53,109,61,27,20.842633214693134,33.655294638901196,29.408341416100875
45257,Canadian-NBL,752.0,295,33,72,53,32,14.145785076883257,24.095744680851062,23.072870939420543
57404,Netherlands-DBL,752.0,325,55,140,30,30,22.073853772277523,29.25531914893617,33.84960718294052
106879,Lithuanian-LKL,751.85,314,9,80,105,30,17.45523544484781,27.02666755336836,28.06573957016435
106899,Austrian-A-Bundesliga,750.7,533,21,148,80,24,20.051478442628305,41.66777674170773,28.53012048192771
53029,German-BBL,750.5,264,23,106,53,50,17.981399234636054,23.770819453697534,29.825581395348838
30506,Belgium-Scooore-League,750.0,269,46,72,39,33,16.812428720563293,22.72,25.502538071065988
17254,Austrian-A-Bundesliga,749.5833333333334,340,32,95,31,30,20.715115812794895,26.574763757643133,27.393364928909953
107170,Danish-Basketligaen,749.55,329,68,113,37,31,20.497744290682405,29.190847842038558,30.15463917525773
83918,Argentinian-Liga-A,749.1333333333333,347,36,105,23,28,11.60903483683059,27.284862507786777,18.042959427207638
44739,French-LNB-Pro-B,749.0,284,35,133,80,34,21.715706440155753,28.411214953271028,27.447513812154696
45413,Czech-NBL,748.9333333333334,548,29,125,111,40,20.965221974027003,43.42175538543706,33.06005719733079
81866,Czech-NBL,748.2833333333333,388,24,100,103,28,11.648312632996635,32.875247789384595,19.45736434108527
167253,Cypriot-Division-A,748.1,513,12,135,123,19,18.41126975434292,41.86606068707392,26.980728051391864
89968,Belgium-Scooore-League,748.0,365,24,111,35,27,17.33268506028129,28.609625668449198,26.832814122533748
106939,Finnish-Korisliiga,747.7,320,27,103,78,26,25.98959162930608,28.246622977129864,34.71451876019576
31203,Italian-Serie-A2-Basket,747.0,385,50,89,31,25,33.867886234320444,29.718875502008032,39.28170594837262
58235,German-Pro-A,746.0833333333334,322,49,112,32,33,23.381705118001946,27.610856696079527,29.916897506925206
139908,British-BBL,745.95,333,41,160,82,27,16.337232514477044,33.031704537837655,26.85
23036,Spanish-Primera-FEB,745.4833333333333,297,18,75,36,29,19.146411680733753,22.857653871090342,29.585798816568047
3746,Swedish-Basketligan,745.0166666666667,266,49,166,12,34,11.761651494173776,26.469206505447307,17.239436619718308
79870,Belgium-Scooore-League,744.0,371,33,107,35,27,13.4911739189834,29.35483870967742,22.89628180039139
120953,Italian-Serie-A2-Basket,743.0,185,17,76,28,41,12.515942191387916,16.473755047106327,21.70075349838536
4129,Finnish-Korisliiga,742.7166666666667,400,39,85,51,22,17.36746535098519,30.967394475237302,23.925619834710744
22533,Cypriot-Division-A,742.3833333333333,361,18,69,76,25,18.678894797241078,28.233392452237165,24.371097234611952
142523,Italian-Serie-A2-Basket,742.0,165,19,68,37,44,12.527525179346274,15.579514824797844,19.7979797979798
122091,Italian-Serie-A2-Basket,742.0,478,23,101,88,27,20.33536620974791,37.19676549865229,32.13596846783887
71806,Canadian-NBL,742.0,286,12,60,18,30,10.434780997205566,20.269541778975743,16.88715953307393
10064,Spanish-Primera-FEB,741.8166666666666,398,39,85,24,27,25.809038794742243,29.441236603832934,32.806255430060816
30564,German-BBL,741.7166666666667,201,25,93,89,32,20.992756419828567,22.003011032964068,26.560319042871384
23494,Belgium-Scooore-League,741.0,262,17,95,20,39,16.002921965394357,21.26855600539811,21.547799696509863
80854,German-Pro-A,740.9833333333333,426,14,60,73,23,21.58659496868917,30.93186981263636,30.052910052910054
30413,Danish-Basketligaen,740.7333333333333,326,38,78,86,21,13.304505517408414,28.512285122851228,17.97153024911032
9733,Australian-NBL,740.1,388,54,113,37,25,23.81073119113149,31.995676259964867,35.35078534031414
9391,Italian-Lega-Basket-Serie-A,740.0,385,55,142,27,24,20.43943986315819,32.91891891891892,28.721951219512196
2385,Netherlands-DBL,739.0,333,51,79,40,38,19.520448414570577,27.22598105548038,25.869797225186765
87275,Spanish-Primera-FEB,738.4333333333333,481,31,78,77,25,21.624759139601743,36.13054665282355,29.58222222222222
14258,German-BBL,737.8333333333334,283,34,84,50,34,23.081088143927932,24.44996611700926,31.1892797319933
18580,Lithuanian-LKL,737.7333333333333,368,22,67,85,27,22.252204755501477,29.38731248870414,27.404103479036575
24183,Australian-NBL,737.2666666666667,392,17,51,65,27,17.273725536141487,28.48358802785062,30.82191780821918
89433,Croatian-A-1-Liga,737.05,321,51,116,24,38,15.185510443048072,27.786445967030733,23.42064714946071
151698,Australian-NBL,736.8666666666667,444,103,176,25,33,25.529218565139853,40.60436080702072,34.453004622496145
109443,Danish-Basketligaen,736.6,508,27,75,56,30,20.206923396675162,36.166168884061904,30.95948827292111
31524,Polish-OBL,736.2166666666667,282,62,135,40,24,25.37069102604002,28.198220632513074,30.305997552019583
28791,German-BBL,735.45,316,15,111,89,23,21.561758486849854,28.880277381195185,29.7282099343955
11497,German-Pro-B,735.3,463,0,81,100,23,17.790282580447748,35.033319733442134,25.164152617568767
53114,Polish-OBL,735.2166666666667,380,66,171,33,34,19.065995990099967,35.363724979031126,24.823151125401928
85333,Italian-Serie-A2-Basket,735.0,292,46,115,32,25,23.325256615657942,26.39455782312925,29.27536231884058
124127,Greek-HEBA-A2,734.95,387,8,49,68,26,14.780293088187085,27.865841213688004,20.58435438265787
88741,Serbian-KLS,734.4,359,50,123,30,29,21.271603276471065,30.610021786492375,29.165659008464328
53971,Finnish-Korisliiga,734.1,235,11,52,110,31,6.328093737992227,22.23130363710666,12.988235294117647
9319,Lithuanian-LKL,734.0666666666667,236,21,77,33,40,17.096995566843425,19.99818363454727,21.517450682852807
131700,Serbian-KLS,734.0333333333333,365,18,78,102,27,18.60780413772282,30.679805640070843,29.68553459119497
31681,French-LNB-Pro-B,734.0,386,14,51,60,25,22.17342510422669,27.847411444141688,31.580916744621142
26799,German-Pro-A,733.6,127,7,63,70,51,9.168643390426151,14.55834242093784,13.47107438016529
15905,Netherlands-DBL,733.0,345,46,92,41,28,28.086032393946006,28.59481582537517,31.787819253438116
121790,Serbian-KLS,733.0,328,8,58,33,26,14.950218578962383,23.30150068212824,21.94736842105263
132392,VTB-United-League,732.6333333333333,500,14,83,82,29,14.52250763179568,37.07175030711134,23.810463968410662
107558,Austrian-A-Bundesliga,732.25,407,13,108,57,26,15.342142301796596,31.95629907818368,21.813471502590673
9364,Greek-HEBA-A1,732.05,238,56,92,19,26,14.673373817594955,22.12963595382829,22.293906810035843
44154,Finnish-Korisliiga,731.9,464,11,103,60,23,15.720088955104664,34.86815138680148,21.5748031496063
3755,Icelandic-Dominos-League,731.7666666666667,496,24,118,143,24,12.843153862597411,42.691203935680775,18.22680412371134
137264,New-Zealand-NBL,731.6333333333333,297,64,80,25,33,5.170562992436817,25.477242698984007,15.614973262032086
3759,Hungarian-NBIA,731.1333333333333,391,30,123,80,24,19.09895047696152,34.13877997629251,24.733861834654586
3770,Israeli-BSL,731.0,366,31,86,50,29,23.41466570860915,29.165526675786595,33.80753138075314
108838,German-BBL,730.6,357,47,121,32,36,18.060713247598596,30.49548316452231,29.333333333333332
97844,Turkish-TBL,730.1833333333333,475,36,128,152,21,17.17720125358753,43.33158339229874,30.49466537342386
136403,Lithuanian-LKL,730.1333333333333,316,9,58,127,28,18.467593024872563,27.94010226442659,25.4323499491353
23547,French-Jeep-Elite,730.0,242,40,149,44,25,16.182865251504673,26.027397260273972,23.277310924369747
121501,Mexican-CIBACOPA,729.65,467,70,173,30,26,16.91354016692073,40.567395326526416,19.00990099009901
81489,Hungarian-NBIA,729.0,356,89,103,34,30,20.5443178478754,31.93415637860082,36.485788113695094
139497,Romanian-Divizia-A,728.8666666666667,248,22,66,98,23,15.91034574830884,23.817799323150094,21.74520069808028
58164,Spanish-Primera-FEB,728.8333333333334,419,37,82,85,27,14.46222199906345,34.19163045963869,21.604060913705585
44320,Spanish-Primera-FEB,727.75,351,71,70,43,28,18.08923569759219,29.405702507729302,29.36299292214358
22431,Mexican-LNBP,727.45,403,76,140,25,43,12.079933814090996,35.411368478933255,16.416938110749186
22812,Italian-Serie-A2-Basket,727.25,318,13,77,73,22,18.140052921065845,26.455826744585767,24.777070063694268
55366,Chinese-CBA,727.0333333333333,270,16,44,58,24,11.15205939258805,21.34702672963184,17.740743229621668
30844,Israeli-BSL,727.0,242,32,64,31,40,18.28088589689326,20.30261348005502,27.03448275862069
104833,French-Jeep-Elite,727.0,440,61,106,35,32,24.897795330383033,35.3232462173315,33.437876960193
97837,Portuguese-LPB,726.7,300,59,134,80,24,17.269714179881078,31.539837622127422,28.141176470588235
147157,Swedish-Basketligan,726.6333333333333,321,18,116,37,28,10.898841115668601,27.083811183999266,21.07883817427386
30433,Estonian-KML,726.25,336,36,97,37,28,16.728730504860547,27.86919104991394,20.591397849462364
140334,Swiss-LNA,726.0,302,47,113,29,24,20.256953714537246,27.052341597796143,31.72668513388735
80653,Polish-OBL,725.9666666666667,315,12,72,67,27,11.318965236257498,25.676110014233895,18.273684210526316
121771,Venezuelan-SLB,725.95,390,16,73,53,29,12.99340145508416,29.313313589090157,19.49425287356322
84041,Swiss-LNA,725.7833333333333,356,18,57,32,28,10.629051146240558,25.517257216340965,16.681614349775785
106869,Swedish-Basketligan,724.95,235,72,148,21,33,17.362177140643695,26.263880267604662,28.153078202995008
50098,Estonian-KML,724.4,390,17,75,103,23,12.231258353555512,32.30259525124241,16.634746922024625
2210,Italian-Lega-Basket-Serie-A,724.0,271,82,128,10,30,14.715747333790205,27.12707182320442,25.495750708215297
56859,Italian-Serie-A2-Basket,724.0,375,24,107,39,21,18.667673161611283,30.11049723756906,30.434782608695652
106904,Macedonian-Superleague,723.55,404,21,146,78,21,8.972634376065901,35.87865385944303,20.62992125984252
80452,Spanish-Primera-FEB,723.0666666666666,303,22,102,37,32,18.304281646345263,25.668449197860966,27.301006404391583
127332,Slovakian-Extraliga,723.05,340,31,58,49,28,16.936391704766116,26.44353779130074,26.98856416772554
57005,Australian-NBL,722.65,256,95,114,34,33,20.96460692392753,27.62056320487096,27.28205128205128
75733,Lithuanian-LKL,722.55,291,37,122,27,41,16.81618460724162,26.406477060411046,31.448834853090172
106671,Hungarian-NBIA,722.0,380,24,47,35,24,10.887966285316873,26.925207756232687,16.318407960199004
17845,Italian-Serie-A2-Basket,721.0,283,67,152,6,31,16.44405497621589,28.183079056865466,24.427083333333332
22852,Belgium-Scooore-League,721.0,275,37,117,84,26,27.09800011855725,28.460471567267685,33.64824120603015
85798,Israeli-BSL,721.0,458,7,45,66,27,21.142144274301746,31.955617198335645,27.10801393728223
118880,Spanish-Primera-FEB,720.2666666666667,335,7,40,61,36,17.673332644271273,24.601999259533507,28.65497076023392
80357,Slovakian-Extraliga,720.1,213,30,89,16,25,15.288847557779302,19.330648521038743,22.231075697211157
3677,Israeli-BSL,720.0,310,21,71,61,20,19.692851957509045,25.72222222222222,25.946935041171088
132106,German-Pro-A,719.6666666666666,308,15,73,33,31,15.289571189053776,23.844372394627143,20.372093023255815
132174,Macedonian-Superleague,719.5166666666667,400,64,117,42,23,24.67195929966683,34.63436102939473,34.146341463414636
153617,German-Pro-A,719.1666666666666,254,10,55,122,29,13.147635934630129,24.52838933951333,20.41329739442947
116045,Polish-OBL,718.3833333333333,279,22,93,23,29,14.568587599496194,23.218801475535347,20.104712041884817
42628,Australian-NBL,718.3,347,23,62,56,32,23.18116450045713,27.175274954754283,32.52336448598131
107346,Israeli-BSL,718.0,364,8,51,55,25,21.70784560185194,26.629526462395543,27.514231499051235
97513,Georgian-Super-Liga,717.1333333333333,394,62,177,45,26,24.12562028968766,37.81723528864925,29.286956521739132
85825,Portuguese-LPB,716.9,348,77,111,41,22,15.84519034909485,32.19416934021481,24.507042253521128
44580,German-BBL,716.65,378,13,60,87,25,26.245540893893164,30.028605316402707,37.691542288557216
52285,Polish-OBL,716.2166666666667,315,71,130,31,45,12.36698947169008,30.549414748795755,17.365269461077844
52355,Italian-Lega-Basket-Serie-A,716.0,438,15,71,44,21,22.272754773509813,31.731843575418996,31.11597374179431
29406,German-Pro-A,715.8666666666667,286,87,126,16,56,14.797036145214559,28.776308437325387,19.593908629441625
80344,Cypriot-Division-A,715.5666666666666,243,19,101,47,21,11.63831228308733,22.918898774863745,16.205787781350484
3773,Cypriot-Division-A,715.5333333333333,350,29,60,50,24,16.923984722503175,27.336252678654617,20.83478260869565
76755,Estonian-Latvian-Basketball-League,715.2166666666667,376,10,77,122,30,13.533220129682656,32.71735837624962,23.644716692189892
138197,German-Pro-B,715.1833333333334,407,52,77,42,25,16.408330534617942,32.32737526508354,22.92929292929293
131925,PBA--Commissioners-Cup,714.9666666666667,303,13,80,59,23,10.566802373732296,25.455732201967457,23.902439024390244
43438,Italian-Serie-A2-Basket,714.8333333333334,292,43,123,23,22,19.56075178007954,26.915364886920027,27.442371020856204
80610,Ukrainian-Superleague,714.6,407,49,131,55,29,30.68378207959078,35.93618807724601,39.86206896551724
107941,BNXT-League,714.5666666666667,371,50,115,27,35,15.7376889248542,31.515603862480756,21.176470588235293
132536,Spanish-Primera-FEB,714.0666666666667,301,18,68,82,26,23.62556000343116,26.272056764074314,35.298126064735946
56821,South-Korean-KBL,714.0666666666666,450,40,105,56,28,18.789398365160533,36.467183269535994,24.18867924528302
153980,Puerto-Rican-BSN,714.0333333333333,126,31,76,73,54,12.097055282706922,17.142056860090566,18.6307519640853
92813,BNXT-League,714.0,306,19,77,23,27,18.865617967749454,23.80952380952381,28.0
121874,Hungarian-NBIA,714.0,387,66,123,40,25,23.724017358857992,34.509803921568626,30.527404343329888
132305,Estonian-Latvian-Basketball-League,713.9166666666667,317,9,61,105,27,15.757014790379198,27.5662425586553,24.459591041869523
117432,Greek-HEBA-A1,713.9166666666666,292,75,123,18,29,22.539575570001144,28.462705731294502,28.29383886255924
132843,Canadian-Elite-Basketball-League,713.75,462,39,68,98,23,18.053791309428348,37.3800350262697,27.373380447585394
89435,Cypriot-Division-A,713.1333333333333,296,112,179,38,30,25.939517500899445,35.05655791343367,29.717291255752794
108414,Puerto-Rican-BSN,713.05,248,39,64,24,56,10.057919502424069,21.03639295982049,21.36263736263736
57475,French-LNB-Pro-B,713.0,406,54,114,26,23,27.630663490108645,33.66058906030855,32.25806451612903
180189,Spanish-Primera-FEB,712.8166666666667,263,44,138,24,26,20.006026497266312,26.318127615796485,28.1335952848723
121478,Puerto-Rican-BSN,712.4333333333333,262,27,57,41,27,10.430963997598855,21.728348851354514,16.67447306791569
10917,Israeli-BSL,712.0,395,8,49,103,22,19.11092322754855,31.179775280898877,26.880301602262016
2277,Polish-OBL,711.7166666666667,290,12,71,93,32,16.763842269906746,26.19019741001803,20.830917874396135
41327,Spanish-Primera-FEB,711.2833333333333,330,12,48,119,23,20.303767284050654,28.62431754809382,32.035928143712574
30772,Venezuelan-SLB,711.1166666666667,421,20,51,77,23,15.78726909937983,32.00599995312537,23.856858846918488
43118,Italian-Lega-Basket-Serie-A,711.0,389,22,78,22,20,21.761867531147537,28.748241912798875,35.30085959885387
22525,German-Pro-A,711.0,422,0,226,51,26,19.70656272219529,39.324894514767934,29.412935323383085
44079,German-Pro-A,710.3,291,67,117,29,30,15.19381123603263,28.38237364493876,26.823529411764707
59876,Cypriot-Division-A,709.3333333333334,283,39,80,26,22,19.597363581773703,24.13533834586466,27.530562347188265
3946,French-Jeep-Elite,708.0,261,8,36,72,24,19.764413892288356,21.29943502824859,24.41640378548896
18096,Lithuanian-LKL,707.9166666666666,316,52,100,23,27,15.616672579602687,27.743378457916425,21.987577639751553
8595,Polish-OBL,707.4,268,51,112,31,40,24.48801845378784,26.123833757421544,33.471596032461676
117858,Hungarian-NBIA,707.0,385,28,82,30,23,17.459984143522345,29.702970297029704,26.16257088846881
22630,Danish-Basketligaen,706.8166666666666,258,40,112,41,23,20.49357317351306,25.522884293428284,24.47427293064877
3607,Czech-NBL,706.7166666666667,373,39,98,38,25,17.47628598698074,31.016673348583826,24.205128205128204
8995,Spanish-Primera-FEB,706.25,356,78,109,24,35,20.54021973623594,32.11327433628318,30.18978102189781
31202,Cypriot-Division-A,706.2,289,24,60,104,22,19.680111497388108,27.017841971112997,26.693467336683415
56999,Polish-OBL,705.6166666666667,276,98,134,5,32,14.313781264884557,29.080945744856745,17.615176151761517
145976,New-Zealand-NBL,705.5833333333334,488,15,56,143,19,24.132986621428206,39.79685839140191,32.04925241864556
89111,German-Pro-A,705.1166666666667,300,12,59,90,26,17.371336315039233,26.151700664192685,25.545893719806763
121609,French-LNB-Pro-B,705.0,287,75,144,42,25,19.127729607226243,31.092198581560282,26.227106227106226
24669,Hungarian-NBIA,705.0,350,64,152,44,27,20.605525252609,34.60992907801418,38.97920604914934
148225,Serbian-KLS,705.0,295,16,74,97,21,21.2137745195692,27.347517730496453,30.81081081081081
152017,Turkish-BSL,704.9833333333333,302,22,87,107,21,19.848888499378656,29.39076573914277,29.521568627450982
4242,German-BBL,704.1833333333333,324,58,93,22,32,25.48432575197302,28.231284466639845,35.06572295247725
41309,Netherlands-DBL,704.0,323,11,68,163,21,21.03222801374136,32.10227272727273,32.11267605633803
140593,Basketball-Super-League,704.0,267,29,89,100,44,11.163835935102295,27.556818181818183,17.82016348773842
5276,Italian-Lega-Basket-Serie-A,704.0,347,4,23,22,25,17.89233903764104,22.5,20.19193857965451
112341,British-BBL,702.3666666666667,373,29,44,103,25,18.069177825583946,31.26572065872526,27.57192174913694
107661,Spanish-Segunda-FEB,702.0666666666666,343,48,96,22,34,14.388774974564996,29.000094957743805,23.124087591240876
5503,Turkish-TBL,702.0500000000001,475,81,146,27,25,12.59922281381951,41.53550316928993,22.388059701492537
23288,Italian-Lega-Basket-Serie-A,702.0,231,75,121,24,30,24.119057539673456,25.698005698005698,34.87179487179487
121677,British-BBL,701.7833333333333,375,30,87,37,35,18.779720303675496,30.1517562400551,27.800212539851223
109253,Canadian-Elite-Basketball-League,701.6666666666666,151,74,78,19,40,19.35091119657281,18.356294536817103,26.610878661087867
131564,Australian-NBL,701.4666666666667,256,12,72,45,30,17.179567452725312,21.95400114046759,24.65067778936392
42541,Georgian-Super-Liga,701.4166666666666,301,17,69,38,37,11.942689657615531,24.23666389449923,19.369627507163322
3655,Italian-Lega-Basket-Serie-A,701.0,273,79,96,17,48,21.071124839690384,26.533523537803138,29.95967741935484
84097,Finnish-Korisliiga,700.6,401,23,108,67,22,17.177215527105496,34.19925777904653,23.986486486486488
85892,German-Pro-A,700.4499999999999,391,35,113,89,26,21.98597113287643,35.862659718752234,31.304347826086957
57196,Finnish-Korisliiga,700.35,295,43,117,46,23,16.68524274790718,28.614264296423215,28.674242424242426
131079,Spanish-Primera-FEB,699.6,483,16,50,63,32,14.287741867997678,34.99142367066895,22.821428571428573
7304,Slovenian-SKL,699.6,281,20,71,26,30,18.248480980230433,22.755860491709548,28.291873963515755
139070,Greek-HEBA-A2,699.3833333333333,295,35,88,31,42,10.429201274817798,25.679765507709174,16.635514018691588
86024,Polish-OBL,698.4333333333333,298,59,131,31,29,16.206506628642778,29.72366725528564,22.037037037037038
22340,Finnish-Korisliiga,698.0,437,89,196,17,22,21.239220555152986,42.34957020057307,29.68421052631579
1920,French-Jeep-Elite,698.0,256,31,54,43,30,20.865172691502575,22.005730659025787,28.70204081632653
56945,Canadian-Elite-Basketball-League,697.0,404,31,91,43,22,17.472471270138353,32.65423242467719,27.65482233502538
24199,VTB-United-League,696.5833333333334,383,17,57,62,33,22.389274459773077,29.802607967460222,28.47809948032665
59504,German-Pro-A,696.1166666666667,380,8,87,88,24,7.5914801579857984,32.35089903512342,16.96815286624204
9413,Israeli-BSL,696.0,329,30,72,34,23,19.982056876862273,26.724137931034484,26.10091743119266
15961,Greek-HEBA-A1,696.0,363,58,95,29,21,25.481873556055422,31.32183908045977,31.685589519650655
6594,Austrian-A-Bundesliga,695.9666666666667,374,7,43,76,21,16.58380895280894,28.7370084774175,24.37754271765663
66210,German-Pro-A,695.5333333333333,354,19,88,57,23,5.389938051049772,29.790089140228122,11.808118081180812
42089,Puerto-Rican-BSN,695.4166666666666,443,24,92,63,22,24.142011022001263,35.77711204313961,35.04102096627165
52699,German-Pro-A,694.75,268,16,54,51,34,13.792438720049942,22.396545519971212,25.29262086513995
152018,New-Zealand-NBL,694.7,224,30,97,96,21,11.607970274768059,25.737728515906145,22.308626974483598
1788,French-Jeep-Elite,694.0,323,46,110,44,31,23.709556730440905,30.144092219020173,29.91031390134529
84498,Italian-Lega-Basket-Serie-A,694.0,304,6,51,77,28,16.271005830193502,25.244956772334294,25.08682328907048
27995,Italian-Lega-Basket-Serie-A,694.0,191,68,146,21,30,20.059665975957948,24.553314121037463,26.33863965267728
90000,British-BBL,693.5333333333333,246,8,63,122,37,16.923760936867566,25.319619340574835,25.756302521008404
28741,Australian-NBL,693.25,380,17,61,90,26,20.162500357422044,31.6191849981969,28.051948051948052
42067,Adriatic-League-Liga-ABA,693.0,322,66,115,45,25,12.774714402948131,31.63059163059163,19.464285714285715
152659,BNXT-League,693.0,375,23,81,38,23,18.296040670532758,29.841269841269842,25.175600739371536
42369,Hungarian-NBIA,693.0,268,59,101,18,32,13.282169849778025,25.743145743145742,25.384615384615383
1721,German-BBL,692.9666666666667,258,14,59,25,23,21.781698371031283,20.54932897205253,28.944881889763778
2366,Greek-HEBA-A1,692.7833333333333,254,61,119,14,40,17.084494250419258,25.866673082012174,24.575835475578405
9397,Polish-OBL,692.75,294,16,77,91,21,16.288334470959864,27.600144352219417,24.59259259259259
107312,Puerto-Rican-BSN,692.1833333333333,322,35,78,35,31,18.453073440739548,27.160434374322797,27.158098933074683
72038,Italian-Lega-Basket-Serie-A,692.0,391,78,139,60,25,26.89521507120873,38.61271676300578,39.81634527089073
117905,British-BBL,692.0,425,14,49,74,21,18.681363111801996,32.48554913294798,29.055374592833875
166162,Cypriot-Division-A,691.9166666666666,275,30,99,82,18,11.47276134784964,28.095868963025413,18.856797494551383
57580,Spanish-Segunda-FEB,691.8166666666666,243,23,96,8,28,11.536247733072253,21.39295092630514,22.154626108998734
57368,Polish-OBL,691.8,409,11,44,46,28,19.201628197297072,29.488291413703383,30.154968094804012
87239,Slovenian-SKL,691.5333333333333,266,89,153,52,21,14.809079942300098,32.39178636845657,21.76536312849162
80775,VTB-United-League,691.4666666666667,285,44,155,49,26,17.177938822534678,30.833011955264173,26.180904522613066
21471,Cypriot-Division-A,691.3333333333334,276,15,108,82,18,18.453516150321448,27.830279652844744,23.35216572504708
80116,Polish-OBL,691.15,219,35,126,48,22,17.30042776977028,24.770310352311366,20.0
142574,Macedonian-Superleague,691.0666666666667,400,9,105,67,20,12.545902150679852,33.6291722940382,20.96317280453258
9343,Australian-NBL,690.5,439,35,86,49,27,23.941989434527585,35.27878349022448,29.20696324951644
28714,German-Pro-A,690.2166666666667,354,61,118,21,27,25.032135469597385,32.10586047859368,29.394285714285715
16140,Italian-Serie-A2-Basket,690.0,243,49,88,52,25,25.867774022599622,25.043478260869566,32.163846838824576
6471,French-LNB-Pro-B,690.0,348,57,140,26,27,14.73730935943312,33.10144927536232,23.023255813953487
5760,Netherlands-DBL,690.0,409,72,142,35,30,21.16692936548653,38.14492753623188,28.607198748043817
10780,Australian-NBL,689.1333333333333,389,43,73,32,24,21.152066913923864,31.16958498597272,26.813186813186814
81283,Hungarian-NBIA,689.0,285,40,66,29,21,15.91120828118245,24.383164005805515,21.176470588235293
59511,Mexican-CIBACOPA,688.5666666666667,264,67,111,38,29,21.97678742603351,27.884010262864887,27.474048442906575
43419,Turkish-BSL,688.1166666666667,248,22,66,120,29,24.762629350176624,26.50713299585826,35.97014925373134
116722,Czech-NBL,688.1,318,53,148,22,26,12.600722157196,31.448917308530735,25.225225225225227
121810,New-Zealand-NBL,688.0833333333334,393,20,99,64,21,21.668407443596134,33.4843163376529,28.98744769874477
148575,Hungarian-NBIA,688.0,483,25,99,112,20,20.785552942860203,41.80232558139535,31.166875784190715
88974,Hungarian-NBIA,688.0,448,16,68,47,20,17.120501735227066,33.66279069767442,27.279411764705884
97564,Slovakian-Extraliga,687.9333333333334,177,45,102,31,28,21.199130460581546,20.641535032464386,27.579737335834896
106524,Greek-HEBA-A1,687.6,304,40,111,79,21,21.006610264602045,31.06457242582897,34.71910112359551
41319,Turkish-TBL,687.2833333333333,411,17,97,78,23,17.653928986857782,35.0946965104154,30.159744408945688
23666,Italian-Serie-A2-Basket,687.0,336,53,153,18,26,17.898896280936498,32.60553129548763,28.295454545454547
58173,French-LNB-Pro-B,687.0,294,12,60,35,25,17.963451594921196,23.347889374090247,26.778805719091675
12651,Finnish-Korisliiga,686.6666666666666,366,42,121,42,25,24.736958311366838,33.262135922330096,31.46161934805468
4218,Turkish-BSL,686.3833333333333,300,19,57,63,22,25.674036686470007,25.583371779617803,28.67986798679868
107352,Spanish-Primera-FEB,686.2666666666667,305,26,130,17,45,13.876950788463944,27.860889838741016,22.82245827010622
119862,New-Zealand-NBL,686.1833333333334,288,37,100,44,32,19.24575467386345,27.339632265429547,26.666666666666668
58789,Ukrainian-Superleague,686.1,369,10,39,134,25,14.288826077808901,32.18189768255356,20.4992657856094
44998,Norwegian-BLNO,686.0833333333334,371,48,154,35,21,17.705407681445468,35.447588971213406,26.030150753768844
107601,Hungarian-NBIA,685.0,321,11,44,100,24,16.966753448980462,27.795620437956206,25.47918683446273
6855,Israeli-BSL,685.0,227,54,119,14,24,22.520845381973444,24.175182481751825,27.132867132867133
154584,New-Zealand-NBL,684.6666666666666,389,83,154,67,21,16.420147938825423,40.486854917234666,23.643312101910826
42949,Slovenian-SKL,684.5833333333334,292,76,141,7,29,21.900027460971508,30.149726110772974,25.312934631432544
127260,Italian-Lega-Basket-Serie-A,684.0,268,22,112,19,23,16.103422034082996,24.619883040935672,22.901056676272816
119863,Australian-NBL,683.95,294,38,89,55,63,19.11274390946292,27.83829227282696,30.108374384236452
80670,Polish-OBL,683.8333333333334,295,16,79,107,22,15.01228293702975,29.071411162563976,24.482758620689655
5790,Turkish-TBL,683.2833333333333,369,25,66,33,23,20.50690600094019,28.86064834012245,26.499517839922856
3847,Austrian-A-Bundesliga,683.0833333333334,387,28,82,23,23,15.964087834320567,30.45016469440039,20.559796437659035
24184,Hungarian-NBIA,683.0,347,28,72,48,23,15.994041165758508,28.989751098096633,19.525899912203688
63985,Italian-Serie-A2-Basket,683.0,231,30,64,86,24,10.53932719451417,24.070278184480234,20.07905138339921
2157,Turkish-BSL,682.95,292,10,57,94,23,17.713786842013644,26.531956951460575,25.523012552301257
24230,Spanish-Primera-FEB,682.4666666666667,286,10,71,17,29,13.84223359674432,22.506593728631433,20.69724770642202
104918,Swiss-LNA,682.35,433,21,128,77,28,17.855058787422717,38.63120099655602,27.828054298642535
11540,Italian-Lega-Basket-Serie-A,682.0,220,49,84,27,30,20.52297636821359,22.287390029325515,31.21951219512195
85633,Polish-OBL,681.45,436,9,80,86,23,14.919633459492943,35.86470027147993,22.18655967903711
93379,Finnish-Korisliiga,681.2666666666667,326,73,120,59,27,17.099250454525958,33.93678442117624,20.65620542082739
84803,Turkish-BSL,681.2666666666667,247,15,41,52,23,20.886939282351413,20.84352676387122,27.97706797706798
85965,Hungarian-NBIA,681.0,254,23,65,65,21,18.92434825739065,23.906020558002936,26.283280085197017
52845,Italian-Serie-A2-Basket,681.0,245,60,92,26,31,17.47823019806792,24.845814977973568,26.66460921225214
80990,Slovenian-SKL,680.2,167,21,80,127,23,14.724065152371816,23.228462216995,25.11066398390342
52009,Puerto-Rican-BSN,680.1,280,15,64,85,26,15.873024139762256,26.11380679311866,19.52029520295203
117488,Slovakian-Extraliga,680.0833333333334,416,19,68,102,24,20.16316789414028,35.58387452518073,28.12301166489926
58271,Croatian-A-1-Liga,679.55,260,26,94,53,20,17.15231209172612,25.48745493341182,24.915254237288135
85457,Danish-Basketligaen,679.35,283,65,188,35,21,14.46601046962432,33.62037241480827,26.75615212527964
10877,Israeli-BSL,679.0,366,10,50,113,24,24.926504522568298,31.75257731958763,32.74647887323944
85907,Italian-Lega-Basket-Serie-A,679.0,422,12,48,123,24,17.90304251552322,35.640648011782034,24.206151288445554
117898,Portuguese-LPB,679.0,268,32,124,28,22,17.538727975399134,26.62739322533137,21.980198019801982
1733,Italian-Lega-Basket-Serie-A,679.0,327,39,97,44,28,20.354610411642916,29.867452135493373,33.140916808149406
7522,Hungarian-NBIA,678.0,380,19,54,54,21,15.357391497606523,29.911504424778762,20.120967741935484
41632,Greek-HEBA-A1,677.75,288,71,135,31,47,16.254708905851455,30.984876429361858,25.94327990135635
61162,Spanish-Segunda-FEB,677.3333333333334,288,23,69,26,38,17.090873653873157,23.976377952755904,24.224224224224223
11599,French-Jeep-Elite,677.0,334,44,96,36,27,25.397486002354974,30.13293943870015,32.93218720152817
3975,Italian-Serie-A2-Basket,677.0,330,21,44,79,19,22.116896913491342,28.005908419497786,28.964451313755795
21947,Macedonian-Superleague,676.65,352,53,144,16,25,17.472288014384947,33.39983743441957,27.136363636363637
107603,Puerto-Rican-BSN,676.6,268,19,85,28,38,13.60756198203958,23.64765001477978,21.225490196078432
58564,French-NM1,676.55,437,77,148,35,26,27.060776390760214,41.20907545635947,36.601607347876005
45337,Belgium-Scooore-League,676.0,297,57,107,35,35,18.900775021262454,29.349112426035504,24.516129032258064
89079,BNXT-League,676.0,511,27,74,47,25,17.177974003687428,38.994082840236686,27.537688442211056
24320,South-Korean-KBL,675.9333333333333,535,42,150,80,23,21.086014713115894,47.75618897327153,31.218568665377177
4714,Spanish-Primera-FEB,675.8166666666667,352,46,125,33,28,16.241344243770826,32.90833312782066,23.57843137254902
121627,New-Zealand-NBL,675.7833333333333,334,18,57,140,19,11.651257091839703,32.495622364169975,17.05069124423963
109390,Finnish-Korisliiga,675.4833333333333,479,85,78,23,28,24.499635793703042,39.379209948431985,28.967391304347824
121418,Chinese-CBA,675.0,415,73,145,40,32,26.12445371889948,39.88148148148148,31.322033898305083
6723,German-Pro-A,674.9666666666667,380,59,90,50,26,17.246153146487163,34.31280557064546,24.675834970530452
8012,Argentinian-Liga-A,674.7333333333333,334,22,72,12,23,19.09142828836926,26.08437901393143,26.760070052539405
24300,Adriatic-League-Liga-ABA,674.0,308,11,72,89,24,15.42194880739167,28.486646884272997,23.0521327014218
84555,Finnish-Korisliiga,673.8833333333333,297,26,125,44,24,15.024891319402155,29.203868127519602,25.216426193118757
80516,German-BBL,673.7166666666667,370,18,100,31,27,21.812094377443035,30.81414046458699,33.050440352281825
85661,BNXT-League,673.35,352,19,161,61,22,14.03420571136484,35.22685082052424,24.49438202247191
166393,Puerto-Rican-BSN,673.0666666666667,300,23,111,28,66,19.419240101729685,27.456418383518223,28.169934640522875
42064,Belgium-Scooore-League,673.0,366,18,105,66,29,18.96854127621542,32.986627043090635,28.245067497403944
81245,Italian-Lega-Basket-Serie-A,673.0,290,18,55,80,23,21.309028559782337,26.329866270430905,28.990435706695006
148442,Greek-HEBA-A2,672.55,348,12,71,72,22,16.174171411540517,29.91599137610587,25.30510585305106
166745,Macedonian-Superleague,672.1666666666666,232,41,99,17,21,20.984262093370244,23.149020580213243,25.799151343705798
123793,BNXT-League,672.0,188,12,40,82,27,19.03268018608002,19.166666666666668,24.453441295546558
43397,Spanish-Primera-FEB,671.95,335,38,95,16,32,15.61226540164628,28.811667534786814,23.657262277951933
22478,Mexican-CIBACOPA,671.8833333333333,386,66,117,22,25,14.100598416020544,35.18467987993947,25.021037868162693
122192,French-LNB-Pro-B,671.6666666666666,280,40,110,36,34,18.87688658343737,27.751861042183624,30.352941176470587
75786,Adriatic-League-Liga-ABA,671.1166666666667,496,40,119,34,21,31.339595543386906,41.06588521618198,41.45029239766082
10826,Cypriot-Division-A,670.9833333333333,207,7,48,75,23,11.298859852287116,20.089917782359223,19.02398676592225
57225,Polish-OBL,670.65,201,47,111,24,29,20.89430106033738,22.84351002758518,26.176808266360506
26691,Canadian-NBL,670.0,267,23,85,80,32,11.52633679250407,27.16417910447761,24.438040345821324
23041,Cypriot-Division-A,669.9833333333333,355,30,37,37,19,19.863125567732375,27.40366675787955,22.802547770700638
20704,Spanish-Primera-FEB,669.7666666666667,263,8,21,48,31,16.926470170705358,20.30557905738317,25.80875781948168
167209,French-NM1,669.7333333333333,282,25,74,73,23,14.151755608394321,27.115269759108102,24.04057480980558
150681,German-Pro-B,669.55,438,56,133,47,27,20.25752815200809,40.26585019789411,28.34403080872914
43189,German-Pro-A,669.0166666666667,435,60,75,24,30,19.631237707319396,35.51481029371465,29.37365010799136
10169,Italian-Lega-Basket-Serie-A,669.0,283,11,50,35,27,21.267691196471333,22.66068759342302,27.419354838709676
18410,French-LNB-Pro-B,669.0,294,61,128,30,21,26.350419824202678,30.672645739910315,35.78583765112263
27073,German-BBL,668.8666666666667,331,5,51,56,24,15.709521427951639,26.49257450413635,24.571932921447484
108813,Romanian-Divizia-A,668.5833333333334,201,29,92,25,34,14.229675192366495,20.760314096971207,21.838316722037654
52031,Swiss-LNA,668.1166666666667,194,67,101,24,35,11.669881813844107,23.109736323496396,19.08256880733945
30795,German-BBL,666.4333333333333,183,15,61,26,25,14.34631061812181,17.10598709548342,20.125335720680393
57162,Finnish-Korisliiga,666.35,418,11,67,93,27,21.78783811519261,35.35679447737675,30.781893004115226
2379,Israeli-BSL,666.0,353,32,64,53,23,18.078787656774104,30.15015015015015,22.76707530647986
131932,Mexican-CIBACOPA,665.5,327,58,170,53,35,19.495738620624284,36.543951915852745,30.121065375302663
89392,BNXT-League,665.2666666666667,252,54,114,55,36,28.875516074345043,28.55997594949394,35.04093567251462
117787,Canadian-Elite-Basketball-League,665.2666666666667,304,19,57,49,27,10.088050617223336,25.794167752279787,19.38080495356037
42937,German-Pro-A,665.05,254,9,60,88,27,20.528532299719224,24.719945868731678,28.85593220338983
6681,VTB-United-League,664.3833333333333,342,25,129,56,21,16.8771368232331,33.2338258535484,29.18819188191882
107065,Italian-Lega-Basket-Serie-A,664.0,333,19,77,65,21,22.03335859721355,29.759036144578314,31.19634703196347
84329,Swedish-Basketligan,663.45,304,26,106,54,25,19.240777237544894,29.542542768859747,29.848619768477292
84853,Spanish-Primera-FEB,663.1666666666666,313,11,50,41,27,14.49144824841353,25.031414928373966,22.857142857142858
122108,Slovakian-Extraliga,663.15,359,13,70,114,18,21.69396376670637,33.536907185403,28.513761467889907
132038,German-Pro-A,663.0,411,68,137,28,33,19.607105803804068,38.85369532428356,30.483271375464685
115425,Romanian-Divizia-A,662.85,391,51,108,148,20,20.14836622480725,42.12114354680546,33.22195704057279
107094,Estonian-Latvian-Basketball-League,662.5833333333333,309,64,109,23,25,25.44050426110063,30.486731228776257,31.189873417721518
97789,German-Pro-A,662.1166666666667,411,33,76,41,22,20.463934878038646,33.89130817831701,32.219274977895665
23765,Australian-NBL,661.2833333333333,292,20,82,66,28,28.23344461562539,27.8246843259319,32.67123287671233
7104,Turkish-BSL,661.0,252,68,122,19,24,21.26642876267777,27.897125567322238,27.278048780487804
2381,French-Jeep-Elite,661.0,365,43,74,32,30,23.81721721955144,31.104387291981844,30.564885496183205
76328,Serbian-KLS,660.9833333333333,385,11,75,105,24,19.746529290527672,34.857157265690006,28.649173955296405
49948,Croatian-A-1-Liga,659.9166666666666,337,36,92,26,26,18.09232842682301,29.76133350170476,30.839002267573697
128316,New-Zealand-NBL,659.6333333333333,260,92,171,13,20,26.373294458138194,32.50290565465663,28.63905325443787
3578,French-Jeep-Elite,659.0,277,18,44,30,24,13.720437479180953,22.397572078907434,20.48167539267016
53789,Italian-Serie-A2-Basket,659.0,169,32,73,23,26,12.793613436798285,18.02731411229135,18.974358974358974
31849,German-BBL,658.9166666666666,299,33,82,113,24,35.26912007841088,31.9919059061591,39.920159680638726
23548,Lithuanian-LKL,658.3,256,14,55,63,45,28.693442065411816,23.575877259608085,35.23018867924528
3688,French-LNB-Pro-B,658.0,361,58,124,28,30,21.84781109773573,34.7112462006079,26.842105263157894
92823,Danish-Basketligaen,657.85,343,41,150,72,32,21.377435921370772,36.84730561678194,33.84335154826958
6196,Turkish-BSL,657.65,362,88,108,19,29,27.300073553326857,35.09465521173877,32.787524366471736
44158,Bosnian-BiH-Liga,657.5666666666667,276,42,73,37,23,22.222604952578916,26.03538297764485,28.366336633663366
106518,Greek-HEBA-A2,657.5666666666666,353,11,46,61,27,12.88095460200108,28.651087342221324,20.67005076142132
50488,Spanish-Primera-FEB,657.15,195,85,107,26,35,12.14142311007586,25.13885718633493,18.90547263681592
107189,Australian-NBL,657.0833333333334,233,29,102,17,43,8.599356142922822,23.19340519974635,17.753424657534246
138387,Portuguese-LPB,657.0666666666667,189,35,98,24,21,16.862014292093214,21.063311688311686,22.79379157427938
85779,French-LNB-Pro-B,657.0,308,4,28,122,24,15.244409493570588,28.12785388127854,20.294117647058822
142561,Macedonian-Superleague,656.5833333333334,202,40,63,32,23,10.951150166438273,20.5305241781952,15.591489361702127
2421,Lithuanian-LKL,656.15,266,33,124,31,48,21.858352857235804,27.676598338794484,31.90031152647975
57587,German-Pro-B,655.9,491,23,60,104,20,15.270279726163961,41.34776642780912,22.094140249759846
132310,French-NM1,655.55,269,40,34,42,25,12.682325970857459,23.491724506139885,19.466975666280415
32725,Spanish-Primera-FEB,655.4166666666666,238,69,120,18,34,21.78674556820896,27.158296249205343,32.095548317046685
81208,Australian-NBL,655.25,335,95,166,16,33,27.626129590726375,37.35978634109119,33.72549019607843
80979,Swedish-Basketligan,655.1166666666667,347,37,134,71,25,13.070668023116214,35.96306001475564,24.906444906444907
124462,French-LNB-Pro-B,654.8,261,75,106,16,26,16.403591696513175,27.97800855222969,27.40740740740741
42508,Australian-NBL,654.2,211,65,118,28,31,17.468703540695884,25.802506878630386,23.490304709141274
85765,Croatian-A-1-Liga,654.1,345,19,84,72,26,18.492469186215253,31.799419049075063,26.290672451193057
136216,Greek-HEBA-A2,653.9666666666667,352,27,102,23,22,19.286602771248763,30.827259289464294,26.820809248554912
2324,Adriatic-League-Liga-ABA,653.75,304,52,81,14,26,22.949988581146386,27.594646271510516,31.62134944612286
24666,Spanish-Primera-FEB,653.5166666666667,266,52,98,31,31,19.504944230581053,27.35966948050292,31.53049482163406
11590,Turkish-TBL,653.1666666666666,265,41,111,20,24,18.905235507857952,26.761929063536616,27.01195219123506
85942,Bulgarian-NBL,653.0,303,23,84,105,26,18.706677616740365,31.546707503828483,27.964250248262164
22583,Spanish-Primera-FEB,652.7,216,59,93,12,25,14.7868568919045,23.287881109238548,22.08955223880597
9314,German-Pro-A,652.6833333333333,329,0,83,44,24,16.14096687389677,27.946170935369373,23.03614457831325
7001,Australian-NBL,652.2166666666667,421,61,110,18,24,21.254417759552535,37.41088084225589,29.460654288240494
23925,Austrian-A-Bundesliga,652.15,295,20,50,72,20,17.12633080854902,26.803649467147128,19.847586790855207
4280,Greek-HEBA-A1,652.1333333333333,349,9,51,44,24,23.178308979382983,27.78572888979759,30.728476821192054
42326,Belgium-Scooore-League,652.0,278,23,87,36,25,13.388548821080049,26.012269938650306,18.40319361277445
1718,Spanish-ACB,651.7833333333333,320,4,30,28,22,22.727261559289055,23.443373309126244,27.05244122965642
86055,Finnish-Korisliiga,651.7333333333333,260,55,114,50,24,16.130000282908423,29.398527004909983,21.954887218045112
81043,German-Pro-A,651.55,178,22,91,110,24,16.59066088957637,24.61821809531118,26.767485822306238
147095,Turkish-TBL,651.2833333333333,324,38,114,23,20,18.781082902783847,30.64718376538629,26.72
1723,Spanish-ACB,650.7333333333333,288,32,58,66,25,27.849404999594814,27.292285626472697,33.21056845476381
155155,Puerto-Rican-BSN,650.3833333333333,251,25,72,50,50,18.18010289138918,24.477872024190862,25.106382978723403
44499,Spanish-ACB,650.3833333333333,182,66,94,21,52,23.807582028277864,22.32529533864644,30.040485829959515
3587,Spanish-ACB,649.8833333333333,269,8,36,25,34,28.956877897038897,20.8037340035391,36.08888888888889
88807,Turkish-BSL,649.7166666666667,213,20,49,137,31,17.70036460616117,25.795859733730087,28.166351606805293
23833,German-Pro-A,649.4666666666667,282,0,91,91,25,14.252564297785817,28.5772941901047,22.588774341351662
121869,British-BBL,649.3666666666667,393,53,102,75,21,17.791062751690706,38.37585339561624,27.652399481193257
2412,Adriatic-League-Liga-ABA,649.0,246,65,130,26,26,24.846977813922322,28.782742681047765,33.8404452690167
2211,Italian-Lega-Basket-Serie-A,649.0,166,22,55,83,22,14.571755979014677,20.092449922958398,23.797942001870908
6969,Turkish-BSL,648.8333333333334,316,56,71,21,26,27.031216762849503,28.605188800410993,34.03651115618661
4253,Polish-OBL,648.7166666666667,355,56,95,24,23,17.14216941855006,32.67990648202862,24.06374501992032
85731,Greek-HEBA-A1,648.6,196,20,43,70,24,23.919222323893166,20.289855072463766,34.016028495102404
42502,Hungarian-NBIA,648.0,304,83,126,29,21,18.060782630488568,33.45679012345679,24.478371501272264
3952,Israeli-BSL,648.0,340,26,72,45,21,16.633968430074553,29.814814814814813,26.5982905982906
157768,German-Pro-A,647.7666666666667,311,68,103,14,34,19.399305402556102,30.628312664025113,26.755852842809364
56794,Spanish-Primera-FEB,647.5833333333334,353,23,90,66,21,16.681020299961617,32.86063569682151,23.569131832797428
152118,New-Zealand-NBL,647.2,292,12,78,34,19,21.685118600112332,25.710754017305312,31.880733944954127
3592,French-LNB-Pro-B,647.0,320,62,78,51,26,28.20187819710197,31.591962905718702,34.0785498489426
107635,Finnish-Korisliiga,646.8666666666667,298,79,101,53,27,19.339763809624813,32.83520560651345,27.054871220604703
24649,Italian-Lega-Basket-Serie-A,646.0,263,16,74,79,21,18.348294507088426,26.74922600619195,29.931506849315067
79871,Italian-Serie-A2-Basket,646.0,276,35,121,23,24,16.131689140690813,28.173374613003094,25.25781910397295
121636,Greek-HEBA-A1,645.9,216,54,90,18,29,20.238170534699226,23.409196470041802,25.95289079229122
2560,South-Korean-KBL,644.0666666666667,354,41,140,53,17,23.25731395175916,36.51795880343649,28.66785079928952
58105,German-Pro-A,644.0166666666667,203,0,124,88,20,19.719650829353533,25.775730441758753,25.46093064091308
85563,French-LNB-Pro-B,644.0,411,15,46,63,23,24.299756287414137,33.22981366459627,35.60405300077942
132417,BNXT-League,644.0,284,4,53,75,21,18.00903883719365,25.838509316770185,27.103631532329494
140169,Greek-HEBA-A2,643.8,397,19,56,75,23,15.504859310491682,33.985709847778814,22.613636363636363
4274,Turkish-BSL,643.0333333333333,159,49,39,68,53,14.650386945484707,19.594629620030066,18.837209302325583
5788,French-LNB-Pro-B,643.0,285,24,83,43,26,14.005421412251437,27.060653188180403,23.893129770992367
31005,Serbian-KLS,643.0,303,2,34,33,28,9.046083141838881,23.141524105754275,17.50566893424036
117755,Estonian-Latvian-Basketball-League,642.4333333333334,416,8,86,83,24,17.445737976968932,36.922119026617544,26.111573688592838
92848,Slovenian-SKL,642.2666666666667,217,18,42,40,29,16.755313908917138,19.742578368279013,22.99270072992701
16948,Italian-Lega-Basket-Serie-A,642.0,214,22,80,15,31,25.49558128729166,20.623052959501557,34.22354104846686
57170,Italian-Serie-A2-Basket,642.0,290,64,98,18,25,27.73680693774488,29.28348909657321,29.38388625592417
105392,German-Pro-A,642.0,279,22,87,57,25,13.285599670499252,27.725856697819314,24.02555910543131
42505,Adriatic-League-Liga-ABA,642.0,305,80,93,24,25,28.516169903426977,31.277258566978194,35.26046986721144
24169,Greek-HEBA-A1,641.85,194,15,76,94,22,17.045026135794295,23.619225675780946,23.670411985018728
31671,German-Pro-A,641.0333333333333,214,16,35,72,21,17.904196501416724,21.028547657428113,26.465899025686447
108400,Italian-Serie-A2-Basket,641.0,303,43,115,42,22,24.541268260710392,31.38845553822153,32.41379310344828
121686,Ukrainian-Superleague,640.9,272,9,77,38,28,17.056204910351124,24.715244187860822,21.971830985915492
107333,German-BBL,640.35,268,52,115,15,30,21.23285720371337,28.109627547434997,26.247086247086248
24673,Turkish-BSL,640.3333333333334,274,26,89,42,20,19.65101452756864,26.923477355543987,28.781302170283805
23482,Danish-Basketligaen,640.0,333,47,123,34,27,20.485144138174466,33.5625,27.49063670411985
44246,Finnish-Korisliiga,639.9666666666667,277,16,64,74,20,21.347073851427787,26.938903067868118,30.55055055055055
2532,Israeli-BSL,638.0,297,41,71,16,21,18.406473444012214,26.645768025078368,27.697160883280755
81740,Slovenian-SKL,637.65,244,59,101,25,34,19.344302714039998,26.91131498470948,31.48936170212766
31636,Finnish-Korisliiga,637.5833333333334,253,27,63,38,20,22.064988162850636,23.902757809436675,29.76271186440678
23337,Austrian-A-Bundesliga,637.3,257,54,70,12,31,24.322258253120488,24.66656205868508,32.152152152152155
30582,Latvian-LBL,637.1,310,85,172,29,22,17.297573748125274,37.41955736932977,25.228377065111758
1811,German-BBL,637.0833333333334,335,88,170,29,24,36.00225504431848,39.05297580117724,42.93255131964809
31520,French-LNB-Pro-B,637.0,298,7,49,27,20,25.490590061832066,23.92464678178964,33.95711500974659
23895,Italian-Lega-Basket-Serie-A,637.0,241,17,44,21,22,18.427618647484632,20.282574568288855,27.5390625
54130,Ukrainian-Superleague,636.1,215,15,62,41,22,16.93993099706737,20.94010375727087,20.79673135852911
1806,German-BBL,636.0166666666667,326,8,46,38,26,22.100382419147326,26.288619270983464,28.498727735368956
89210,French-LNB-Pro-B,636.0,285,7,64,27,24,11.657949666367214,24.08805031446541,20.81045751633987
80732,Hungarian-NBIA,636.0,241,36,100,36,18,17.552582146371797,25.9748427672956,26.26108998732573
7818,Belgium-Scooore-League,636.0,262,43,79,74,22,22.804291835313972,28.80503144654088,34.58064516129032
85095,Finnish-Korisliiga,635.7166666666667,404,26,72,35,26,21.20574374180305,33.788637495739714,29.47603121516165
88726,Estonian-Latvian-Basketball-League,635.3666666666667,352,82,126,25,28,19.187387607497403,36.82912753790462,24.513368983957218
41457,Slovenian-SKL,635.0666666666667,433,16,58,33,25,14.923163379182157,34.01217719924417,28.244897959183675
80738,German-Pro-B,634.7666666666667,335,42,135,50,22,18.854157882576658,35.41458803759912,25.31986531986532
132159,German-BBL,634.6666666666666,374,71,147,85,25,31.571213558712756,42.668067226890756,44.986449864498645
80354,British-BBL,633.85,302,52,93,83,21,15.36799798406717,33.44639899029739,22.015503875968992
81275,German-Pro-A,633.5166666666667,270,88,118,20,26,24.65646245314307,31.317250269658782,35.684647302904565
3606,Turkish-BSL,633.4666666666667,294,69,80,22,32,28.63026255079953,29.36223952852031,31.587462082912033
6565,German-BBL,633.0,278,34,90,69,21,14.345037826525779,29.76303317535545,20.78247261345853
28813,Israeli-BSL,633.0,330,62,150,19,23,19.38292830328188,35.45023696682465,23.929024081115337
24200,Spanish-Primera-FEB,632.8833333333333,240,5,36,26,25,13.211408627886335,19.403260211202696,19.569413511507054
80345,Netherlands-DBL,632.5,301,17,86,132,18,18.65594230876381,33.89723320158103,31.22043519394513
97641,Greek-HEBA-A1,632.0166666666667,196,28,55,19,34,18.915541655828864,18.86026212388914,23.214629451395574
45012,Estonian-KML,631.7,261,78,144,34,30,26.585316359590394,32.737058730410006,33.283018867924525
56865,German-Pro-A,631.4833333333333,192,16,106,26,24,12.70472901094033,21.536593734329223,19.505494505494507
97533,Luxembourg-Total-League,631.4166666666666,343,19,77,69,17,17.715042429298265,32.181602217236374,29.576008273009307
3940,French-Jeep-Elite,631.0,239,12,76,18,31,26.59030466918715,21.870047543581617,30.227272727272727
4244,Adriatic-League-Liga-ABA,631.0,247,20,63,43,23,17.60647605886595,23.64500792393027,24.162812210915817
90019,French-Jeep-Elite,631.0,204,11,25,44,24,13.821374244641655,18.003169572107765,17.980339588918678
107190,Australian-NBL,630.75,279,63,107,33,34,13.59760270365502,30.566785572730875,26.917293233082706
132262,Austrian-A-Bundesliga,630.6833333333333,299,46,122,22,22,12.510163149373154,31.013979545995088,24.099378881987576
45001,Australian-NBL,630.35,343,50,91,26,28,31.23731629187858,32.36297295153486,37.11587982832618
121898,Finnish-Korisliiga,630.1333333333333,270,18,45,50,26,15.623295808181492,24.312314853999155,24.56973293768546
54833,Turkish-TBL,629.8666666666667,344,83,160,24,21,28.059613797522292,38.801862828111766,35.04950495049505
81932,Portuguese-LPB,629.8166666666666,374,48,64,104,21,16.787347512439222,37.47122178411708,26.906187624750498
148267,Greek-HEBA-A2,629.7833333333333,323,15,79,116,21,27.791058358484655,33.85291237727261,33.60301034807149
23425,Czech-NBL,629.5666666666666,212,52,85,26,23,16.86396799896666,23.825912002965005,21.986754966887418
28029,Turkish-TBL,629.0,318,16,110,55,18,16.66255526154835,31.732909379968202,24.478694469628287
132524,Polish-OBL,628.7166666666667,371,25,82,53,23,18.619978965857925,33.78310314662142,28.67492850333651
152439,Greek-HEBA-A2,628.5333333333333,344,12,33,71,24,15.436439199274265,29.274501484938483,20.701030927835053
2153,Latvian-LBL,628.4666666666667,303,13,35,70,17,8.083277516661589,26.795374986740214,16.376470588235293
29453,Spanish-Primera-FEB,628.2166666666667,288,41,102,19,24,12.107231168156442,28.65253495343963,17.03200775945684
150380,Adriatic-League-Liga-ABA,628.1333333333333,231,5,40,74,23,15.459641723936741,22.288261515601782,24.680038204393504
154568,Adriatic-League-Liga-ABA,627.4666666666667,261,54,108,24,26,26.238844773453092,28.49553761155971,29.232531500572737
80586,Hungarian-NBIA,627.0,320,54,136,27,21,25.369409644451572,34.25837320574163,34.80975609756098
76238,Hungarian-NBIA,627.0,326,66,98,43,23,14.035114285241656,34.00318979266348,20.118694362017806
81152,Polish-OBL,626.9,272,41,153,19,22,24.333994764226876,30.94592438985484,32.887112887112885
13461,German-Pro-A,626.4666666666667,207,30,86,47,49,16.344370365335497,23.624561030115995,23.954545454545453
12453,German-BBL,626.1,263,13,46,67,29,22.16888741054909,24.852260022360646,28.69466515323496
140539,BNXT-League,626.0,275,42,74,33,21,17.828929962445635,27.0926517571885,25.82716049382716
56871,French-LNB-Pro-B,626.0,253,12,47,42,29,19.396609043981563,22.619808306709267,25.739910313901344
88770,Hungarian-NBIA,626.0,336,52,112,17,23,12.658558349742151,33.03514376996805,19.962335216572505
83992,German-BBL,625.7666666666667,328,12,56,34,22,14.423507365819063,27.48628349224951,22.208955223880597
42928,Slovenian-SKL,625.55,222,67,127,10,32,17.74457252252657,27.240028774678287,29.872832369942195
136325,Greek-HEBA-A2,625.0333333333333,296,13,42,101,19,11.63169845153585,28.926457255613034,19.420289855072465
57215,Belgium-Scooore-League,625.0,311,9,85,107,28,15.191235257777516,32.768,28.250265111346767
83902,Italian-Serie-A2-Basket,625.0,348,49,68,28,19,18.286104410112888,31.552,25.84474885844749
122399,BNXT-League,625.0,263,15,74,75,30,9.464146244267711,27.328,17.866666666666667
81444,Australian-NBL,624.8,327,45,81,23,57,22.764028956386348,30.473751600512166,30.159857904085257
5587,German-Pro-A,624.7166666666667,223,46,85,8,34,15.424549585860543,23.178507590107515,25.245098039215687
57623,Polish-OBL,624.45,289,14,41,98,21,20.557239974916875,28.312915365521658,30.695088044485633
107046,Hungarian-NBIA,624.0,313,65,109,23,24,15.021401979551007,32.69230769230769,19.835616438356166
139978,Finnish-Korisliiga,623.9,341,30,102,52,25,19.680270713347923,33.65924026286264,28.50485436893204
31847,German-Pro-A,623.8,314,23,89,50,28,25.200081783088173,30.52260339852517,30.976138828633406
136946,Greek-HEBA-A2,623.7166666666667,296,16,60,23,19,11.743616690285693,25.332015070945673,18.52140077821012
92174,Argentinian-Liga-A,623.5833333333334,364,75,139,17,23,17.919009406868106,38.16651075771749,24.8870636550308
22437,Greek-HEBA-A1,623.45,248,52,103,33,26,19.905507240535858,27.973373967439247,26.317321688500726
84876,Belgium-Scooore-League,623.0,308,47,92,22,28,22.457669258961584,30.1123595505618,30.808823529411764
109371,Cypriot-Division-A,622.9666666666667,246,27,96,47,21,22.195234138169106,26.71089945957515,32.05555555555556
121644,Polish-OBL,622.6166666666667,208,49,161,25,22,13.239650715018664,28.460529485772412,21.01818181818182
31723,Eurocup,622.1166666666667,293,49,113,42,32,19.43886638878258,31.955421008921157,24.11320754716981
4067,Israeli-BSL,622.0,345,23,80,35,18,19.051762023397483,31.061093247588424,28.693009118541035
80358,Turkish-TBL,621.65,300,97,134,30,22,20.169231479764473,36.09748250623341,28.56175972927242
120524,New-Zealand-NBL,621.35,344,45,95,35,21,19.391376436064533,33.41112094632655,28.1104033970276
121713,Spanish-Primera-FEB,621.0,420,16,47,30,22,22.974984734178776,33.04347826086956,30.388170055452864
121547,Italian-Serie-A2-Basket,621.0,313,78,128,20,21,20.705781630520814,34.71819645732689,30.248175182481752
81059,Polish-OBL,620.65,337,11,48,50,30,18.401433422432653,28.744058648191412,25.8128078817734
8855,Estonian-KML,620.5833333333334,362,54,120,29,30,24.97550606310834,36.41734926816167,30.44862518089725
49375,Spanish-Primera-FEB,620.4333333333334,183,52,107,7,30,14.601438638245606,22.5004029441788,18.656987295825772
24167,Mexican-LNBP,620.1833333333333,368,72,108,38,23,24.24832915319138,37.795275590551185,31.928251121076233
42338,Israeli-BSL,620.0,294,26,58,38,23,22.643877384191512,26.838709677419356,30.386740331491712
80415,Israeli-BSL,620.0,203,26,57,43,31,25.74595992226627,21.225806451612904,36.351791530944624
121699,Finnish-Korisliiga,619.9166666666666,385,22,104,32,21,18.902771731695278,35.03696733431913,30.450928381962864
7187,German-BBL,619.6666666666667,304,21,32,40,22,13.83999861001804,25.626681011296395,21.55467720685112
92197,Canadian-Elite-Basketball-League,619.6,240,108,130,23,28,20.830740520445488,32.34344738540994,24.99454743729553
13697,German-Pro-A,619.5333333333333,236,21,55,41,25,12.944706124651347,22.791348326697516,18.58267716535433
22429,Danish-Basketligaen,619.3,266,41,114,21,27,16.938064841496267,28.548361052801553,23.60544217687075
107913,Canadian-Elite-Basketball-League,618.2833333333333,349,53,102,50,21,16.41697746936468,35.841173140685235,26.46288209606987
13033,Italian-Serie-A2-Basket,618.0,329,19,73,20,20,21.04710770237275,28.54368932038835,27.04313725490196
11592,Hungarian-NBIA,618.0,282,13,64,90,23,24.16941158744639,29.06148867313916,33.924050632911396
139798,New-Zealand-NBL,617.8000000000001,378,20,57,106,19,15.742696606107135,36.32243444480414,24.85228290062668
26460,Croatian-A-1-Liga,617.8,224,15,62,34,21,13.023981360175634,21.68986727096148,22.459546925566343
75885,Czech-NBL,616.7666666666667,237,19,43,101,33,8.092520193480308,25.941739177430687,16.516129032258064
142533,Slovenian-SKL,616.6833333333334,267,71,113,19,19,25.359406067088834,30.485662549660816,32.94117647058823
88001,Slovenian-SKL,616.35,305,16,57,31,28,11.295096328071267,26.543360103837106,18.34254143646409
80659,Polish-OBL,616.15,313,13,73,71,24,11.182532166291537,30.512050637020206,19.833333333333332
139772,Finnish-Korisliiga,615.65,247,50,68,47,19,12.844402959649692,26.76845610330545,20.524590163934427
30756,German-Pro-A,615.65,311,22,105,61,22,22.873285606599616,32.42101843579956,35.57917109458023
18811,Lithuanian-LKL,615.6333333333333,295,19,69,98,26,18.904310623155883,31.252368834262818,24.842105263157894
26505,German-Pro-A,615.6,190,60,54,17,30,10.966044672616293,20.857699805068226,17.176015473887816
20649,Croatian-A-1-Liga,615.0333333333333,301,63,120,30,28,12.022725448912096,33.42908243455639,21.6
79866,German-BBL,614.3833333333333,332,23,64,26,23,19.17621743507916,28.972140086265362,26.44868301544051
22727,Spanish-Primera-FEB,614.3166666666666,224,44,85,14,27,20.36112465652544,23.896470332890207,24.80473372781065
18719,German-Pro-A,614.1666666666666,235,0,49,126,19,18.50817953984936,26.702849389416556,23.257383966244724
87277,Bulgarian-NBL,614.0,267,23,103,47,37,18.91094159167856,28.664495114006513,25.574468085106382
89403,German-Pro-A,613.6833333333333,261,53,124,29,31,23.128711986472087,30.439151571114312,29.677419354838708
23434,German-BBL,613.6666666666666,184,17,77,61,48,20.378581593054935,22.0966865833786,28.369098712446352
11447,German-Pro-A,613.6333333333333,237,10,41,96,17,15.94388425105423,25.031234722146777,20.61054579093432
81251,Adriatic-League-Liga-ABA,613.4,300,60,81,46,25,31.875934970373503,31.757417671992176,40.0
9353,Greek-HEBA-A1,613.1,301,13,58,85,22,24.665018016078655,29.815690751916488,28.90538033395176
1686,Italian-Lega-Basket-Serie-A,613.0,220,68,111,15,24,23.38121166101838,27.01468189233279,30.514018691588785
98363,Canadian-NBL,612.0,287,19,86,72,30,10.934628735382054,30.326797385620914,21.102831594634875
21027,Adriatic-League-Liga-ABA,612.0,206,4,49,75,24,18.61896273084202,21.830065359477125,24.855813953488372
150780,Greek-HEBA-A2,611.6666666666666,234,27,96,28,31,20.31044729774369,25.177111716621255,29.95405819295559
88989,Polish-OBL,611.45,293,16,52,81,20,13.65907426115854,28.914874478698174,23.168516649848637
3702,German-Pro-A,611.25,438,28,55,33,24,13.729296092876915,36.25357873210634,20.783505154639176
18987,French-LNB-Pro-B,611.0,252,93,122,17,23,18.086154161275648,31.685761047463174,26.183699870633895
107638,Canadian-NBL,611.0,279,48,137,31,33,15.189894942221391,32.40589198036007,25.253863134657838
23685,Italian-Lega-Basket-Serie-A,611.0,253,74,81,17,33,22.281532242220393,27.823240589198036,29.98974358974359
108751,Spanish-Primera-FEB,610.9166666666666,98,69,84,29,54,16.803823771242293,18.333105988268997,29.18032786885246
134065,Finnish-Korisliiga,610.3666666666667,418,29,76,94,25,22.310072769102618,40.434711375675825,32.44161358811041
43173,German-Pro-B,610.25,352,71,120,49,24,30.931967953133803,38.803768947152804,33.45060893098782
81106,Spanish-Primera-FEB,610.05,216,19,41,50,22,20.663864581662253,21.375297106794527,31.59922928709056
58952,Italian-Lega-Basket-Serie-A,610.0,268,44,113,48,24,30.281797727451817,31.016393442622952,40.5938864628821
24258,French-Jeep-Elite,610.0,281,6,46,63,20,16.06123193530379,25.9672131147541,22.139848357203032
57340,Estonian-KML,609.5333333333333,278,44,94,43,25,21.680956874016697,30.121404353056985,27.03417861080485
85930,German-Pro-A,609.5333333333333,361,14,56,127,24,14.726080721778024,36.618177840971235,22.688039457459926
42854,Italian-Lega-Basket-Serie-A,609.0,276,80,115,28,36,21.39395034912052,32.77504105090312,34.234234234234236
57478,French-LNB-Pro-B,609.0,342,59,108,32,24,17.392361660812114,35.533661740558294,24.892473118279568
110322,Italian-Lega-Basket-Serie-A,609.0,206,17,74,23,22,17.12861780617686,21.01806239737274,26.372549019607842
2550,Turkish-BSL,608.75,357,8,45,65,19,22.260336013820346,31.211498973305954,28.42200180342651
6195,Austrian-A-Bundesliga,608.7333333333333,317,33,119,33,24,21.20940719801181,32.98652940532253,26.595517609391674
22513,Cypriot-Division-A,608.5833333333334,204,22,81,18,19,20.58464247582349,21.361084485827742,28.700834326579262
23955,German-BBL,608.4833333333333,368,59,78,25,25,31.38413974479697,34.84072420499055,38.23275862068966
56942,Turkish-BSL,608.15,230,43,111,31,20,20.717263974511102,27.2958973937351,32.10191082802548
2309,Spanish-ACB,608.15,303,40,75,21,30,25.292451328187173,28.8744553153005,31.56028368794326
84809,Turkish-BSL,608.0833333333334,222,9,36,34,43,12.886247374837378,19.799917774427847,22.040816326530614
79892,Belgium-Scooore-League,608.0,169,10,38,52,24,12.578690881175252,17.69736842105263,24.669603524229075
22409,Greek-HEBA-A1,607.9,182,16,42,75,26,15.90643014852557,20.727093271919724,22.72502064409579
41588,Czech-NBL,607.5833333333334,263,23,92,30,20,13.388102390967733,26.86051296118502,21.47239263803681
85660,Swedish-Basketligan,607.1,253,11,31,30,23,9.940316612642443,21.41327623126338,15.41501976284585
120281,Portuguese-LPB,607.0666666666667,323,69,93,26,22,16.318528168868816,33.670107621348556,23.544575725026853
54476,Spanish-Primera-FEB,607.0,302,48,81,26,22,27.838446848295135,30.115321252059307,32.35576923076923
30605,French-LNB-Pro-B,607.0,291,60,144,24,22,20.98163691480695,34.200988467874794,28.58934169278997
92770,Australian-NBL,606.7833333333333,191,18,59,33,42,13.767808137259049,19.842338011920784,18.335005015045134
134518,Macedonian-Superleague,606.5666666666667,231,14,58,71,27,8.728466455215042,24.663406055943284,17.309941520467838
90418,Spanish-Segunda-FEB,606.5,301,19,78,24,20,16.785939119216742,27.8318219291014,26.079295154185022
109367,Argentinian-Liga-A,606.0666666666667,266,55,70,8,24,25.42650904139192,26.33373666263337,31.78197064989518
4160,Polish-OBL,605.9666666666667,257,3,54,38,22,19.78688240962067,23.235601518235324,23.23846908734053
143542,French-NM1,605.8833333333333,290,15,73,81,22,13.888320878019037,30.302863587599372,21.474201474201475
58880,Spanish-Primera-FEB,605.8,168,15,61,20,37,21.497953473376487,17.43149554308353,29.195876288659793
53968,Estonian-Latvian-Basketball-League,605.1166666666667,354,5,32,97,21,11.821489428535726,32.25824221224557,21.730103806228374
134597,Spanish-Segunda-FEB,605.0,283,27,57,71,27,18.89455498601224,28.958677685950413,23.716814159292035
107110,Spanish-Primera-FEB,605.0,192,35,101,12,22,16.207952828047606,22.479338842975206,22.99615877080666
4380,French-Jeep-Elite,605.0,249,35,66,27,19,18.74663592171037,24.925619834710744,26.23955431754875
95926,Cypriot-Division-A,604.6666666666666,330,50,105,29,21,23.357476549531995,34.00220507166483,33.38164251207729
10919,Belgium-Scooore-League,604.0,328,9,39,67,19,22.328150416593044,29.337748344370862,28.479485116653258
169233,French-LNB-Pro-B,603.6999999999999,304,23,89,94,26,24.13356171117715,33.79161835348683,31.696202531645568
133571,Kosovo-FBK,603.4666666666667,301,29,100,29,19,14.238186506299582,30.424215642951832,20.890847507010964
121882,Greek-HEBA-A1,603.1333333333333,276,13,50,93,20,19.231930518153195,28.650381341881285,27.90950226244344
107117,Finnish-Korisliiga,602.8,321,31,91,68,22,7.960561940292206,33.90842733908428,20.282050598491107
22918,Spanish-Primera-FEB,602.6166666666667,273,42,65,13,26,24.04432142680387,26.086235030561163,31.5625
152428,Super-League-Basketball,602.5166666666667,187,31,90,45,26,18.94178731789331,23.435036375204007,28.52413793103448
33431,German-BBL,602.35,179,58,107,28,52,18.877516697189975,24.70324562131651,27.804878048780488
75717,Italian-Lega-Basket-Serie-A,602.0,217,36,73,25,39,18.75693912969132,23.322259136212626,28.554744525547445
71462,German-Pro-B,601.8833333333333,325,13,37,49,19,12.301710974881575,28.178218370116024,19.420579420579422
121976,Kosovo-FBK,601.8333333333334,293,10,53,44,18,16.483760134732055,26.585433397950705,22.674897119341562
49893,Australian-NBL,601.7,279,18,66,65,28,20.056840040634064,28.452717300980552,27.36
109463,German-BBL,601.65,363,30,62,38,22,19.340662666077467,32.77653120585058,28.114035087719298
121450,New-Zealand-NBL,601.6333333333333,262,33,142,34,18,10.356146056895525,31.314754280015514,22.11253701875617
139806,BNXT-League,601.0,292,17,49,58,27,19.389659438745273,27.687188019966722,29.158547387068204
72036,Hungarian-NBIA,601.0,261,44,105,30,21,26.897315883750533,29.284525790349416,32.53333333333333
5880,German-BBL,600.9,235,15,44,47,24,22.759910083175434,22.69928440672325,30.679611650485437
30401,Turkish-BSL,600.75,274,11,55,60,19,25.70075592817252,26.63337494798169,37.31940818102698
108832,Finnish-Korisliiga,600.4666666666667,171,36,40,28,21,7.704754043796175,18.319085155989786,12.72340425531915
10773,Polish-OBL,600.2666666666667,355,6,47,81,18,14.962007471949963,32.58551754775655,21.186206896551724
81296,German-Pro-A,600.1166666666667,296,32,82,33,28,16.782850714107774,29.52759185713889,27.292110874200425
32672,Spanish-Primera-FEB,600.0666666666667,219,4,39,32,30,16.13733546277054,19.597822464170648,23.2992700729927
42811,Romanian-Divizia-A,599.7666666666667,221,35,53,58,22,18.426132213789312,24.476185183126773,29.89010989010989
122117,Austrian-A-Bundesliga,599.65,204,44,112,31,25,22.629347688119786,26.081881097306763,29.651162790697676
81209,French-LNB-Pro-B,599.0,199,35,93,20,37,22.874228847980337,23.17195325542571,32.44692737430167
3992,Croatian-A-1-Liga,599.0,309,89,112,16,32,14.004725169774899,35.12520868113523,20.682926829268293
54262,German-Pro-B,598.65,246,26,77,23,22,0.021395560828712492,24.85592583312453,13.388429752066116
81049,Polish-OBL,598.0,386,13,79,46,20,25.589385253644775,35.05016722408027,34.22121896162528
28852,Italian-Lega-Basket-Serie-A,598.0,283,10,70,41,21,18.579506641530045,27.023411371237458,29.613259668508288
128441,Croatian-A-1-Liga,597.8166666666667,287,17,80,117,22,11.650186510278962,33.52198277063759,23.98314014752371
106972,Cypriot-Division-A,597.65,327,20,76,76,19,15.184295829412534,33.39747343763072,26.05898123324397
16770,Slovenian-SKL,597.5166666666667,236,7,36,103,19,14.438860405412765,25.572508437700485,22.851746931067044
22845,Lithuanian-LKL,597.3833333333333,196,18,33,33,22,17.794454104014694,18.748430655916078,24.892367906066536
104819,Swedish-Basketligan,597.15,295,19,93,30,21,13.040715395986588,29.272377124675543,19.805405405405406
88753,Italian-Lega-Basket-Serie-A,597.0,250,74,121,31,20,29.01428325863096,31.892797319933,37.5609756097561
7025,Argentinian-Liga-A,596.9166666666666,294,23,81,57,20,21.32147193121344,30.49001814882033,31.97411003236246
97510,Danish-Basketligaen,596.65,266,18,46,109,22,13.161706629212569,29.43098969244951,23.37327188940092
71571,Italian-Lega-Basket-Serie-A,596.0,260,16,37,33,20,19.855458884073887,23.221476510067113,28.696479543292103
2176,Israeli-BSL,596.0,357,33,54,45,17,22.142195276363147,32.81879194630873,31.10599078341014
121313,Italian-Lega-Basket-Serie-A,596.0,258,51,102,28,28,24.900782574233236,29.463087248322147,32.84132841328413
108571,Brazilian-NBB,595.8166666666667,255,57,85,37,21,21.128753362346043,29.136479342079497,29.69298245614035
31774,Mexican-LNBP,595.8166666666667,254,64,98,22,20,26.38319155747183,29.405018322190827,32.601351351351354
112961,Ukrainian-Superleague,594.9833333333333,247,63,92,28,25,23.325432976056916,28.90837278355136,32.98039215686274
5882,Greek-HEBA-A1,594.75,177,50,93,8,26,20.88530935009615,22.059688944934848,26.359447004608295
26803,German-BBL,594.05,168,44,90,26,57,30.973283440030087,22.085683023314537,38.60696517412935
81432,Canadian-NBL,594.0,195,54,126,40,16,21.058598019747812,27.946127946127945,30.839091806515302
6090,Italian-Serie-A2-Basket,593.0,267,36,88,24,28,10.339050382011825,27.993254637436763,21.417721518987342
41311,Israeli-BSL,593.0,337,14,40,106,22,19.955955041549203,33.52445193929174,31.0435663627153
41329,French-Jeep-Elite,593.0,225,12,32,127,21,16.7487151840666,26.711635750421586,24.190301921317474
117659,Georgian-Super-Liga,592.3,357,10,53,52,17,10.418990077880595,31.875738645956442,21.73913043478261
56998,Ukrainian-Superleague,592.2666666666667,342,25,57,74,18,14.119956128523748,33.63349842413327,24.04494382022472
6228,French-Jeep-Elite,592.0,217,26,56,78,23,21.935862246877566,25.472972972972972,29.04162633107454
8643,French-LNB-Pro-B,592.0,204,59,69,12,33,17.86003625476177,23.243243243243242,29.236363636363638
80448,German-Pro-A,591.6,232,35,71,28,26,16.81856586741792,24.746450304259636,30.181503889369058
84855,German-BBL,591.3833333333333,374,12,76,107,21,23.509396586611437,38.48603556632754,30.498915401301517
23557,New-Zealand-NBL,591.15,284,28,77,41,16,17.964227066048917,29.09583016154952,26.17737003058104
37918,Belgium-Scooore-League,591.0,339,59,138,39,30,21.492020355540834,38.917089678511,31.695137976346913
137725,Slovenian-SKL,590.6166666666667,245,59,75,33,30,4.711835764378086,27.90303919632023,14.285714285714286
107651,Polish-OBL,590.5333333333333,322,26,71,32,21,17.31004123948521,30.548656581621135,26.10655737704918
56661,Finnish-Korisliiga,590.5166666666667,317,3,45,105,20,9.280128888149255,31.83652733481979,16.567950655610474
84044,New-Zealand-NBL,590.25,380,24,81,38,18,11.183514684048225,35.44260906395595,17.5609756097561
44226,British-BBL,590.05,256,24,33,41,27,12.559306706940895,23.997966274044575,16.95336787564767
6478,German-BBL,590.05,253,66,106,25,26,16.044337934675628,30.505889331412593,21.497326203208555
121606,Basketball-Super-League,590.0,204,52,59,22,30,15.674985643213542,22.847457627118644,23.272727272727273
131546,Polish-OBL,589.6666666666666,276,19,72,24,23,17.346466932696394,26.52345958168457,25.768566493955095
147474,French-NM1,589.4166666666666,262,73,78,30,27,29.316358366205133,30.063622225364064,32.993788819875775
18675,Adriatic-League-Liga-ABA,589.0,179,46,107,32,32,19.49569692877441,24.719864176570457,29.807516040329972
1945,Israeli-BSL,589.0,323,8,27,103,16,20.042930629096645,31.30730050933786,26.012058570198104
822,Italian-Lega-Basket-Serie-A,589.0,222,16,67,29,18,26.154316529292466,22.68251273344652,31.25112511251125
31801,Turkish-TBL,588.8333333333334,282,74,145,31,19,27.927975693101697,36.139258420605714,37.20504009163803
84053,Belarusian-BPL,588.75,418,14,58,106,25,10.339213209127765,40.49256900212314,17.706093189964157
30343,Greek-HEBA-A1,588.0,228,66,103,9,25,16.18799941168059,27.61904761904762,18.965034965034967
27315,VTB-United-League,587.9833333333333,282,46,150,34,18,20.9581992447749,34.830919243742734,29.546891464699684
139725,Turkish-TBL,587.7666666666667,292,22,63,72,16,14.578447493580674,30.55634322009868,25.693730729701954
107044,Serbian-KLS,587.3166666666667,224,21,56,30,21,15.121007224687679,22.543204971764236,21.36769078295342
139802,Slovenian-SKL,587.0,320,15,88,52,24,15.005359393907709,32.3679727427598,25.88235294117647
122059,Canadian-Elite-Basketball-League,586.8666666666667,365,68,66,44,20,24.682408267798618,37.01011018970805,32.329817833173536
58223,Polish-OBL,586.1666666666666,349,23,102,49,20,19.760319938860434,35.6895081034973,31.60337552742616
107344,German-BBL,585.8,392,16,69,70,20,20.94615317165717,37.35063161488563,30.489795918367346
122925,Bosnian-BiH-Liga,585.8,324,55,128,26,24,18.0702898974672,36.39467395015364,27.863247863247864
84452,Spanish-ACB,585.3833333333333,300,20,37,56,27,28.32825505207798,28.220823961506706,38.889916743755784
24304,New-Zealand-NBL,585.1333333333333,370,56,123,44,16,18.758880397611023,40.53776916942007,28.571428571428573
5535,Romanian-Divizia-A,585.0833333333334,222,58,114,11,24,21.51071809415099,27.68836348098561,24.829157175398635
10632,Italian-Serie-A2-Basket,585.0,322,25,86,39,18,23.111672896784775,32.27350427350427,32.833763996554694
57185,Danish-Basketligaen,584.75,310,16,53,87,20,11.295140010432052,31.876870457460452,15.901639344262295
118187,German-Pro-A,584.75,339,18,86,98,19,21.581956576975895,37.00726806327491,31.106290672451195
85561,Cypriot-Division-A,584.6833333333333,323,11,27,76,17,20.052808323869648,29.896525184572848,27.510373443983404
134164,Cypriot-Division-A,584.4833333333333,270,7,59,79,15,16.729143403306995,28.401152014599788,26.455981941309254
108182,Greek-HEBA-A1,584.4666666666667,362,21,58,61,24,26.425783721351607,34.356108132770615,34.263862332695986
148415,Romanian-Divizia-A,584.0833333333334,268,54,83,44,28,18.41061308726801,30.749036952489654,24.25752855659398
45256,Italian-Serie-A2-Basket,584.0,212,29,70,36,24,18.762052118113072,23.767123287671232,28.371278458844134
32788,Spanish-Primera-FEB,583.4166666666666,184,39,98,11,23,15.547506560460256,22.76246250535638,21.818181818181817
88484,Spanish-Segunda-FEB,583.0,150,47,65,14,34,9.971385855584508,18.936535162950257,16.83116883116883
80115,Estonian-Latvian-Basketball-League,582.4166666666666,275,47,142,34,26,15.470398940957864,34.202317928172846,22.462311557788944
4440,Turkish-BSL,582.4,279,80,108,21,20,28.081202013439675,33.51648351648352,31.93388429752066
5584,Greek-HEBA-A1,582.2666666666667,252,43,137,10,20,19.287468363619524,30.36409434394321,26.05128205128205
127516,Estonian-Latvian-Basketball-League,582.25,271,63,113,23,23,18.46778905231686,32.28853585229712,28.034782608695654
28227,German-BBL,582.1333333333333,286,23,104,15,24,17.925606836173916,29.409070087036188,24.24969987995198
134134,Kosovo-FBK,582.0833333333334,313,9,30,103,17,20.049033592171437,31.267000715819613,31.54046997389034
155082,Serbian-KLS,582.0,249,5,52,69,22,15.316357643196465,25.77319587628866,25.835411471321695
33375,Italian-Lega-Basket-Serie-A,582.0,231,19,38,31,41,14.692695675716894,21.924398625429554,22.430555555555557
3803,Belgium-Scooore-League,582.0,244,10,73,28,23,13.356340744449923,24.398625429553263,21.323662737987306
4175,French-Jeep-Elite,582.0,184,18,46,74,25,19.198897955778644,22.130584192439862,29.514893617021276
84564,Turkish-TBL,581.4333333333333,183,42,99,22,20,21.96481994617448,23.803244854669497,32.849364791288565
95916,British-BBL,581.3166666666667,202,17,75,48,18,9.858712246549691,23.532784770205566,16.986301369863014
59512,Lithuanian-LKL,581.0666666666666,258,35,86,20,24,25.785601656821765,27.466727856815055,29.213483146067414
46349,Hungarian-NBIA,581.0,190,28,78,19,22,19.05633387481555,21.686746987951807,28.736141906873613
84928,Cypriot-Division-A,580.7833333333333,286,53,101,27,20,14.211516807069314,32.1634573994892,23.571428571428573
42570,New-Zealand-NBL,580.5833333333334,412,31,80,80,19,18.81333096390443,41.54442371178412,29.733333333333334
122415,Croatian-A-1-Liga,580.1666666666666,179,36,77,79,17,11.363299124072546,25.57885665038782,20.56872037914692
45019,Belgium-Scooore-League,580.0,221,9,34,58,29,27.51927621830563,22.20689655172414,29.07861369399831
151506,Australian-NBL,579.75,240,11,71,45,49,17.69770540098492,25.321259163432515,28.347529812606474
152634,Super-League-Basketball,579.6,213,39,103,35,21,15.873194590206968,26.915113871635608,24.641975308641975
3528,Swedish-Basketligan,579.4,288,7,41,92,23,14.497997034068284,29.547808077321367,23.19169027384325
81102,German-Pro-B,579.2,284,20,68,130,19,17.219989892685835,34.668508287292816,28.119800332778702
43475,National-Basketball-League-of-Japan,579.0,180,84,155,19,26,14.236861191891732,30.259067357512954,21.2853470437018
89352,British-BBL,578.6333333333333,357,11,66,54,20,13.713758073301797,33.73466213491561,23.7593984962406
52563,Polish-OBL,578.4,263,8,64,125,19,18.95780402600457,31.811894882434302,25.583405358686257
44105,German-BBL,578.1333333333333,176,22,84,24,42,7.034725489570265,21.17158671586716,17.530864197530864
4805,Italian-Serie-A2-Basket,578.0,307,13,52,62,17,18.43019402569904,30.034602076124568,24.952545297670405
166044,Cypriot-Division-A,578.0,355,30,68,48,17,7.903828472254249,34.67128027681661,14.841930116472545
9409,German-BBL,577.45,245,25,87,22,27,23.201800394985572,26.253355268854445,33.12961011591148
134962,Polish-OBL,576.7,258,12,23,74,22,11.018918770125651,25.4551760013872,20.7372175980975
24178,Israeli-BSL,576.0,348,19,72,27,37,21.91684773863046,32.361111111111114,33.23475046210721
84317,Lithuanian-NKL,575.7833333333333,378,19,65,40,22,11.563280903092023,34.87422931079399,19.929328621908127
117399,French-Jeep-Elite,575.0,245,25,86,45,20,22.694483144887652,27.895652173913042,30.39325842696629
121645,Italian-Serie-A2-Basket,575.0,262,13,45,40,22,17.430272878096172,25.043478260869566,24.20890937019969
131905,Croatian-A-1-Liga,574.9833333333333,303,13,72,87,18,13.10539509010337,33.04443607061074,18.15126050420168
84824,Czech-NBL,574.7666666666667,259,18,71,72,23,10.152836417441103,29.229252450269676,23.23607427055703
28983,Spanish-Primera-FEB,574.1666666666666,277,45,52,37,27,10.806944665489636,28.63280116110305,17.354196301564723
30341,Adriatic-League-Liga-ABA,574.0,253,52,86,25,25,20.638908691511187,28.989547038327526,29.17365269461078
42568,Finnish-Korisliiga,573.4666666666667,293,7,86,38,20,14.393342146030173,29.574517554057195,23.269961977186313
17646,French-LNB-Pro-B,573.0,248,7,16,23,54,12.284651081720567,20.523560209424083,19.41997851772288
6319,Belgium-Scooore-League,573.0,253,48,89,17,33,25.497355042158226,28.411867364746946,29.236363636363638
134457,Estonian-Latvian-Basketball-League,572.55,324,38,101,47,19,16.993307356788254,35.630075975897306,25.99429115128449
88876,Polish-OBL,572.4833333333333,224,22,80,95,26,15.024195770308948,29.415703513930534,25.148325358851675
83907,Italian-Lega-Basket-Serie-A,572.0,191,60,85,13,20,23.15011463318819,24.405594405594407,24.47163515016685
7294,Israeli-BSL,572.0,256,43,88,24,20,28.02321009334782,28.74125874125874,36.0
140992,Adriatic-League-Liga-ABA,571.9833333333333,173,19,59,5,21,14.15636236209808,17.902619540196394,24.981412639405203
72028,Brazilian-NBB,571.5833333333334,253,36,81,19,30,17.324283802537877,27.222627205131943,26.843373493975903
54506,Turkish-BSL,571.55,222,22,50,33,46,13.462625319245097,22.885136908406967,20.46678635547576
89974,Portuguese-LPB,571.45,248,5,45,65,21,10.64550137274889,25.409047160731472,20.525838621940164
42596,Canadian-NBL,571.2,185,18,66,43,20,13.149620510957808,21.848739495798316,19.198396793587175
122262,German-Pro-A,571.1666666666666,325,15,52,52,33,11.426227279671679,31.094251531952146,21.28205128205128
108549,French-Jeep-Elite,571.0,180,37,67,12,33,21.45613864338563,20.73555166374781,29.27659574468085
107245,German-BBL,570.8666666666667,310,30,49,27,22,16.968391942923752,29.148662851804275,24.87719298245614
80669,German-Pro-A,570.45,242,25,73,54,22,15.568017040230382,27.627311771408536,23.921246923707958
85956,Super-League-Basketball,570.0166666666667,260,11,64,93,19,15.88707946865343,30.03420952603725,24.126315789473683
2213,German-BBL,569.8333333333334,236,17,53,102,35,16.473698678719003,28.639953202690844,24.763636363636362
22399,Greek-HEBA-A1,569.8,251,14,49,57,20,18.16715099462583,26.044226044226047,27.61220825852783
98016,German-Pro-A,569.55,212,10,50,57,28,9.454760640272653,23.105960846282155,19.548022598870055
122268,Danish-Basketligaen,569.0333333333333,324,25,87,113,19,20.239990344584065,38.591763809970125,29.185185185185187
117459,French-NM1,568.8,251,18,69,37,22,8.24463650327605,26.371308016877638,17.36263736263736
87270,German-Pro-A,568.5166666666667,332,15,57,57,23,10.079037864806464,32.43528480548797,15.739837398373984
4179,German-BBL,568.2,180,12,50,29,56,13.270756831766205,19.077789510735656,19.068736141906875
31182,Polish-OBL,567.5666666666667,222,13,48,29,21,18.847059709072674,21.988606331121158,24.97261774370208
8481,Greek-HEBA-A1,567.05,195,5,53,30,23,10.042195387231224,19.962966228727627,22.40469208211144
7462,Netherlands-DBL,567.0,223,13,46,87,17,18.575431400945586,26.03174603174603,25.829428303655106
107147,Hungarian-NBIA,567.0,299,36,134,50,19,22.986438677683832,36.613756613756614,30.80082135523614
89970,Czech-NBL,566.7166666666667,291,68,147,34,42,27.320379256771385,38.11428403376173,38.81773399014779
7244,Slovenian-SKL,566.6666666666666,214,17,80,118,18,14.525400067959387,30.282352941176473,26.522911051212937
134568,New-Zealand-NBL,566.2833333333333,241,32,100,37,21,19.16082172026157,28.960767578067518,24.27464008859358
10501,Polish-OBL,566.2166666666667,186,18,42,71,20,15.538223325799416,22.394254260736467,23.16776007497657
4806,Adriatic-League-Liga-ABA,566.0,208,16,62,38,25,20.44936954930278,22.897526501766784,27.14524207011686
117646,Danish-Basketligaen,565.8333333333334,389,17,53,30,21,20.415328476494484,34.56848306332842,27.223476297968396
107655,Bosnian-BiH-Liga,565.35,314,8,45,68,16,9.821244585245248,30.777394534359246,17.562408223201174
155423,German-Pro-A,565.2,302,9,56,95,20,13.57805969417214,32.696390658174096,21.717171717171716
1953,Israeli-BSL,565.0,256,33,84,35,18,21.425629253646274,28.884955752212388,30.08635578583765
6232,Turkish-TBL,564.8,283,19,49,37,17,18.602068495698642,27.47875354107649,26.288117770767613
140047,Lithuanian-LKL,564.55,198,43,70,16,29,15.899741805741051,23.168895580550885,20.67669172932331
44735,German-Pro-B,564.3666666666667,209,66,125,39,27,18.008766402900598,31.114523654834326,22.58992805755396
132156,Czech-NBL,564.3166666666666,366,49,133,50,31,17.67056159402139,42.38754836232612,25.281899109792285
10743,Turkish-TBL,564.2666666666667,320,16,33,29,23,18.34416545641316,28.21361058601134,24.760180995475114
23319,German-Pro-B,564.0166666666667,241,0,50,53,19,16.55830868547751,24.396442185514612,25.503634475597092
107579,Serbian-KLS,564.0,224,21,88,41,20,9.196057151589743,26.52482269503546,18.77227722772277
106824,Spanish-Primera-FEB,563.6833333333333,343,20,52,33,26,18.84201691565903,31.790899145501317,26.976744186046513
121509,BNXT-League,563.0,218,13,91,58,20,19.038512266904732,26.99822380106572,28.089887640449437
48925,Italian-Lega-Basket-Serie-A,563.0,231,42,117,30,22,2.0584393104691543,29.840142095914743,10.256410256410257
152653,Czech-NBL,562.9166666666666,327,11,50,90,24,22.634402887580567,33.9659511472983,32.17922606924643
37899,Swedish-Basketligan,562.25,233,17,51,31,20,13.880054675013369,23.61938639395287,21.972602739726028
3691,Polish-OBL,562.05,311,5,58,54,19,13.429920355423647,30.459923494351038,17.64294049008168
4271,Turkish-TBL,562.0,260,48,128,14,24,20.354310838719382,32.02846975088968,34.2312925170068
80994,Belgium-Scooore-League,562.0,235,14,53,38,27,15.650863549587914,24.199288256227756,23.990498812351543
84802,Spanish-Primera-FEB,561.8,214,9,31,29,30,19.31710292409943,20.149519401922394,27.32568402471315
31256,Hungarian-NBIA,561.0,258,38,113,29,20,20.12986998146961,31.22994652406417,29.92063492063492
97588,Italian-Serie-A2-Basket,561.0,241,57,121,12,18,21.958019646900077,30.73083778966132,27.618129218900673
41489,Estonian-KML,560.8833333333333,368,12,69,98,23,17.04129726002749,39.00989510593409,28.639269406392692
142564,Cypriot-Division-A,560.85,294,42,152,36,17,12.6960894738097,37.37184630471605,21.60427807486631
104912,Adriatic-League-Liga-ABA,560.7833333333333,220,82,80,29,39,24.915556960132452,29.316135168068477,31.794871794871796
139950,Serbian-KLS,560.3,276,47,90,24,25,22.287040611152573,31.19757272889524,29.885057471264368
44296,Hungarian-NBIA,560.0,258,23,80,32,20,18.756957824091323,28.071428571428573,32.86510590858417
41959,Italian-Lega-Basket-Serie-A,560.0,221,78,130,13,22,21.16560620380251,31.571428571428573,28.0466472303207
84392,German-Pro-A,559.7833333333333,324,11,66,35,26,25.808461758405027,31.154911126328642,29.79933110367893
140164,German-BBL,559.1166666666667,354,11,37,105,21,28.32041228208689,36.27149968700629,36.35099913119027
23430,French-LNB-Pro-B,559.0,240,37,81,20,23,27.098283126486535,27.04830053667263,35.28089887640449
85816,Netherlands-DBL,558.6833333333334,269,17,72,45,18,18.23333933650231,28.853554488231254,23.71747211895911
24171,Italian-Lega-Basket-Serie-A,558.0,279,28,43,18,23,23.324684297219605,26.379928315412187,26.033333333333335
139854,Bulgarian-NBL,558.0,242,40,105,29,19,16.008283549099417,29.82078853046595,24.573991031390136
144061,Serbian-KLS,558.0,189,4,47,61,20,10.285790029069302,21.57706093189964,19.613196814562002
85113,British-BBL,557.3166666666666,253,9,55,39,20,7.750032623309855,25.55100331947726,17.24941724941725
30601,Greek-HEBA-A1,557.0666666666666,303,16,67,70,22,21.37547135051323,32.742939205361424,27.091503267973856
138320,French-Jeep-Elite,556.75,201,8,25,26,24,16.36594289328823,18.67983834755276,22.02338307699343
207113,Super-League-Basketball,556.2333333333333,133,32,79,28,30,9.007934761009937,19.560136633307366,19.134273230935545
58207,Spanish-Segunda-FEB,556.1,254,45,92,20,19,20.637469420658842,29.563028232332314,31.408016443987666
107069,German-BBL,556.0500000000001,294,76,84,23,22,19.687080310649048,34.31346101969247,29.471153846153847
141543,German-BBL,555.9333333333334,154,43,59,8,60,16.513131323206636,18.995083343326534,21.547799696509863
45526,German-Pro-B,555.45,220,62,122,17,26,10.958559609793838,30.317760374471145,21.890547263681594
155444,Slovakian-Extraliga,555.1666666666666,319,67,96,12,18,13.841908496909861,35.592915040528375,22.081686429512516
6778,Australian-NBL,554.7333333333333,277,44,74,31,27,24.973613496871256,30.717461843528422,34.83870967741935
106728,Finnish-Korisliiga,554.65,324,45,58,63,20,11.761956867974867,35.337600288470206,21.496598639455783
42551,Spanish-ACB,554.3166666666666,305,25,46,30,29,20.94190676933341,29.29733305270754,30.634146341463413
122038,Australian-NBL,554.2833333333333,297,46,80,33,22,19.913477817511257,32.907357849475304,29.63144963144963
142562,British-BBL,554.2333333333333,245,44,129,19,28,17.47953761450304,31.539062969868287,27.764705882352942
30830,Mexican-LNBP,554.15,151,10,52,33,43,15.728491644846512,17.756925020301363,22.03160270880361
80075,Turkish-TBL,554.05,268,47,115,12,21,16.992895421915616,31.91047739373703,25.741811175337187
73144,Italian-Lega-Basket-Serie-A,554.0,232,24,66,26,20,24.708649715780076,25.126353790613717,33.00280636108513
131787,BNXT-League,554.0,216,42,84,22,22,22.49061740497655,26.28158844765343,28.970099667774086
28943,French-Jeep-Elite,554.0,237,8,52,68,24,19.298137317056828,26.353790613718413,26.022727272727273
81311,German-BBL,553.7333333333333,271,10,41,39,21,21.394187982261524,26.077534312545147,28.475836431226767
23237,Australian-NBL,553.3,174,24,68,53,41,16.821577043997113,23.061630218687874,25.46788990825688
9363,Finnish-Korisliiga,553.2,238,46,110,16,25,15.96957714565929,29.64569775849602,18.955223880597014
8757,French-LNB-Pro-B,553.0,323,32,126,28,22,17.949233575961433,36.81735985533454,28.683274021352315
4203,Greek-HEBA-A1,552.9333333333334,167,43,93,34,19,25.08127176507217,24.379069206655412,30.15668202764977
97587,New-Zealand-NBL,552.9333333333333,431,18,65,73,16,18.444494712607913,42.46443211960454,29.23258559622196
104911,German-Pro-A,552.8,245,32,125,38,24,12.382276959958574,31.837916063675834,20.925925925925927
10681,Spanish-Primera-FEB,552.1666666666666,218,21,37,19,27,19.729489746120908,21.3703591910655,24.225352112676056
142041,Finnish-Korisliiga,552.1166666666667,299,14,54,70,32,21.186611292392566,31.659975246777552,26.457242582897035
107104,Canadian-Elite-Basketball-League,551.9333333333334,174,19,78,38,22,16.77694839997864,22.39400893827757,24.181818181818183
140950,French-LNB-Pro-B,551.9,159,76,84,29,29,22.798731739376187,25.221960500090596,28.095838587641865
52541,Croatian-A-1-Liga,551.5833333333334,277,64,108,28,19,12.131906462398431,34.59132799516543,24.27860696517413
155433,Cypriot-Division-A,551.45,206,26,77,30,25,11.854979381312578,24.589718016139265,19.482120838471022
85614,German-Pro-A,551.0166666666667,192,47,82,23,31,15.862159180938281,24.972021414960224,25.38860103626943
106935,French-LNB-Pro-B,551.0,258,70,102,52,23,15.06540980358162,34.990925589836664,23.085399449035812
9311,Italian-Serie-A2-Basket,551.0,239,25,78,43,15,17.245110329974235,27.9491833030853,24.428997020854023
97669,Bosnian-BiH-Liga,550.85,306,15,62,55,19,21.804306917579044,31.805391667423073,31.63963963963964
148606,Canadian-Elite-Basketball-League,550.5,217,14,61,50,20,9.698225662449506,24.850136239782017,19.871382636655948
108027,Australian-NBL,550.4666666666667,234,31,88,29,32,21.30807261092993,27.758265713939686,29.487179487179485
132241,Finnish-Korisliiga,550.15,262,19,48,26,21,17.848236776993808,25.811142415704808,26.784452296819786
73146,Hungarian-NBIA,550.0,290,55,95,25,21,16.53303512154367,33.81818181818182,28.006182380216384
6158,French-Jeep-Elite,550.0,313,13,46,54,18,14.371293170087764,30.98181818181818,21.71767028627838
9077,Baltic-League-BBL-Elite-Division,549.9,270,8,40,51,18,22.38583536627372,26.84124386252046,30.998307952622675
24151,Turkish-BSL,549.7833333333333,215,94,88,9,21,26.324347217265718,29.538909267287114,29.23818707810993
2161,Chinese-CBA,549.6833333333334,313,94,115,8,17,23.654876246700685,38.5676601679755,34.02150537634409
156716,Slovakian-Extraliga,549.65,237,19,69,29,20,12.202982930380788,25.76184844901301,22.340216322517207
131611,Hungarian-NBIA,549.0,298,31,110,23,19,21.297525347618368,33.66120218579235,29.28654970760234
32967,Spanish-Primera-FEB,549.0,192,15,42,10,43,11.181622625553794,18.870673952641166,19.25
15710,Portuguese-LPB,548.7833333333333,261,21,91,21,16,19.299556823036895,28.71807331369393,26.537396121883656
23975,Swedish-Basketligan,548.1333333333333,218,61,115,19,22,16.539615404466996,30.138652396010702,23.339960238568587
10882,Hungarian-NBIA,548.0,333,26,55,66,22,18.335904747560434,35.03649635036496,27.384615384615383
139990,Kosovo-FBK,547.9833333333333,357,20,57,93,18,23.181549596282828,38.46832324584081,32.60906757912746
121487,Finnish-Korisliiga,547.6166666666667,240,44,117,25,21,21.834533079132303,31.116657028943603,32.910737386804655
121720,Estonian-Latvian-Basketball-League,547.0666666666666,251,8,37,82,21,8.712548955997239,27.63831342919815,18.625
23935,Polish-OBL,547.0,215,12,51,40,19,20.418422119599033,23.254113345521024,27.064676616915424
3670,Italian-Lega-Basket-Serie-A,547.0,191,13,34,20,20,22.07541003868178,18.86654478976234,27.991169977924944
86978,Czech-NBL,546.8333333333334,264,23,52,61,18,12.595816732967657,29.25937214263944,18.428184281842817
73133,British-BBL,546.8,131,26,67,52,31,11.371622558098723,20.190197512801756,17.70956316410862
114200,Cypriot-Division-A,546.4666666666667,280,80,149,9,20,13.128682652457075,37.916310845431255,22.564102564102566
28800,Argentinian-Liga-A,546.4,221,70,93,12,31,16.59791009418185,28.989751098096633,22.96028880866426
31265,Finnish-Korisliiga,546.2666666666667,311,64,132,12,26,12.795899179438303,38.00341713448865,25.90277777777778
134076,Polish-OBL,545.9833333333333,157,32,86,15,22,10.998127692303182,21.24606978234989,20.145985401459853
82914,German-Pro-A,545.7833333333333,238,11,38,42,23,15.469715295954895,24.11213240907564,23.68260427263479
76253,French-Jeep-Elite,545.0,293,80,81,22,33,29.19659210292941,34.93577981651376,37.229129662522205
10638,Adriatic-League-Liga-ABA,545.0,245,33,65,42,23,14.576226148101341,28.256880733944953,24.175824175824175
140026,British-BBL,544.85,222,21,61,69,22,23.193017892658375,27.38368358263742,28.547717842323653
140014,French-LNB-Pro-B,544.3,292,19,44,86,25,15.817019597272827,32.408598199522324,22.19312602291326
155505,Basketball-Super-League,544.0,295,10,83,86,19,10.51818013772259,34.85294117647059,23.21167883211679
76471,Slovakian-Extraliga,543.8166666666666,280,14,54,27,16,10.7112043037117,27.582825094241322,16.84729064039409
148532,British-BBL,543.1333333333333,175,43,58,73,32,19.529715679857098,25.70271265496502,30.932286555446517
11001,Italian-Lega-Basket-Serie-A,543.0,249,11,59,26,18,18.560444303845312,25.414364640883978,24.873949579831933
133390,Serbian-KLS,543.0,333,5,31,50,30,15.055660492800888,30.865561694290975,24.38144329896907
107619,Swedish-Basketligan,542.6333333333333,294,8,51,23,19,17.096922408554935,27.716690214386634,23.46117867165575
131157,Slovenian-SKL,542.5833333333334,246,37,118,68,16,16.135471442640206,34.57533405006911,22.89156626506024
108184,German-BBL,542.4333333333333,272,13,42,101,20,19.734168092656926,31.56148220979537,28.22707423580786
127447,Kosovo-FBK,542.2166666666667,193,38,86,26,19,23.239186001217387,25.303537946085513,26.38573743922204
87269,German-Pro-A,542.0833333333334,358,13,42,16,27,13.968126514919401,31.655649500384317,21.029920081019792
94853,Spanish-Segunda-FEB,542.0,185,9,53,35,23,4.518164273285346,20.81180811808118,15.487465181058496
134461,Serbian-KLS,542.0,244,26,41,63,19,27.44292107567887,27.60147601476015,31.99017199017199
2368,Israeli-BSL,542.0,245,37,82,21,19,20.199154652533387,28.41328413284133,27.270896273917423
108212,German-Pro-A,541.4666666666667,242,9,41,81,18,18.199877672089396,27.55478946072396,23.827956989247312
19716,Belgium-Scooore-League,541.0,252,48,85,14,21,20.473655459262154,29.500924214417743,25.486381322957197
15393,French-Jeep-Elite,541.0,207,42,101,27,23,27.643040348256996,27.87430683918669,32.961672473867594
2380,Spanish-Primera-FEB,540.8166666666666,254,43,58,16,26,18.050402113738404,27.439982742149223,26.978922716627636
30393,Swedish-Basketligan,540.7333333333333,218,7,35,84,18,6.140473669627512,25.4469239304648,13.631840796019901
140299,Estonian-Latvian-Basketball-League,540.4,290,45,135,41,18,23.569050687612634,37.82383419689119,31.11111111111111
92192,German-BBL,539.8333333333334,266,15,53,52,23,23.151650662028118,28.601420191417102,32.12192262602579
107072,Portuguese-LPB,539.5333333333333,213,37,68,27,22,16.95425050489075,25.5776597059187,29.049919484702095
49590,Czech-NBL,539.2833333333333,208,54,67,15,24,14.342381422627403,25.515344438606796,19.646017699115045
121323,Spanish-Primera-FEB,539.0,240,66,101,17,25,25.09975877039998,31.465677179962896,32.862275449101794
134225,German-BBL,538.9666666666667,154,33,56,19,31,19.955920634289566,19.44461624095491,26.094182825484765
9582,Latvian-LBL,538.5833333333334,214,58,118,22,25,22.928393157128337,30.598793130125326,32.349514563106794
31029,German-Pro-A,538.5666666666667,246,24,72,38,26,18.665696149670403,28.223061211858635,25.45101842870999
134146,Canadian-Elite-Basketball-League,538.4,245,11,43,15,39,21.609162159018716,23.32838038632987,27.00132100396301
6887,Belgium-Scooore-League,538.0,221,17,60,26,19,17.013264955847053,24.08921933085502,22.832167832167833
103930,Mexican-CIBACOPA,537.9166666666666,249,10,63,50,18,15.539208633572096,27.662277304415184,29.649595687331537
57228,Polish-OBL,537.8166666666666,289,7,28,48,25,12.969786615962605,27.66742074436766,23.140495867768596
24222,Australian-NBL,537.7666666666667,153,44,66,24,30,14.458708673039952,21.347548503068246,18.0040733197556
21444,Turkish-TBL,537.7666666666667,207,20,78,69,17,16.169472128582353,27.818756585879875,25.28101802757158
76390,Croatian-A-1-Liga,537.3166666666667,266,48,102,17,23,17.169162332364913,32.23425044201122,26.976744186046513
7867,Greek-HEBA-A1,537.3166666666667,176,37,122,19,18,25.662928166743693,26.35317472626322,25.146886016451234
121506,French-Jeep-Elite,537.0,210,35,59,18,21,22.823136662506307,23.98510242085661,27.814569536423843
58285,Hungarian-NBIA,537.0,199,21,67,99,19,18.905906314783735,28.752327746741155,30.4170363797693
120270,Hungarian-NBIA,537.0,276,3,26,64,17,16.21481703720655,27.48603351955307,28.672566371681416
42291,German-BBL,536.9333333333333,135,3,65,107,24,13.556301710645084,23.09411472560219,19.401778496362166
97458,Danish-Basketligaen,536.8666666666667,296,10,40,79,19,13.89391460556271,31.66521793120576,19.976331360946745
121957,German-BBL,536.8,279,7,49,101,20,19.817712816804658,32.48882265275708,29.291666666666668
43423,Turkish-TBL,536.75,252,18,80,34,18,21.990998453962586,28.616674429436422,34.34782608695652
10345,German-Pro-B,536.6666666666666,244,4,145,24,26,15.415463468531247,31.080745341614907,23.470483005366727
134108,Lithuanian-LKL,535.9666666666667,177,25,82,93,17,12.238496976565747,28.13607811431059,18.025210084033613
109503,Danish-Basketligaen,535.9333333333334,193,32,99,28,19,17.03558733394783,26.27192436870257,22.524916943521596
43197,German-Pro-A,535.8166666666666,298,60,78,23,25,22.086721786232857,34.26545149149274,31.780104712041886
94722,Greek-HEBA-A1,535.5166666666667,282,55,75,18,20,25.346859076078562,32.118514829915036,32.54237288135593
131051,Venezuelan-SLB,535.1,256,42,82,47,22,17.512219764378067,31.919267426649224,28.74274661508704
86054,Ukrainian-Superleague,535.0166666666667,222,52,81,20,25,14.931798975856077,28.0365097660509,23.68686868686869
17393,Netherlands-DBL,535.0,168,22,46,15,34,7.590947034793949,18.766355140186917,20.11001100110011
56825,Israeli-BSL,535.0,143,16,34,49,47,9.882950425483035,18.093457943925234,18.826979472140764
17065,Spanish-ACB,534.6,291,56,99,22,20,34.6287984550795,35.01683501683502,40.51899907321594
816,Spanish-ACB,534.5166666666667,291,53,96,24,20,32.9265501842109,34.72295843597019,38.44897959183673
2184,Greek-HEBA-A1,534.4,269,21,70,30,28,19.502615385570856,29.191616766467067,29.498399146211312
75870,German-Pro-B,534.3166666666667,236,33,104,28,19,17.570591126789218,30.01965126797467,23.320463320463322
117844,Bulgarian-NBL,534.0,311,64,148,40,25,18.72700449347937,42.172284644194754,31.039657020364416
97701,Ukrainian-Superleague,533.3666666666667,270,7,43,41,23,18.803591307963245,27.073307918255107,24.401544401544403
103921,Hungarian-NBIA,533.1333333333333,284,11,57,31,16,9.110465004702347,28.73577591596849,18.68480725623583
150669,BNXT-League,533.0,328,15,61,26,16,18.241111495130294,32.270168855534706,25.544554455445546
28980,Slovenian-SKL,532.8,197,8,28,104,22,10.533506408718672,25.300300300300304,15.789473684210526
98102,Estonian-Latvian-Basketball-League,532.4166666666666,338,9,74,107,21,15.594848611447155,39.66817968383159,25.57659208261618
87319,German-BBL,532.2666666666667,181,17,54,20,25,15.596182733630044,20.440881763527056,20.420650095602294
81150,German-BBL,532.2166666666667,235,8,32,94,18,22.28982058058549,27.733066107161868,30.0
18894,German-BBL,532.2,249,52,49,14,50,15.299810872224192,27.35813603908305,23.727161997563947
16884,Hungarian-NBIA,532.0,242,54,108,13,22,18.27894629070197,31.353383458646615,22.950819672131146
134427,Slovakian-Extraliga,531.9666666666667,344,6,45,73,15,8.946172633679302,35.19017482298389,23.39240506329114
52556,German-Pro-A,531.8,193,37,115,26,27,21.25832713218237,27.9052275291463,28.376470588235293
17754,Australian-NBL,531.3333333333334,171,28,47,33,61,11.798757445230924,21.003764115432872,20.171919770773638
117706,Israeli-BSL,531.0,266,42,94,15,20,21.043205971796176,31.412429378531073,32.07627118644068
76276,Australian-NBL,530.8,226,54,106,21,24,12.695169996497265,30.670685757347403,17.253218884120173
122105,German-Pro-A,530.6666666666666,279,12,43,66,34,13.036818241822246,30.150753768844222,21.657922350472194
80568,German-Pro-A,530.5,234,5,33,48,27,20.974812424218463,24.12818096135721,33.52502662406816
140725,Polish-OBL,530.3333333333334,225,15,30,78,21,8.746743387736974,26.247642991829036,17.43145743145743
26695,Luxembourg-Total-League,530.3333333333334,367,26,82,13,15,17.21986873379374,36.80703959773727,28.44221105527638
73152,Italian-Serie-A2-Basket,530.0,314,15,60,47,15,17.261106304192023,32.905660377358494,25.65638766519824
42948,Lebanese-Division-A,529.9166666666666,348,22,42,53,15,18.54724324668809,35.09985846831263,29.00243309002433
53190,Swedish-Basketligan,529.15,197,9,51,57,31,8.94648353710336,23.736180667107625,19.78102189781022
28804,French-LNB-Pro-B,529.0,236,20,69,34,18,16.001855895911028,27.145557655954633,26.87830687830688
24705,Italian-Serie-A2-Basket,529.0,236,17,38,27,19,16.798990691043556,24.045368620037806,23.88663967611336
45136,Spanish-Segunda-FEB,528.9,220,9,42,17,23,12.858264045189514,21.781055019852523,21.196581196581196
138233,German-BBL,528.7,315,7,38,91,22,15.264613440734378,34.12142992245129,25.52929085303186
2207,Spanish-ACB,528.7,189,25,64,8,25,13.535918291632703,21.63797995082277,19.433962264150942
22539,Danish-Basketligaen,528.3666666666667,301,34,85,8,18,20.98524222133818,32.40174121506529,26.824817518248175
31059,Italian-Lega-Basket-Serie-A,528.0,220,6,29,37,21,27.605967275342152,22.12121212121212,31.6751269035533
9941,Belgium-Scooore-League,528.0,208,21,42,17,34,16.044231026998496,21.818181818181817,22.567811934900543
15857,Lithuanian-LKL,527.9166666666666,193,21,62,31,27,21.609324014047196,23.261247040252567,29.82885085574572
24196,Polish-OBL,527.85,276,56,83,14,22,21.532875395002673,32.509235578289285,26.26865671641791
2199,Lithuanian-LKL,527.8333333333334,281,60,138,13,29,27.868415453229947,37.28449636880328,30.979498861047837
44886,Italian-Serie-A2-Basket,527.8333333333334,222,3,35,15,19,25.320205877301767,20.839911588253866,30.812854442344044
81424,Netherlands-DBL,527.35,300,5,57,29,20,21.741351355072034,29.65772257513985,32.77056277056277
20169,Australian-NBL,527.0666666666667,232,8,53,25,20,22.05427502567701,24.133569440930938,27.31585518102372
80278,Adriatic-League-Liga-ABA,527.0,214,13,31,51,18,24.86284799517589,23.453510436432637,32.2859830667921
137790,Slovakian-Extraliga,526.9166666666666,251,13,39,66,15,18.59155793140923,28.012019610944176,24.89945155393053
106647,Slovakian-Extraliga,526.5,191,33,94,33,14,14.800051286160008,26.666666666666668,20.635696821515893
148186,Serbian-KLS,526.0,238,35,111,18,22,19.22322881267272,30.570342205323193,30.75812274368231
53830,Adriatic-League-Liga-ABA,525.3666666666667,233,46,54,12,40,21.423046328864494,26.267368821775268,32.235872235872236
153062,Croatian-A-1-Liga,525.3,260,27,75,26,22,22.631870710333637,29.54502189225205,35.72967678746327
23250,German-Pro-A,525.15,192,0,137,15,24,18.909753856075657,26.202037513091497,24.107946026986507
84641,Turkish-BSL,525.15,208,20,68,26,21,15.313754422691908,24.526325811672855,20.938628158844764
104924,Slovakian-Extraliga,524.8,363,14,66,99,15,15.630259557549662,41.3109756097561,27.83582089552239
57081,Polish-OBL,524.7666666666667,247,23,52,29,19,15.956179749348916,26.75474814203138,24.867924528301888
24248,Euroleague,524.7166666666667,178,56,97,9,26,19.754559863635226,25.918749801480164,28.258426966292134
86009,British-BBL,524.6166666666667,294,28,67,66,17,17.154856974299005,34.69199733138482,24.03470715835141
92768,Slovakian-Extraliga,524.5,353,42,92,36,18,21.698384853739054,39.88560533841754,29.38700823421775
7131,Israeli-BSL,524.0,207,34,71,9,17,21.2275402424994,24.50381679389313,31.662269129287598
127307,Serbian-KLS,524.0,185,9,51,71,19,11.601136429670785,24.12213740458015,18.578199052132703
10400,Italian-Lega-Basket-Serie-A,524.0,201,61,73,9,44,27.635726219683256,26.259541984732824,33.996509598603836
43235,German-Pro-A,523.7166666666667,292,12,67,74,20,10.406742927249384,33.987843299494,22.337662337662337
140009,German-Pro-B,523.25,294,15,79,69,17,18.12723597052699,34.93549928332537,28.729559748427672
80121,Turkish-TBL,522.9333333333333,257,9,30,47,18,12.339693272441146,26.236613972463033,18.65546218487395
1701,Euroleague,522.5,211,14,52,69,18,18.185230725736446,26.48803827751196,24.808635917566242
44578,German-Pro-A,522.4833333333333,266,7,71,50,17,20.765312236299415,30.163641583463587,24.9800796812749
84828,Spanish-ACB,522.4333333333333,261,4,34,25,23,24.504893169979002,24.806992917756656,31.074681238615664
151894,Portuguese-LPB,522.3666666666667,156,42,57,12,21,13.842502985515118,20.445408716737923,21.285140562248998
41707,Spanish-ACB,522.2333333333333,258,13,24,24,29,22.031167335024104,24.433522691006573,31.32623426911907
57626,German-Pro-A,522.2333333333333,219,26,76,19,24,13.745143709563333,26.041999106401992,22.7027027027027
73130,Spanish-Primera-FEB,522.0,272,15,51,33,22,13.5834372634022,28.42911877394636,21.78053830227743
58051,French-Jeep-Elite,522.0,248,9,34,55,18,23.738161486306517,26.513409961685824,31.559633027522935
138615,French-LNB-Pro-B,521.4166666666666,190,55,64,9,38,25.87132324208233,24.395077513185235,35.40903540903541
6421,Greek-HEBA-A1,521.4,215,38,106,22,19,12.214794249986051,29.228998849252015,18.706654170571696
4373,Cypriot-Division-A,521.2166666666667,249,72,73,9,22,18.62860670738876,30.92763725897739,26.010928961748633
6280,Greek-HEBA-A1,521.1833333333333,215,25,50,107,21,14.67678471147926,30.469124748169232,24.237918215613384
148681,Polish-OBL,521.0333333333333,224,14,55,81,21,13.828303778715092,28.71217452498241,22.009389671361504
1787,German-BBL,520.95,252,22,29,69,18,16.64467184248577,28.563201842787212,23.209876543209877
58276,German-Pro-B,520.6666666666666,309,74,113,55,20,18.8769992384495,42.330345710627405,31.2015503875969
24212,Danish-Basketligaen,520.1333333333333,319,5,39,72,18,17.921740797284745,33.452960779287366,24.39541041482789
42370,VTB-United-League,519.45,210,11,65,48,18,17.739554449669857,25.7195110212725,25.301204819277107
9576,Ukrainian-Superleague,519.3666666666667,325,16,83,50,18,17.80816037332339,36.50600089853026,30.04492362982929
92852,French-NM1,519.1833333333333,191,6,47,44,16,15.826176406532413,22.188693781901065,22.602495543672013
54312,Italian-Lega-Basket-Serie-A,519.0,200,4,26,61,37,13.892052178163718,22.427745664739884,19.868049010367578
117423,Mexican-CIBACOPA,518.5166666666667,292,59,126,27,25,24.17402992448358,38.88013885763878,30.531400966183575
118050,German-Pro-A,518.4,296,23,89,35,21,15.669307736925848,34.1820987654321,23.2
3897,Italian-Lega-Basket-Serie-A,518.0,180,67,78,13,24,19.221176152571335,26.1003861003861,23.79542395693136
81236,Spanish-ACB,517.4333333333333,238,7,35,81,26,20.77138047550161,27.90697674418605,27.733333333333334
132011,Austrian-A-Bundesliga,517.25,240,56,87,12,21,19.86882997261437,30.5461575640406,25.804195804195803
92176,Slovakian-Extraliga,516.6166666666667,205,18,91,21,14,10.21853648576863,25.937993999419298,16.056622851365017
42388,Turkish-BSL,516.3833333333333,269,84,89,14,23,24.6662813161719,35.32259626246651,34.85446009389671
48532,Lithuanian-NKL,516.3333333333334,135,21,71,17,20,15.272540686866398,18.902517753389283,25.750242013552757
104910,Lithuanian-LKL,516.1666666666666,176,63,99,8,20,19.15920595550397,26.813044882144013,28.829337094499294
57592,Italian-Lega-Basket-Serie-A,516.0,165,37,50,17,19,22.09404237848161,20.852713178294575,33.132075471698116
56828,German-BBL,515.8666666666667,287,36,46,20,26,20.28774692151191,30.16283277332644,27.897774113767518
73145,Austrian-A-Bundesliga,515.6833333333333,152,35,81,45,15,12.388218690490683,24.27846546653308,18.976486860304288
57603,Italian-Serie-A2-Basket,515.0,200,8,23,20,18,17.79346776041256,19.49514563106796,25.478331970564188
94592,Italian-Lega-Basket-Serie-A,515.0,260,46,76,22,39,16.350386553365823,31.37864077669903,26.798029556650246
34356,Belgium-Scooore-League,515.0,210,54,118,19,19,24.132505339198282,31.145631067961165,36.244897959183675
140075,Basketball-Super-League,515.0,227,27,54,19,28,17.00557187842069,25.398058252427184,23.445544554455445
16685,German-Pro-A,514.95,266,0,59,58,17,12.822926265293832,29.750461209826195,20.49019607843137
9292,Greek-HEBA-A1,514.65,256,13,37,59,20,22.240275366136785,28.368794326241137,29.0625
58765,Belgium-Scooore-League,514.0,320,13,38,49,25,22.575965649925568,32.68482490272373,33.40463458110517
75790,Serbian-KLS,514.0,260,8,34,111,16,4.872252593878675,32.14007782101167,10.05586592178771
117931,Spanish-Segunda-FEB,513.9,211,49,80,27,24,19.84317896749013,28.565868846079006,26.584615384615386
121908,Estonian-Latvian-Basketball-League,513.8833333333333,245,58,143,20,20,18.264021141069808,36.27282457107644,30.170212765957448
89141,Danish-Basketligaen,513.8666666666667,209,51,96,26,22,22.408326994422804,29.735339906590553,28.634686346863468
42739,Danish-Basketligaen,513.2,219,40,71,13,38,15.53461724405853,26.734216679657052,21.952662721893493
31547,Belgium-Scooore-League,513.0,241,34,45,36,21,15.034154275448566,27.758284600389864,24.578790882061448
8527,Spanish-Segunda-FEB,512.9,228,39,95,60,18,16.467161760920373,32.910898810684344,25.91362126245847
120254,Belarusian-BPL,512.8833333333333,228,8,58,83,20,16.45408512614129,29.40239820621974,23.723522853957636
80606,Ukrainian-Superleague,512.5166666666667,229,9,47,78,17,25.130309767965752,28.33078599069949,38.05785123966942
30583,Austrian-A-Bundesliga,512.2833333333333,276,62,67,26,23,20.511953115217278,33.653251781240854,28.72017353579176
104373,Swedish-Basketligan,512.1,225,23,75,38,15,11.906694462150979,28.197617652802187,20.818505338078293
152120,Greek-HEBA-A1,512.0333333333333,169,22,52,17,26,15.37082725617462,20.31117765770458,25.210084033613445
20457,Mexican-LNBP,511.9166666666667,273,43,79,33,16,29.997139648244335,33.44294318736773,34.291623578076525
152195,Super-League-Basketball,511.8333333333333,93,14,69,45,27,8.256053681805154,17.271247150765223,13.676680972818312
9275,Greek-HEBA-A1,511.78333333333336,191,52,74,31,26,18.666095398560877,27.19900999772039,25.972369819341125
121715,British-BBL,511.6666666666667,173,16,39,35,22,12.566281334520676,20.560260586319217,18.660907127429805
134966,Cypriot-Division-A,511.05,250,76,101,53,17,28.81182994073352,37.56970942177869,39.90521327014218
80955,Canadian-NBL,511.0,197,43,81,18,20,14.939167282115678,26.53620352250489,24.932735426008968
98566,Cypriot-Division-A,510.9666666666667,240,45,91,29,18,17.97934931677515,31.704612173005412,27.096774193548388
32980,Slovenian-SKL,510.8,265,7,50,81,18,18.631415757919537,31.558339859044636,27.692307692307693
71423,Polish-OBL,510.73333333333335,249,15,66,63,35,16.873915340717137,30.779271635556714,24.49251247920133
90015,Swiss-LNA,510.7166666666667,208,19,85,30,22,6.872274623303227,26.785889110074077,11.600633914421554
52345,Turkish-BSL,509.81666666666666,281,43,76,22,23,31.058019199356067,33.10994148223217,37.94117647058823
31141,Greek-HEBA-A1,509.31666666666666,195,44,68,12,28,22.954446135936852,25.053175823816225,28.181818181818183
28946,German-Pro-A,509.06666666666666,168,56,67,14,31,15.157757212779167,23.96542692509167,23.310344827586206
80981,VTB-United-League,508.75,255,8,30,52,23,15.216445952851425,27.125307125307124,21.553398058252426
9375,Greek-HEBA-A1,508.73333333333335,210,6,47,14,19,21.221486409744156,21.77958327873149,25.28395061728395
80950,Polish-OBL,508.26666666666665,239,34,109,45,19,21.562512584534076,33.60440713536202,28.51396648044693
6525,French-Jeep-Elite,508.0,237,26,41,36,18,19.38783248618884,26.771653543307085,24.301255230125523
107951,Turkish-TBL,507.26666666666665,217,29,75,36,21,23.959968508338523,28.1508739650414,30.582278481012658
152040,BNXT-League,507.0,257,15,35,34,19,11.89912450337655,26.90335305719921,20.78048780487805
9209,Latvian-LBL,506.6166666666667,224,6,45,49,16,15.596796132612011,25.58147185577524,23.28301886792453
107386,German-BBL,506.55,268,8,38,111,21,17.809158616243586,33.560359293258315,26.23946037099494
42904,Spanish-ACB,506.31666666666666,222,8,61,55,21,21.02668841822323,27.334671977352777,30.344827586206897
23194,Spanish-Segunda-FEB,506.03333333333336,263,36,91,15,17,21.64088948249461,32.01370133719781,32.839737582005625
106863,Swedish-Basketligan,505.75,315,22,83,42,16,16.919219877347775,36.53979238754325,24.83695652173913
10171,German-Pro-A,505.7166666666667,177,0,69,53,18,13.832186374015746,23.649606169462476,19.821200510855682
20396,Greek-HEBA-A1,505.68333333333334,191,37,75,16,25,22.522993618876484,25.233182821924128,30.896273917421954
28830,German-BBL,505.18333333333334,224,33,65,17,22,15.736013632602033,26.841740622216356,26.916764361078545
48674,Hungarian-NBIA,505.0,225,20,58,37,25,19.8775380617095,26.93069306930693,29.473684210526315
24299,German-BBL,504.8666666666667,252,3,32,40,26,15.582285241498958,25.907830450283903,24.19225634178905
117437,French-Jeep-Elite,504.6166666666667,228,37,58,17,21,14.246550335657345,26.951151038742278,22.44488977955912
166685,Kosovo-FBK,504.5833333333333,200,22,68,41,19,14.064464989982868,26.239471511147812,19.015280135823428
58121,Hungarian-NBIA,504.0,261,5,48,49,24,24.003497386890533,28.80952380952381,34.645669291338585
80911,Portuguese-LPB,503.98333333333335,180,37,57,16,21,11.497725399079258,23.016634147954626,19.857142857142858
88776,Greek-HEBA-A2,503.03333333333336,289,44,106,38,21,20.04920505116153,37.92989198860248,31.961492178098677
89326,Turkish-BSL,503.01666666666665,176,67,70,21,21,26.019944431633917,26.559756137967597,33.85390428211587
41597,Italian-Serie-A2-Basket,503.0,239,15,63,49,16,13.85668147272077,29.105367793240557,22.192307692307693
143797,Italian-Lega-Basket-Serie-A,503.0,167,30,63,9,22,16.01995061210556,21.391650099403577,16.782334384858043
57202,German-BBL,502.9666666666667,243,59,65,13,27,24.956758868438328,30.220690569288884,32.32
81298,Finnish-Korisliiga,502.4166666666667,341,10,57,40,16,12.826921069219086,35.66760656825344,18.99736147757256
94653,Estonian-Latvian-Basketball-League,501.76666666666665,195,36,69,31,18,15.006493474959008,26.386766757456986,22.01787994891443
79912,Danish-Basketligaen,501.7,239,9,37,71,15,13.406144854794203,28.38349611321507,15.829291949563531
139791,Swedish-Basketligan,501.46666666666664,270,49,86,38,18,19.76633705645908,35.336346716298856,25.17680339462518
131209,Canadian-Elite-Basketball-League,501.43333333333334,181,54,86,18,34,20.66888711825919,27.042478229076647,33.17333333333333
2322,German-BBL,501.2,95,44,77,57,19,26.563204104866422,21.787709497206706,29.906542056074766
95027,Finnish-Korisliiga,500.76666666666665,244,22,67,23,25,19.18955570372781,28.436397523796845,28.34567901234568
42307,Spanish-ACB,500.15,253,57,96,15,26,24.1109159317977,33.669899030290914,30.774526678141136
6997,German-BBL,500.01666666666665,159,25,58,8,29,15.426007984449088,19.999333355554814,21.70692431561997
80300,French-Jeep-Elite,500.0,234,23,73,22,20,24.869124973035735,28.16,34.924874791318864
89405,Italian-Lega-Basket-Serie-A,500.0,224,26,71,33,22,21.443652124867242,28.32,32.86973555337904
57369,German-Pro-B,499.6,343,20,63,36,16,18.580094258137912,36.98959167333867,28.594217347956132
4338,Ukrainian-Superleague,499.55,170,10,59,84,18,16.544506148871914,25.863276949254328,24.54033771106942
131198,Australian-NBL,499.5333333333333,129,31,47,27,39,12.907941362103761,18.737488322434274,23.25242718446602
80535,Cypriot-Division-A,499.5,207,36,84,26,17,15.87848453085555,28.26826826826827,26.180257510729614
22494,Spanish-Segunda-FEB,499.43333333333334,238,58,72,10,22,15.697236861457856,30.274310885670427,20.31496062992126
133137,Slovakian-Extraliga,498.8333333333333,193,85,88,23,18,11.9981512402477,31.19278316070832,23.826429980276135
75889,Lithuanian-LKL,498.7833333333333,184,7,41,66,24,16.454558683344658,23.89815217028102,24.134831460674157
27910,French-NM1,498.55,207,60,88,21,27,10.88170225918695,30.167485708554807,22.31578947368421
10384,German-Pro-A,498.31666666666666,127,0,82,21,23,13.723783442746065,18.46215592494732,21.240544629349472
12986,Lithuanian-LKL,498.3,153,7,19,19,27,19.049174828782007,15.894039735099337,26.3768115942029
58871,German-Pro-B,497.93333333333334,221,27,53,17,17,15.914969035952684,25.54558843218637,23.30494037478705
17804,Turkish-TBL,497.53333333333336,227,44,76,12,20,21.175570530584682,28.862387779713252,27.98798798798799
23974,German-BBL,497.43333333333334,227,53,81,38,29,25.37079797931304,32.084701467533336,32.42147922998987
58795,Spanish-Primera-FEB,497.06666666666666,179,19,88,17,20,10.883751053907638,24.38304721030043,19.053763440860216
42608,Bulgarian-NBL,497.0,235,13,56,38,25,18.498017275496647,27.525150905432596,29.061075660893344
140129,Spanish-Primera-FEB,496.68333333333334,347,3,40,46,26,14.100331880668838,35.11291567397067,21.945231350330502
32785,Spanish-ACB,496.55,125,20,37,22,32,19.753060401268478,16.433390393716646,27.178502879078696
121774,French-Jeep-Elite,496.1166666666667,188,13,29,46,21,17.25204234804865,22.252830315449994,28.23803967327888
30528,Lithuanian-LKL,496.05,251,9,36,26,19,12.5968091392162,25.96512448341901,17.86628733997155
84037,German-BBL,495.9166666666667,244,43,85,27,22,22.62978083751996,32.18282641572845,28.468809073724007
41443,Finnish-Korisliiga,495.5333333333333,297,15,57,26,27,15.880112175041177,31.884837885106958,25.920398009950247
76228,Danish-Basketligaen,495.46666666666664,209,3,39,74,18,12.877576792003298,26.23789020452099,20.605042016806724
140690,Slovakian-Extraliga,494.83333333333337,228,14,67,63,16,14.034681782587667,30.07073088582014,19.373695198329855
26821,Estonian-Latvian-Basketball-League,494.6,265,18,69,37,26,12.591850690841547,31.459765467044075,19.62059620596206
54838,Lithuanian-LKL,494.3666666666667,269,3,23,43,16,18.08267433248629,27.34812217652215,28.216432865731463
58279,German-Pro-A,494.3666666666667,176,25,69,22,33,18.426312708687757,23.626188389184815,26.25863770977295
22692,Finnish-Korisliiga,494.2166666666667,232,17,50,46,20,19.622956204080737,27.92297575287492,28.718861209964412
31204,German-Pro-A,494.03333333333336,261,4,44,51,21,16.99293604737532,29.147830780649077,23.83756345177665
28604,Hungarian-NBIA,494.0,178,19,64,32,17,14.218886918258464,23.724696356275302,22.23826714801444
89159,Montenegrin-Prva-A-Liga,493.23333333333335,254,9,57,100,14,16.295715329691408,34.060958302358586,23.815028901734102
28848,Netherlands-DBL,493.0,255,50,122,29,19,19.182345176231955,36.99797160243408,24.094256259204712
20395,Spanish-Primera-FEB,492.93333333333334,284,9,63,38,16,12.721502068170734,31.971869083040303,21.037037037037038
107037,Polish-OBL,492.31666666666666,216,24,89,37,20,21.04854332290048,29.736957920037916,28.952380952380953
7509,French-LNB-Pro-B,492.0,224,48,89,13,24,21.923248543947675,30.40650406504065,30.408432147562582
128706,Cypriot-Division-A,491.98333333333335,143,42,107,5,14,16.64175299891698,24.147159456621157,19.72318339100346
2389,Greek-HEBA-A1,491.9666666666667,216,61,93,16,21,17.17803765419661,31.38424012466969,23.32737030411449
7140,German-BBL,491.7,237,21,69,21,21,23.00152569402812,28.30994508846858,29.783132530120483
152644,Bosnian-BiH-Liga,491.4,209,30,81,25,17,12.593576747702077,28.083028083028083,21.029411764705884
3914,Spanish-ACB,491.2166666666667,187,50,97,9,25,27.106038800638938,27.93064839005191,34.269119070667955
121847,Lithuanian-LKL,490.7166666666667,139,17,50,25,21,14.090492765630614,18.82960296165472,21.72701949860724
22906,German-Pro-A,490.4166666666667,157,3,88,24,26,19.223166377339513,22.185216652506373,25.183537263626253
80978,Cypriot-Division-A,490.1166666666667,177,15,48,15,16,13.657620048724244,20.81137144217363,20.831408775981526
152502,Super-League-Basketball,490.08333333333337,221,42,85,32,18,15.092664323580633,31.01513348070056,25.434583714547117
52287,South-Korean-KBL,489.8666666666667,313,35,101,38,18,16.66677390987854,39.76592270005444,27.58893280632411
147161,Australian-NBL,489.78333333333336,224,16,94,17,23,12.300322617631622,28.665736550175247,20.89020771513353
27283,Czech-NBL,489.03333333333336,271,14,41,43,19,17.49000146534376,30.1819916842751,22.79123414071511
122111,Slovenian-SKL,488.98333333333335,238,65,111,7,24,14.166180682382388,34.438801595146394,22.889518413597735
134629,Bosnian-BiH-Liga,488.55,345,39,85,27,17,27.842814591556202,40.609968273462286,37.093023255813954
6123,Greek-HEBA-A1,488.26666666666665,237,22,51,44,18,19.50467183183133,29.000546149645004,28.75
22883,Belgium-Scooore-League,488.0,188,12,36,45,23,23.664443624736116,23.0327868852459,30.737509912767646
84384,Spanish-Primera-FEB,487.3333333333333,180,7,38,28,20,19.811042917980664,20.76607387140903,31.721311475409838
6817,Turkish-TBL,487.2,168,46,92,16,17,15.449488078607027,26.436781609195403,21.59392789373814
106898,Danish-Basketligaen,486.68333333333334,281,29,76,59,16,16.345829208325476,36.57408992842711,24.982935153583618
139785,German-Pro-A,486.4166666666667,163,27,91,18,28,14.714013760991271,24.587973273942094,23.991275899672846
76944,Canadian-Elite-Basketball-League,486.3833333333333,191,54,120,18,22,15.012283458056697,31.497789809135455,26.901960784313726
4006,Baltic-League-BBL-Elite-Division,485.98333333333335,245,19,71,46,19,21.211229854982847,31.359100106313658,27.44661095636026
152440,Super-League-Basketball,485.71666666666664,224,23,62,20,18,14.801071721423938,27.09398483340768,21.311911732681654
9408,Spanish-Primera-FEB,485.6666666666667,234,30,75,18,22,21.31821492330381,29.402882635552505,28.049052396878484
79872,Kosovo-FBK,485.5,141,43,158,27,15,11.064958438635214,30.401647785787848,20.931372549019606
82465,Czech-NBL,485.1666666666667,356,70,77,29,28,28.627581045231825,43.8612160769495,31.099476439790575
11289,German-Pro-A,485.1166666666667,265,30,56,23,15,19.84939877436803,30.837942762909265,25.5535390199637
152669,German-Pro-A,485.06666666666666,237,28,91,18,17,14.736064396588056,30.8411214953271,22.55754475703325
148702,BNXT-League,485.0,189,8,43,18,21,16.29129897763965,21.278350515463917,23.234624145785876
123105,Spanish-Primera-FEB,485.0,174,12,46,23,25,13.35279920096177,21.030927835051546,20.90032154340836
134557,Serbian-KLS,485.0,322,9,37,25,15,13.199817111318675,32.41237113402062,20.454899786928127
79948,Slovakian-Extraliga,484.56666666666666,226,5,50,61,15,14.945685312797405,28.231409506775815,23.42440801457195
140199,Danish-Basketligaen,484.48333333333335,234,28,51,36,16,12.162470813840194,28.814200694898343,19.858156028368793
109391,New-Zealand-NBL,484.45,188,50,74,12,30,17.11963259330227,26.751986789142325,25.242070116861434
27810,Danish-Basketligaen,484.25,178,40,63,26,22,11.455678941071927,25.358802271553948,18.771929824561404
134176,Bulgarian-NBL,484.0,290,39,119,25,20,22.32074412436158,39.09090909090909,30.649350649350648
135027,Finnish-Korisliiga,483.93333333333334,182,40,83,16,17,18.3347920299701,26.532580245212838,25.123966942148762
89298,Netherlands-DBL,483.93333333333334,277,53,80,20,19,20.954072181719226,35.54208568673371,27.461928934010153
97609,Estonian-Latvian-Basketball-League,483.9,186,8,44,63,18,14.707801991861945,24.881173796238894,25.48611111111111
137353,Puerto-Rican-BSN,483.76666666666665,129,8,40,95,43,12.810286289768168,22.490181216840075,20.237877401646845
11038,Lithuanian-LKL,483.71666666666664,199,9,43,22,20,14.184229416523058,22.575198980119218,23.874172185430464
85658,Greek-HEBA-A1,483.56666666666666,211,9,29,61,15,20.494888260669402,25.642793134348935,28.449396471680593
42177,Lithuanian-LKL,483.1166666666667,320,45,94,10,19,29.49920396969042,38.83120019319005,38.88307155322862
142135,Austrian-A-Bundesliga,482.4166666666667,319,18,56,63,13,19.69581066000122,37.809638970461215,29.593777009507345
31365,Serbian-KLS,482.4166666666667,319,32,73,42,13,10.568849933212444,38.63879771981344,18.07081807081807
58342,Czech-NBL,482.25,205,45,106,13,21,15.381780454019944,30.606531881804045,21.31313131313131
1946,Turkish-BSL,482.05,177,9,20,48,17,19.329797934050056,21.07665179960585,26.75652906486942
135393,Serbian-KLS,482.0,278,24,65,26,16,10.208065726996153,32.614107883817425,19.38900203665988
104382,Israeli-BSL,482.0,268,50,104,30,17,19.126164109547943,37.510373443983404,28.27517447657029
44780,New-Zealand-NBL,481.81666666666666,227,28,57,38,18,19.818181203931367,29.056695146840084,29.841986455981942
24172,Greek-HEBA-A1,481.55,177,14,51,48,19,18.022024501445383,24.08887965943308,26.257668711656443
81164,German-Pro-A,481.4166666666667,205,23,59,17,21,25.189720420566907,25.258784836420286,35.37906137184115
85417,Bosnian-BiH-Liga,481.3,230,29,117,13,16,17.69721641874202,32.329108664034905,21.91142191142191
57282,British-BBL,480.2,217,25,59,37,16,21.78030835043469,28.154935443565183,32.35521235521235
22925,Balkan-BIBL,480.05,192,13,46,60,13,19.261389392428487,25.91396729507343,25.126475548060707
2208,Spanish-ACB,479.5,183,23,76,12,23,15.792034429417455,24.525547445255473,19.852216748768473
8335,Latvian-LBL,479.35,228,5,36,57,23,19.847124191334625,27.20350474601022,27.609302325581396
3727,French-LNB-Pro-B,479.0,293,20,49,29,21,19.265470480551215,32.651356993736954,24.744376278118608
24253,Greek-HEBA-A1,478.93333333333334,223,44,81,26,18,22.805769880136197,31.23608017817372,32.049180327868854
120137,Turkish-BSL,478.3,172,9,32,87,17,18.006737648858778,25.088856366297303,26.01328903654485
23039,French-LNB-Pro-B,478.0,229,22,55,17,16,22.424038745619946,27.02928870292887,29.333333333333332
8373,German-BBL,477.06666666666666,181,7,13,40,24,16.711472397180085,20.206819452207938,23.844580777096116
157193,Austrian-A-Bundesliga,476.85,257,11,51,13,15,19.665732932403287,27.84942854147006,29.651293588301463
42587,German-Pro-A,476.81666666666666,188,0,41,59,18,21.794775750354177,24.160229298472508,30.123966942148762
54879,Brazilian-NBB,476.71666666666664,191,37,65,13,17,16.31833688681647,25.675628430584204,25.141065830721004
117808,Czech-NBL,476.0833333333333,166,17,51,114,24,23.7004811826898,29.238578680203048,33.20754716981132
149768,Turkish-BSL,475.8666666666667,256,8,36,40,17,21.132283748035682,28.57943401513029,31.25461254612546
30454,Finnish-Korisliiga,475.7833333333333,224,49,70,56,16,22.530421629062392,33.544680702000214,27.566718995290422
18409,Polish-OBL,475.1666666666667,141,24,58,95,20,12.006262735899826,26.76955454226587,19.983673469387757
20559,Italian-Lega-Basket-Serie-A,475.0,187,27,49,21,23,18.198784152072474,23.91578947368421,26.08294930875576
826,Italian-Lega-Basket-Serie-A,475.0,188,9,39,18,16,26.260762210227636,21.389473684210525,31.874455100261553
23533,Netherlands-DBL,475.0,169,24,72,31,18,10.552056896480732,24.926315789473684,14.05099150141643
90835,Spanish-Segunda-FEB,474.7,154,38,106,6,23,19.714129709399863,25.61617863914051,20.606060606060606
97506,Finnish-Korisliiga,474.6666666666667,258,10,76,34,16,15.669163415604217,31.85393258426966,28.964059196617335
29107,Finnish-Korisliiga,474.15,241,12,50,31,19,15.2449041971168,28.17673731941369,26.990291262135923
83973,Belgium-Scooore-League,474.0,194,11,51,71,17,22.732272197406797,27.59493670886076,29.716251074806536
23638,Greek-HEBA-A1,473.9166666666667,181,15,34,37,16,20.785951440291342,22.535607525936346,29.806949806949806
44622,Greek-HEBA-A1,473.73333333333335,184,33,63,12,18,18.112248037226482,24.65522094005066,27.34020618556701
24667,Greek-HEBA-A1,473.66666666666663,156,24,59,19,18,21.392792430928473,21.78747361013371,28.64353312302839
44560,Swedish-Basketligan,473.48333333333335,190,35,107,16,18,18.48154654673328,29.399134077229046,28.95306859205776
88879,Czech-NBL,473.0,238,10,64,64,14,17.44521862359229,31.797040169133194,28.517350157728707
138276,Slovakian-Extraliga,472.55,271,9,46,91,14,14.448253022054697,35.297852079145066,22.894491129785248
24339,Cypriot-Division-A,472.5,165,58,90,21,18,19.640658098184886,28.275132275132275,23.97365532381998
155381,Super-League-Basketball,472.2,241,67,116,34,19,25.661088772207997,38.797119864464214,37.27626459143969
9390,Greek-HEBA-A1,472.05,304,6,39,34,14,24.17167977018812,32.454189174875545,32.995215311004785
27064,German-BBL,471.59999999999997,165,25,52,20,46,16.56368611862244,22.222222222222225,24.11177644710579
161772,Venezuelan-SLB,471.4,284,87,99,30,16,19.0370297858929,42.42681374628766,25.09505703422053
18782,German-BBL,471.3833333333333,168,24,55,21,20,22.671216824202414,22.741576211858714,31.592836946277096
85099,Cypriot-Division-A,471.31666666666666,149,62,91,22,18,17.039457071670288,27.497436260122353,21.193490054249548
132398,Danish-Basketligaen,471.26666666666665,150,31,45,60,16,18.12441626212326,24.275003536568114,25.166825548141087
141533,Georgian-Super-Liga,471.01666666666665,141,59,83,29,16,2.474377265306956,26.49587771133364,17.627118644067796
2155,Israeli-BSL,471.0,238,8,33,30,16,21.852725662633386,26.24203821656051,28.09611829944547
134714,Israeli-BSL,471.0,207,41,70,36,15,26.593450328865394,30.063694267515924,36.95982627578719
106954,German-Pro-B,470.81666666666666,339,19,47,29,16,12.55646530763942,36.872101667315654,23.621730382293762
94587,Bosnian-BiH-Liga,470.81666666666666,235,5,24,47,17,6.816916530164007,26.42217423625615,14.954954954954955
138335,Greek-HEBA-A1,470.3666666666667,268,12,32,33,20,17.438726103611245,29.33881369144639,27.93823796548592
95895,French-LNB-Pro-B,470.15,148,24,60,18,25,12.805645610135375,21.269807508242053,21.24748490945674
131135,Mexican-CIBACOPA,470.1,233,10,24,41,20,17.00126647641194,26.207189959583065,22.804428044280442
6567,German-BBL,469.2833333333333,236,37,74,27,22,19.900282986400793,31.878396135951984,25.25277435265105
30428,Polish-OBL,469.1166666666667,261,11,54,34,23,23.5460602507968,30.695988915337335,27.93782383419689
97845,Israeli-BSL,469.0,237,40,96,19,18,19.905755886061897,33.43283582089552,27.147147147147148
16254,Spanish-Primera-FEB,468.28333333333336,220,18,21,35,21,15.676523544097352,25.113001388048545,22.751677852348994
133366,Austrian-A-Bundesliga,468.26666666666665,237,35,80,21,19,10.999611908569435,31.862186788154897,13.403880070546737
117616,Slovakian-Extraliga,468.05,207,19,72,25,24,14.797319577198337,27.60388847345369,22.866242038216562
135574,BNXT-League,468.0,145,42,75,18,14,12.562139902522947,23.931623931623932,21.94144838212635
142896,Macedonian-Superleague,467.8666666666667,297,10,46,64,13,20.411266406178115,35.65118267312624,30.072727272727274
152106,Slovakian-Extraliga,467.56666666666666,191,25,38,24,17,13.379116656579063,23.78270478363157,24.654088050314467
43138,Canadian-NBL,467.0,241,11,43,19,28,14.801392672643816,26.89507494646681,25.797101449275363
24123,French-LNB-Pro-B,467.0,149,23,72,34,26,10.719301650019325,23.81156316916488,20.18018018018018
1780,French-Jeep-Elite,467.0,201,20,54,16,22,22.632654833717545,24.925053533190578,28.07881773399015
122044,Serbian-KLS,467.0,177,15,68,22,19,15.040255999446662,24.154175588865098,21.423220973782772
28363,Finnish-Korisliiga,466.81666666666666,93,24,54,13,39,7.1703516363432405,15.766360812595952,12.559726962457338
138252,German-BBL,466.75,112,72,74,7,26,30.04586325830725,22.710230316014997,33.22751322751323
80737,Adriatic-League-Liga-ABA,466.68333333333334,144,28,74,9,22,21.650435477994392,21.85636227277597,25.95995288574794
1649,German-BBL,466.45,214,6,30,79,15,21.935444209040803,28.21309893879301,31.272727272727273
81704,German-Pro-A,466.1333333333333,297,70,149,8,21,30.21418019339308,44.96567505720824,38.08095952023988
122504,BNXT-League,466.0,224,13,32,41,20,18.580756756805613,26.609442060085836,24.589892294946146
75902,BNXT-League,466.0,147,21,57,18,23,22.39914457768027,20.858369098712448,28.897959183673468
22585,Belgium-Scooore-League,466.0,192,7,46,54,25,30.015385893175328,25.665236051502145,30.469314079422382
80958,Spanish-ACB,465.7,290,12,39,14,22,23.388013870477902,30.491732875241574,31.133603238866396
85400,Greek-HEBA-A1,465.48333333333335,145,16,36,67,19,20.875878495612202,22.686096888538795,27.06840390879479
93376,Estonian-Latvian-Basketball-League,464.8666666666667,272,44,92,22,19,21.02508559168397,36.99985658970314,28.331846565566458
134720,Super-League-Basketball,464.81666666666666,229,17,83,36,16,16.501670380092246,31.41023342536484,25.28643216080402
42917,Netherlands-DBL,464.0,155,8,66,23,15,14.130860109781487,21.724137931034484,26.228239845261122
134155,Romanian-Divizia-A,463.98333333333335,235,13,25,43,14,10.137262592318912,27.242357843313336,17.404129793510325
57191,Czech-NBL,463.95,206,31,55,19,19,11.89271626482716,26.81323418471818,21.65067178502879
155499,Romanian-Divizia-A,463.9,307,10,29,40,16,17.091659539638478,33.28303513688295,25.95275590551181
95701,Romanian-Divizia-A,463.8333333333333,300,24,91,11,15,12.41167630951353,36.73733381243263,23.783783783783782
4262,Turkish-TBL,463.71666666666664,211,42,101,26,14,23.03586601736421,32.778636379973406,30.228401191658392
85725,Turkish-TBL,463.5,212,2,29,68,13,16.801426141892232,26.839266450916938,24.69597754911132
80582,Puerto-Rican-BSN,463.23333333333335,164,18,37,49,44,12.014664460508765,23.141685255810607,18.603066439522998
97668,French-NM1,463.2166666666667,155,14,47,22,36,12.871493622287005,20.551937538229048,22.530864197530864
170240,Slovakian-Extraliga,462.96666666666664,177,44,74,24,15,12.411271187756903,27.56137950896393,18.775510204081634
32757,Spanish-ACB,462.9166666666667,174,8,29,35,27,16.978732898311982,21.256525652565255,25.97864768683274
121519,German-Pro-A,462.5833333333333,195,11,44,44,22,16.191660541494507,25.422446406052966,21.32435465768799
3589,German-Pro-A,462.45,233,44,54,18,18,16.800005909053425,30.187047248351174,23.35596508244423
81316,South-Korean-KBL,462.4,290,6,47,77,25,24.886353036542396,36.33217993079585,34.88021178027796
59505,British-BBL,462.0833333333333,210,19,59,21,19,17.187753872974916,26.748422001803426,28.615384615384617
140308,Serbian-KLS,462.0,233,9,37,37,13,15.29602520117602,27.35930735930736,21.596638655462186
107320,Turkish-TBL,461.81666666666666,316,11,34,52,14,18.50467900709397,35.77177090476019,25.18867924528302
150496,Slovakian-Extraliga,461.7166666666667,147,32,84,25,14,16.327065429924527,24.95036638631195,24.637985309548792
26801,German-BBL,461.4,139,10,33,18,27,11.76090409232727,17.338534893801473,18.509316770186334
9404,British-BBL,461.31666666666666,309,48,96,29,15,26.421894054458562,41.79341739224683,31.689612015018774
57276,Belgium-Scooore-League,461.0,169,31,102,21,20,21.917569272711862,28.026030368763557,34.3202416918429
85059,British-BBL,460.6333333333333,202,6,56,38,14,14.216565526311864,26.224763007453507,21.5962441314554
107630,Polish-OBL,460.35,207,29,85,19,20,14.278068743746562,29.542739220158573,26.153846153846153
3987,Lithuanian-LKL,460.28333333333336,158,5,61,83,19,20.913271654529975,26.67921932143245,26.51063829787234
106871,Bosnian-BiH-Liga,460.18333333333334,193,27,83,35,15,16.823114201258978,29.379595088913838,22.97029702970297
76134,Spanish-Primera-FEB,460.0,178,27,61,13,21,7.677542008829792,24.26086956521739,19.32330827067669
132309,BNXT-League,460.0,272,12,48,64,20,15.392186960871886,34.43478260869565,23.61774744027304
84394,Serbian-KLS,459.5833333333333,211,8,30,44,21,14.937204521297982,25.501359927470535,20.281690140845072
42361,Venezuelan-SLB,459.06666666666666,174,15,48,20,17,12.739115811943034,22.393261690386293,20.69348127600555
106965,Lithuanian-NKL,457.93333333333334,241,32,46,28,14,12.002049797859225,30.310088804775077,15.613382899628252
161707,Finnish-Korisliiga,457.6,220,31,98,31,19,23.45358376978352,33.21678321678321,37.12871287128713
150685,Turkish-TBL,457.3833333333333,251,14,39,81,17,23.151125541315572,33.66978828845243,30.68243858052775
107229,Japanese-BLeague,457.0333333333333,134,4,38,80,29,4.353390709418438,22.40536795273868,18.023255813953487
52344,Israeli-BSL,457.0,165,13,48,34,29,23.858898026461617,22.75711159737418,33.5851966075559
121767,BNXT-League,457.0,192,19,36,15,17,14.969360311620804,22.932166301969364,23.18271119842829
18598,Italian-Lega-Basket-Serie-A,457.0,186,9,32,12,17,19.834130274353956,20.919037199124727,28.504923903312445
56784,Polish-OBL,456.93333333333334,200,53,82,17,20,17.29352684268001,30.814123139772395,22.564102564102566
152647,New-Zealand-NBL,456.81666666666666,253,12,61,65,15,13.563107778995887,34.236929475719656,21.918976545842217
71589,Spanish-Primera-FEB,456.73333333333335,187,4,31,45,24,16.47827876158894,23.38344767187272,24.851258581235697
42929,Greek-HEBA-A1,456.5833333333333,250,4,46,35,18,19.68148054314715,29.348421244752693,28.700173310225303
132416,Canadian-Elite-Basketball-League,456.4,290,47,99,15,18,24.290019612364187,39.526730937773884,32.295081967213115
169391,Hungarian-NBIA,456.0,253,9,35,57,14,12.941729493258181,31.05263157894737,19.545454545454547
76746,French-LNB-Pro-B,456.0,262,2,39,66,20,15.579093694660228,32.36842105263158,23.4517529041815
58147,German-Pro-B,455.96666666666664,188,20,78,23,16,20.865952578462377,27.107244681628774,26.86648501362398
92222,Mexican-LNBP,455.9,148,17,63,37,39,7.437422959626284,23.250712875630622,14.354066985645932
15484,Latvian-LBL,455.71666666666664,171,9,58,38,15,21.919760390682217,24.225578758731668,24.86126526082131
29137,Finnish-Korisliiga,455.21666666666664,204,19,60,47,15,13.676749366608286,28.997180829641565,25.38095238095238
22396,Lithuanian-LKL,455.1666666666667,185,36,72,29,34,11.435719801653446,28.297326986451846,14.7985347985348
6417,Latvian-LBL,455.15000000000003,220,26,59,22,15,13.675712044104769,28.737778754256837,23.296296296296298
149413,Serbian-KLS,455.0,291,15,31,60,14,18.63626134328709,34.9010989010989,29.843912591050987
58798,Finnish-Korisliiga,454.81666666666666,213,9,33,79,14,21.80252055189249,29.374473230972185,28.046804680468046
104406,Kosovo-FBK,454.73333333333335,220,13,67,75,14,13.965563312875966,32.98636563553731,19.033232628398792
76326,Romanian-Divizia-A,454.7166666666667,192,65,66,16,21,14.322913759515457,29.820767510904226,24.340239912758996
84322,Georgian-Super-Liga,454.48333333333335,286,26,124,35,13,15.23432605040791,41.45366533426235,22.9375
31101,Italian-Serie-A2-Basket,454.4666666666667,148,9,44,17,17,24.990663382763692,19.18732580313921,33.00291545189504
19832,French-LNB-Pro-B,454.0,183,13,55,45,15,22.537825134984214,26.079295154185022,29.435406698564595
57385,Czech-NBL,453.76666666666665,179,17,51,80,15,15.406555519643835,28.82538749724528,25.87374199451052
1739,Spanish-ACB,453.6166666666667,152,10,42,21,24,20.52591909004803,19.840540838446557,26.944181646168403
80995,Polish-OBL,453.45,215,45,72,17,28,16.84207863752806,30.78619472929761,28.133333333333333
85877,Greek-HEBA-A1,453.3,229,18,41,33,18,16.08733623068971,28.325612177365983,28.074534161490682
139872,BNXT-League,453.0,216,8,41,32,17,18.706877203684535,26.225165562913908,27.91769547325103
83928,Italian-Lega-Basket-Serie-A,453.0,236,25,80,18,18,20.21263201865232,31.699779249448124,35.79136690647482
107049,Italian-Lega-Basket-Serie-A,452.0,225,8,43,33,16,26.70848061233303,27.345132743362832,38.668012108980825
1790,German-BBL,451.8666666666667,175,50,53,9,27,24.30729365158011,25.405724402478608,28.895899053627762
42589,Basketball-Champions-League-Europe,451.5833333333333,142,5,38,13,14,16.283452410989288,17.538291197637943,22.62295081967213
137191,French-LNB-Pro-B,451.46666666666664,162,5,17,37,18,13.547486251638505,19.580626107501477,19.6584440227704
52054,Australian-NBL,451.41666666666663,271,24,92,37,14,17.707990834498514,37.57061103932066,29.210789210789212
166626,Venezuelan-SLB,451.26666666666665,186,13,41,70,20,5.240948505732588,27.478209484414243,14.24390243902439
138397,Kosovo-FBK,450.73333333333335,221,14,42,63,16,12.162222447640135,30.17305132376867,21.93548387096774
4181,German-Pro-A,450.21666666666664,143,0,48,42,20,13.207618238388868,20.701143893680822,21.180811808118083
4228,Icelandic-Dominos-League,450.01666666666665,220,18,72,80,15,13.060491869664492,34.66538276360135,17.161290322580644
140719,Estonian-Latvian-Basketball-League,449.93333333333334,169,22,70,27,16,20.347065274387187,25.603793154541414,25.228951255539144
148701,Polish-OBL,449.4166666666667,176,53,69,6,23,15.517500399781206,27.057296495457074,21.53846153846154
11826,German-Pro-A,449.1166666666667,164,0,85,33,21,25.123618010510157,25.115968382380228,34.74541751527495
31268,Greek-HEBA-A1,449.0,122,16,47,51,17,14.334306771272121,21.024498886414253,23.595890410958905
23868,Spanish-ACB,448.45,75,12,36,12,50,14.641576111354814,12.041476195785483,22.153846153846153
57287,Euroleague,448.1,155,16,56,24,25,28.94043659679553,22.40571301048873,40.15701668302257
81396,German-Pro-A,448.06666666666666,207,6,47,76,17,15.36174183132955,29.9955363785151,24.022191400832178
31179,Belgium-Scooore-League,448.0,162,6,23,39,22,20.47352960785993,20.535714285714285,27.003257328990227
120265,Super-League-Basketball,447.85,230,28,99,25,18,14.668035442518828,34.118566484313945,23.138461538461538
80660,Polish-OBL,447.35,242,21,57,21,21,21.064782471588245,30.49066726276964,31.539961013645225
4197,Greek-HEBA-A1,447.01666666666665,199,16,51,39,18,11.812693167529138,27.292047276387905,22.67248908296943
24668,Slovakian-Extraliga,446.85,153,16,68,42,12,15.983928913777502,24.97482376636455,21.165714285714287
109469,Brazilian-NBB,446.6,178,48,61,9,48,10.969192322003101,26.51141961486789,25.49618320610687
152034,Austrian-A-Bundesliga,446.5833333333333,207,24,52,19,15,15.905435882061942,27.04982272812092,22.129353233830845
10296,Turkish-TBL,446.4,230,8,43,73,16,13.480814116231981,31.720430107526884,19.305019305019304
106877,German-Pro-A,445.6,177,41,75,8,34,21.584459795075023,27.019748653500898,24.444444444444443
38435,Bosnian-BiH-Liga,445.56666666666666,207,17,76,30,14,4.487594646477416,29.625196379142665,15.668789808917197
31088,Italian-Serie-A2-Basket,445.0,246,40,77,26,15,21.38334338921673,34.96629213483146,30.31578947368421
85923,Estonian-Latvian-Basketball-League,444.8666666666667,323,4,51,72,14,16.754621224401852,40.46156151655927,26.17702448210923
28779,German-Pro-B,444.6,209,6,136,10,19,5.909763500507595,32.47863247863248,13.846153846153847
85644,Czech-NBL,444.45,188,46,87,15,21,20.562798294301516,30.239622004724943,23.77880184331797
9315,German-Pro-A,443.93333333333334,179,0,26,36,16,19.01766219301841,21.714972218050757,26.516007532956685
56704,Turkish-BSL,443.93333333333334,211,53,58,14,15,22.568781878254917,30.27481603844421,28.457142857142856
81036,Greek-HEBA-A1,443.8666666666667,150,31,57,9,17,12.75308232474219,22.258936617602885,18.729689807976367
82174,BNXT-League,443.5,141,8,73,33,14,8.635563628785349,22.998872604284102,15.731092436974789
107149,Serbian-KLS,443.5,218,28,64,34,16,14.666652292193799,31.025930101465615,23.10272536687631
9796,Austrian-A-Bundesliga,443.05,148,14,30,64,13,17.966525643314156,23.112515517435956,23.426008968609864
152665,British-BBL,443.05,189,40,81,29,18,16.99361463279142,30.606026407854642,22.503597122302157
107645,Bosnian-BiH-Liga,443.03333333333336,171,42,85,8,15,19.470523053199994,27.62771800466481,27.3015873015873
112501,Italian-Lega-Basket-Serie-A,443.0,189,11,41,24,20,25.446724598085087,23.927765237020317,33.9622641509434
23268,German-BBL,442.98333333333335,154,52,79,8,32,18.159596984845177,26.456977312916212,25.491803278688526
81210,Lithuanian-NKL,442.78333333333336,181,3,36,39,16,18.745248221323415,23.397447961757067,28.545454545454547
31432,Finnish-Korisliiga,442.65,211,6,30,59,16,21.991963082285828,27.65164351067435,31.10764430577223
80387,Israeli-BSL,442.0,277,63,81,8,14,27.46496952566901,38.8235294117647,38.33498513379584
166403,Canadian-Elite-Basketball-League,441.9,163,47,53,13,24,19.392413440277107,24.983027834351663,26.965034965034967
12894,Lithuanian-LKL,441.7833333333333,173,10,34,11,25,22.593963815081725,20.643603576413778,26.3986013986014
50094,Spanish-ACB,441.18333333333334,187,42,54,15,43,25.284495199879338,27.018246382834043,30.091264667535853
63952,Croatian-A-1-Liga,440.75,165,33,86,29,26,16.529871738449934,28.406125921724332,21.791044776119403
104346,BNXT-League,440.0,158,13,50,29,23,12.131573841344752,22.727272727272727,21.65938864628821
166607,Finnish-Korisliiga,439.9166666666667,250,40,82,24,19,26.07291477690457,36.00681947338511,28.22429906542056
6722,German-BBL,439.55,187,13,33,36,14,25.891610994270785,24.479581390058012,31.730141458106637
3723,German-BBL,439.51666666666665,119,40,66,12,18,16.731975036104252,21.569147927647794,21.36082474226804
95922,German-Pro-A,439.4166666666667,267,5,52,100,18,22.165484372808212,38.59662431253556,33.55339805825243
3894,Spanish-Primera-FEB,439.31666666666666,209,5,33,25,21,11.98817247218511,24.765734663682235,16.270531400966185
99324,Serbian-KLS,439.16666666666663,218,8,32,83,21,14.922026824396339,31.058823529411768,23.375120540019285
2186,Spanish-ACB,439.0333333333333,108,8,37,15,31,17.406147761887954,15.306354870548935,26.181818181818183
44281,Spanish-Primera-FEB,438.7,158,40,46,9,23,15.084484821173142,23.068155915204013,20.899100899100898
84325,German-BBL,438.56666666666666,162,30,62,23,24,22.060119579295495,25.26411796002128,27.792521109770806
15243,Danish-Basketligaen,438.4,271,49,102,8,18,19.107765068621056,39.23357664233577,25.563310069790628
23645,Swedish-Basketligan,438.1,220,33,58,18,15,12.727117842511037,30.03880392604428,17.971014492753625
57445,German-Pro-A,438.06666666666666,114,6,43,73,24,14.646091167815719,21.549231471617713,23.763837638376383
31492,Hungarian-NBIA,438.0,179,18,45,43,14,13.326510940782374,26.027397260273972,23.01115241635688
81492,Israeli-BSL,437.0,81,11,31,35,31,14.435724001531419,14.462242562929061,21.12589559877175
52572,Serbian-KLS,436.71666666666664,224,5,52,39,13,10.864633697999713,29.309621035759267,18.058823529411764
98480,Slovakian-Extraliga,436.6333333333333,136,46,66,12,19,17.633653376958655,23.81861210779449,24.424778761061948
16619,Latvian-LBL,436.31666666666666,185,11,53,57,19,13.108408049822645,28.053019595859276,18.90222984562607
88968,Cypriot-Division-A,435.7833333333333,234,6,19,38,12,10.492118547269886,27.261253681110645,17.866400797607177
52566,German-BBL,435.65,209,43,69,7,21,19.915782071678603,30.115918742109493,26.987951807228917
9039,Austrian-A-Bundesliga,435.56666666666666,198,37,68,5,14,18.529365662576254,28.2849927297773,26.385964912280702
37848,Australian-NBL,435.06666666666666,85,41,69,22,50,18.326029572041175,19.950965369292064,22.653061224489797
6093,Icelandic-Dominos-League,435.03333333333336,287,11,92,27,13,16.837710615389458,38.341889510382344,25.917602996254683
23499,Netherlands-DBL,435.0,194,8,48,44,12,20.661675710634512,27.03448275862069,26.831588962892482
14389,Filipino-PBA,435.0,287,40,58,28,10,18.551659909735292,37.97701149425287,27.02581369248036
133996,Lithuanian-LKL,434.8833333333333,155,45,37,11,22,17.931479802697762,22.81071551757176,23.629139072847682
12648,Greek-HEBA-A1,434.76666666666665,96,5,38,21,25,15.261334021404815,14.720539753124282,24.379146919431278
4586,German-BBL,434.6333333333333,199,6,36,60,25,21.836156051216218,27.701510852059208,27.2182006204757
81522,Cypriot-Division-A,434.5333333333333,209,11,59,27,14,17.04938257877073,28.1681497391838,25.919282511210763
56950,Greek-HEBA-A1,434.51666666666665,192,5,19,55,16,17.603864376367703,24.94725940700395,24.99215070643642
71572,Canadian-Elite-Basketball-League,434.45,180,14,42,58,16,15.623921814833205,27.068707561284384,26.02076124567474
81577,Spanish-Primera-FEB,434.0,244,13,60,18,15,15.678765001250033,30.87557603686636,29.366459627329192
112853,Australian-NBL,433.98333333333335,180,38,74,22,31,20.920269675861014,28.941203579246515,30.224828934506355
96224,Serbian-KLS,433.93333333333334,184,27,61,13,28,10.713196610324129,26.271316638500537,21.142857142857142
18855,Lithuanian-LKL,433.85,175,66,70,14,24,19.778872371794254,29.964273366370865,29.68360498561841
2534,Polish-OBL,433.45,226,18,70,13,17,16.26499618992503,30.176490944745645,24.236252545824847
41310,British-BBL,433.23333333333335,239,11,51,89,12,12.984930639629352,36.00830960990998,18.321428571428573
85645,Estonian-Latvian-Basketball-League,433.20000000000005,288,24,62,23,15,12.373998888248716,36.65743305632502,19.73568281938326
4214,Spanish-Primera-FEB,433.06666666666666,202,14,51,8,18,13.08203957094508,25.40024630541872,25.47332185886403
23441,Hungarian-NBIA,433.0,204,46,65,19,15,21.247799152048888,30.854503464203233,32.191235059760956
4131,Czech-NBL,432.81666666666666,207,39,59,25,15,8.449863194987062,30.497901343910048,19.35483870967742
27771,German-Pro-B,432.7166666666667,238,9,51,38,13,6.293705718125199,31.059584793744943,15.926773455377575
193955,Bosnian-BiH-Liga,432.68333333333334,226,12,30,50,14,16.138648441293697,29.39794306844883,25.150905432595575
89145,Estonian-Latvian-Basketball-League,432.23333333333335,226,23,97,39,21,23.110177581594247,35.628904141281716,35.0
71537,Polish-OBL,432.0833333333333,204,6,43,73,22,19.782621540195397,30.17936354869817,27.309546769527483
161711,Polish-OBL,432.0,241,16,25,55,22,16.959670710046534,31.203703703703702,23.514644351464437
139795,Portuguese-LPB,431.95,245,24,75,19,16,17.27062308638925,33.615001736312074,29.55688622754491
22397,Mexican-LNBP,431.31666666666666,252,25,63,19,14,22.406993777400306,33.293403918234866,29.402756508422666
121886,German-Pro-A,430.9666666666667,229,19,67,27,19,17.369896279058175,31.742594168149118,24.8
80550,Danish-Basketligaen,430.68333333333334,163,66,111,23,20,20.84082462340087,33.71386556247823,25.817782656421514
17063,Czech-NBL,430.6166666666667,215,24,49,20,13,18.905952744237943,28.610132755350854,24.83739837398374
26857,Spanish-ACB,430.25,150,20,52,8,23,14.51264356202032,21.382916908773968,20.837209302325583
108411,BNXT-League,430.0,313,13,33,34,17,22.46229749090461,36.55813953488372,33.333333333333336
153575,Japanese-BLeague,429.95,145,19,19,11,59,3.354585583533135,18.048610303523667,11.279503105590063
54857,Australian-NBL,429.9166666666667,180,32,64,20,26,19.10258676099301,27.540220973056794,27.936507936507937
107406,German-BBL,429.8666666666667,215,17,43,28,22,13.671755445198997,28.194789081885855,21.056676272814602
42187,Puerto-Rican-BSN,428.8333333333333,192,2,24,44,22,16.007735899259455,24.438398756315586,26.567164179104477
58281,Hungarian-NBIA,428.0,124,41,34,9,25,20.128757283776242,19.439252336448597,26.1044912923923
121748,Serbian-KLS,427.81666666666666,173,33,49,14,20,19.903000025097157,25.150960302310178,23.92896781354051
76073,German-Pro-B,427.7,209,14,50,66,17,0.5480923935061442,31.70446574701894,18.025751072961373
11007,Israeli-BSL,427.0,164,35,55,19,18,28.34691358876101,25.57377049180328,35.26372443487621
81525,Spanish-Primera-FEB,426.8666666666667,213,6,40,25,23,14.78321619353117,26.61252537872872,26.257982120051086
44236,Finnish-Korisliiga,426.5333333333333,184,19,65,20,19,14.87632757317117,27.008440137542983,26.03297769156159
107959,Mexican-LNBP,426.43333333333334,179,13,24,36,35,10.885111516467171,23.63792699132338,19.746121297602258
88816,German-BBL,425.8833333333333,173,22,59,36,20,20.031854621003767,27.237506359331586,28.32
23386,Brazilian-NBB,425.8333333333333,136,29,56,12,41,20.209552384245768,21.886497064579256,25.968586387434556
107972,Adriatic-League-Liga-ABA,425.56666666666666,160,29,56,16,19,13.92760409738717,24.53199655361479,22.5764192139738
107074,Lithuanian-LKL,425.43333333333334,209,4,31,47,20,16.018037332966184,27.360338478414167,27.98076923076923
108099,Portuguese-LPB,425.4,216,14,47,15,12,10.418368827465908,27.456511518570757,20.787401574803148
6593,Mexican-LNBP,425.3833333333333,250,52,85,18,14,19.914336675096255,38.08329741801512,27.874564459930312
1907,Euroleague,425.31666666666666,203,16,22,52,15,33.11357068365433,27.555938712331987,36.92307692307692
4809,Estonian-KML,425.05,200,15,42,30,13,14.351053238958729,27.008587225032347,19.917864476386036
139882,German-Pro-B,424.23333333333335,286,12,52,102,13,13.552072557594116,42.618056101202164,20.021953896816687
8806,German-Pro-B,424.2166666666667,200,0,115,22,18,20.3892823842952,31.7762149844812,25.81765557163531
106982,Spanish-Primera-FEB,424.0,150,18,33,19,19,15.89870104950527,20.754716981132077,21.80392156862745
121856,Kosovo-FBK,423.5833333333333,214,23,51,45,17,18.73677887782508,31.445996458784183,27.048008171603676
4353,Greek-HEBA-A1,423.41666666666663,161,24,63,7,17,20.592521506254045,24.08974611296989,23.611650485436893
1633,Euroleague,423.2833333333333,116,11,38,43,32,27.049540661250916,19.655864865929047,34.7
57426,South-Korean-KBL,423.1666666666667,259,7,35,93,16,20.65155671804039,37.24300905868452,28.864468864468865
3846,German-BBL,423.15,166,3,25,46,16,15.264253713926733,22.686990428925913,19.961759082217974
107185,Australian-NBL,423.01666666666665,166,18,47,19,44,14.400414836305586,23.63973050707222,18.337078651685392
9331,Israeli-BSL,423.0,183,12,26,48,16,13.071461049609951,25.437352245862883,20.89119170984456
53124,Portuguese-LPB,422.8,128,8,38,66,38,7.791967197544532,22.70577105014191,12.763684913217624
110948,Spanish-Primera-FEB,422.6,163,31,66,10,23,24.915733217852498,25.55608140085187,27.137809187279153
5580,German-Pro-A,422.25,204,12,43,41,22,15.10591894312361,28.41918294849023,27.21442885771543
89019,British-BBL,422.1666666666667,110,52,102,55,17,20.238633314839806,30.225029609159098,30.0418410041841
107100,Romanian-Divizia-A,422.0,193,42,74,8,20,17.259371951068708,30.04739336492891,29.242819843342037
127264,German-BBL,421.8333333333333,186,15,55,42,25,17.63621409424529,28.257605689450813,27.961165048543688
85212,Belarusian-BPL,421.3666666666667,310,43,83,33,20,12.620981121695921,44.52179416185428,23.571428571428573
117960,Finnish-Korisliiga,421.0333333333333,231,71,98,24,16,32.788744671987764,40.28184625128652,37.57847533632287
107355,Spanish-Primera-FEB,421.0,176,14,50,10,21,15.157582208195727,23.752969121140143,20.48331415420023
28235,Italian-Serie-A2-Basket,421.0,220,9,58,43,15,17.137830795393793,31.35391923990499,26.666666666666668
132299,Kosovo-FBK,420.98333333333335,188,26,83,27,13,15.209501350347653,30.785066708895837,24.24028268551237
19605,Spanish-Primera-FEB,420.51666666666665,193,47,58,13,24,32.00182342313208,29.58265625619278,36.23862487360971
13116,German-BBL,420.23333333333335,132,6,35,14,23,17.518539364332447,17.799635123344174,21.90900981266726
4375,French-Jeep-Elite,420.0,215,13,35,30,16,18.426680169466483,27.904761904761905,22.906309751434033
28824,French-LNB-Pro-B,419.0,187,10,34,43,20,17.942555986600997,26.157517899761338,24.261682242990656
92816,BNXT-League,419.0,155,38,74,40,17,17.483779271604764,29.307875894988065,20.515222482435597
83926,Ukrainian-Superleague,418.71666666666664,184,39,86,22,18,17.312738608860737,31.620427496716157,24.8943661971831
156562,Mexican-CIBACOPA,418.48333333333335,267,29,63,51,17,15.395763805901039,39.18913536978772,23.691959229898075
31107,French-NM1,418.26666666666665,161,23,68,15,16,13.329196498726219,25.533949633407715,23.895253682487724
25765,Spanish-Primera-FEB,418.15,154,4,42,26,17,12.011705442626344,21.619036231017578,21.007194244604317
106676,Cypriot-Division-A,418.1333333333333,216,52,66,28,17,12.126080826269318,34.630102040816325,23.048780487804876
107946,Czech-NBL,418.1333333333333,143,15,29,22,19,13.851791935942117,19.993622448979593,20.04889975550122
4211,German-BBL,418.05,146,5,25,47,22,11.535199449587944,21.337160626719292,20.382377389858686
81490,German-Pro-A,417.73333333333335,201,12,43,25,17,19.56616652784831,26.907117778487073,26.4745437079731
54176,German-BBL,417.55,211,21,62,21,16,19.368033889695965,30.176026823134954,25.850746268656717
107641,Finnish-Korisliiga,417.48333333333335,173,16,50,20,14,15.45320004127298,24.815361890694238,21.567010309278352
22538,Ukrainian-Superleague,417.18333333333334,178,68,114,6,14,18.01790355259012,35.092485318205426,21.897018970189702
8478,Slovenian-SKL,417.1166666666667,189,39,80,9,19,11.373184460270213,30.399168897590602,25.76
12654,Netherlands-DBL,417.0,170,24,60,16,18,26.49406167060753,25.899280575539567,30.151362260343088
117468,Canadian-Elite-Basketball-League,416.8833333333333,174,27,76,40,19,24.423461134989054,30.416183584536043,30.99756690997567
107627,German-BBL,416.8833333333333,128,24,56,15,49,13.16522853590765,21.39687362571463,20.14814814814815
4448,German-BBL,416.78333333333336,143,19,61,12,20,10.856149944954062,22.5536849682089,15.986038394415358
122332,Turkish-BSL,416.6666666666667,179,42,61,22,20,26.862728455970018,29.183999999999997,29.739311783107404
43178,Lithuanian-NKL,416.6166666666667,208,15,28,50,16,16.867960806190325,28.899467936152337,24.39581351094196
174562,British-BBL,416.31666666666666,185,23,45,49,14,13.575694233786558,29.01637375395332,25.324553151458137
85635,Romanian-Divizia-A,416.28333333333336,202,85,118,14,23,17.241215018572486,40.26104015694439,27.309644670050762
165903,Portuguese-LPB,416.26666666666665,104,30,40,13,21,17.012345751436907,17.969250480461245,22.45614035087719
7764,Slovakian-Extraliga,416.2166666666667,202,7,33,52,16,14.443482546047408,28.25451487606615,24.623115577889447
131690,Spanish-Primera-FEB,416.0,212,11,48,38,27,17.366915269208963,29.71153846153846,26.70012547051443
42494,Netherlands-DBL,416.0,95,14,58,16,19,11.305907108490517,17.596153846153847,18.392621870882742
14164,German-Pro-A,415.93333333333334,168,20,51,15,18,18.737367646517303,24.426991505048886,25.971769815418025
119427,Polish-OBL,415.85,223,7,37,41,19,13.267922592357388,29.626067091499337,21.714285714285715
7876,Greek-HEBA-A1,415.6666666666667,236,28,78,6,17,18.40678488248439,33.48837209302325,24.619970193740684
85630,Slovakian-Extraliga,415.4666666666667,198,23,73,13,14,18.76384742962908,29.557124518613605,23.811023622047244
83950,Serbian-KLS,415.45,272,6,44,60,13,15.322710385577796,36.77939583584065,22.882096069868997
59436,German-Pro-B,415.3,212,9,21,59,13,5.965289790337861,28.991090777751023,13.201320132013201
84808,Israeli-BSL,415.0,163,35,90,23,15,25.075187967508217,29.97590361445783,28.966861598440545
3911,Hungarian-NBIA,415.0,257,42,81,26,14,18.49921737548994,39.13253012048193,30.236220472440944
140324,Adriatic-League-Liga-ABA,414.91666666666663,177,6,32,70,21,17.448319366497007,27.47539666599719,25.776105362182502
104400,Portuguese-LPB,414.56666666666666,195,17,33,20,14,13.55741926110755,25.568867090134276,20.127611446618722
5960,Icelandic-Dominos-League,414.45,152,24,95,23,17,15.85935275495793,28.374954759319582,23.95294117647059
120101,Canadian-Elite-Basketball-League,414.45,342,69,108,26,16,25.280413530290577,52.59983110145977,34.58117890382627
43104,German-BBL,414.33333333333337,139,33,80,13,25,19.296701944940516,25.583266291230892,24.23562412342216
3868,Netherlands-DBL,414.0,236,11,44,25,13,16.84652566276967,30.531400966183575,26.170212765957448
121578,BNXT-League,414.0,155,15,32,30,13,14.206462851346375,22.415458937198068,19.85185185185185
118415,Italian-Lega-Basket-Serie-A,414.0,178,27,62,17,20,35.05159944017092,27.43961352657005,39.025380710659896
81076,Spanish-ACB,413.6,115,10,26,25,32,19.389425691993353,17.02127659574468,28.376963350785342
121830,Spanish-ACB,413.5,143,19,48,16,23,15.375107188493583,21.862152357920195,24.504950495049506
27433,Latvian-LBL,413.06666666666666,170,11,34,46,24,8.721603878795259,25.27437056165268,14.328358208955224
132371,Serbian-KLS,412.0,274,3,34,26,14,19.407581431491423,32.71844660194175,24.36498150431566
22338,French-LNB-Pro-B,412.0,183,23,38,22,17,14.7467801142692,25.825242718446603,22.857142857142858
132150,Kosovo-FBK,411.9,173,13,44,42,19,13.023505298193898,26.41417819859189,19.9163179916318
43209,German-Pro-A,411.56666666666666,167,33,52,20,18,20.02671976911598,26.435571393860858,26.936299292214358
3860,Brazilian-NBB,411.33333333333337,153,8,39,19,30,12.543383341803077,21.296596434359802,19.00578034682081
24640,Mexican-LNBP,411.3333333333333,190,11,45,46,22,12.870286590804952,28.395461912479742,21.327334083239595
129466,Ukrainian-Superleague,410.75,224,5,40,38,16,14.993623940503888,29.8965307364577,27.127429805615552
85432,Montenegrin-Prva-A-Liga,410.2833333333333,123,23,59,34,19,28.695480657683138,23.300970873786408,35.80712788259958
23737,Czech-NBL,410.1,210,33,66,26,13,17.555303910051975,32.6749573274811,26.616541353383457
10156,Polish-OBL,409.98333333333335,242,30,43,13,20,24.70164489980718,32.00130086588886,32.13703099510604
80702,Spanish-ACB,409.3833333333333,197,5,19,42,19,14.83596890170659,25.697186825713473,25.850945494994438
818,Euroleague,409.31666666666666,169,37,54,10,24,21.33876690833216,26.385439146545053,25.495750708215297
54508,Turkish-TBL,409.31666666666666,163,10,45,52,19,10.0552475524502,26.385439146545053,19.760956175298805
92849,Greek-HEBA-A1,409.26666666666665,260,5,31,30,13,22.845767132586754,31.861866753542923,33.22167487684729
81754,Puerto-Rican-BSN,409.21666666666664,168,5,25,98,45,17.57147330551738,28.933327902903923,21.156169111302848
30450,French-Jeep-Elite,409.0,111,23,36,3,32,16.940213955956658,16.91931540342298,23.561643835616437
12543,Eurochallenge,409.0,194,8,56,35,12,17.801301184525933,28.65525672371638,23.2
59336,Georgian-Super-Liga,408.75,191,41,75,25,13,14.538265332603505,32.489296636085626,25.187406296851574
109402,Spanish-Segunda-FEB,408.2166666666667,184,46,51,12,17,16.984686902969038,28.710243743110276,22.713178294573645
80303,Italian-Serie-A2-Basket,408.0,208,15,69,21,15,17.205758402483294,30.686274509803923,33.60208062418726
6127,Belgium-Scooore-League,408.0,155,26,56,6,17,22.594833131843426,23.823529411764707,26.49874055415617
45008,Mexican-LNBP,407.98333333333335,100,13,12,31,26,16.48754524833788,15.294742432288901,23.767060964513195
81060,Polish-OBL,407.93333333333334,148,18,52,17,17,22.982525458298493,23.042980879228633,29.727767695099818
133294,Austrian-A-Bundesliga,407.76666666666665,149,6,25,71,14,15.428196093688202,24.62192430311453,25.94880847308032
132344,Spanish-Segunda-FEB,407.71666666666664,238,20,48,11,18,13.360623271583064,31.10002861464252,23.2972972972973
24664,Spanish-Primera-FEB,407.71666666666664,162,6,34,12,18,14.490665851236793,20.994971998528392,22.258823529411764
26753,Turkish-TBL,407.56666666666666,236,28,54,62,14,23.671289049388463,37.29451214525231,34.89504617968094
122348,Portuguese-LPB,407.31666666666666,203,34,60,17,13,24.806889661637644,30.835958918122675,31.485148514851485
148424,BNXT-League,407.0,192,33,95,12,22,22.35255209477632,32.62899262899263,28.565891472868216
118206,Adriatic-League-Liga-ABA,406.7,163,36,55,16,24,18.87338155011684,26.555200393410377,26.900584795321638
52203,VTB-United-League,406.7,108,16,47,16,21,20.586566053293893,18.391935087287926,28.943089430894307
108905,Swedish-Basketligan,406.7,136,15,47,16,17,10.186833902225851,21.047455126628964,16.39344262295082
89013,Serbian-KLS,406.33333333333337,131,8,42,53,18,11.909435816034012,23.035274815422476,19.182561307901906
84757,Macedonian-Superleague,405.8833333333333,256,14,49,44,14,12.979333849889644,35.773826633269,20.88410991636798
9075,Ukrainian-Superleague,405.18333333333334,127,16,33,59,17,17.466435524998726,23.199374768623258,22.08609271523179
2187,French-Jeep-Elite,405.0,208,34,80,18,18,24.477069136539896,33.58024691358025,31.673254281949934
7823,Israeli-BSL,405.0,223,29,66,14,15,25.87598262763955,32.79012345679013,33.817762399077274
22887,Bosnian-BiH-Liga,404.55,152,14,31,35,16,16.047592516706473,22.939068100358423,24.0
22527,Austrian-A-Bundesliga,404.23333333333335,152,47,96,8,19,13.911276018235087,29.982683268739176,21.391304347826086
31190,Netherlands-DBL,404.0,179,42,84,28,21,20.542267443619696,32.97029702970297,26.946386946386948
89120,Netherlands-DBL,403.21666666666664,169,38,78,15,22,23.781874228617745,29.760674575290377,34.56171735241503
139876,Turkish-BSL,403.1666666666667,138,18,45,14,37,16.850249958395317,21.331128565522942,26.304909560723516
20554,Belgium-Scooore-League,403.0,208,29,55,13,19,26.93101364588737,30.272952853598014,38.05985552115583
28939,Romanian-Divizia-A,402.95,242,44,48,18,19,28.68672922661083,34.94230053356496,32.193074501573975
107979,Macedonian-Superleague,402.83333333333337,169,15,30,21,13,16.88171357116967,23.334712453454692,22.547770700636942
117635,Finnish-Korisliiga,402.73333333333335,236,49,81,15,17,31.790079790920764,37.841416983943056,31.687715269804823
28203,Spanish-Segunda-FEB,402.65,219,9,42,23,16,19.125141596254743,29.107165031665218,29.86387434554974
107114,Greek-HEBA-A1,402.3833333333333,211,6,23,29,16,13.345661721638058,26.74067017354927,22.325581395348838
117762,German-Pro-A,402.21666666666664,151,47,59,32,15,15.499708185041598,28.74072846310032,26.18524332810047
121762,Israeli-BSL,402.0,87,23,58,35,30,17.64773031874239,20.199004975124378,22.27784730913642
10020,Estonian-KML,401.9,175,36,63,6,13,20.842401116823897,27.867628763373975,26.98901098901099
140204,Cypriot-Division-A,401.53333333333336,197,20,54,31,13,15.601696036425219,30.084675410924785,26.694214876033058
83905,Polish-OBL,401.4666666666667,228,19,47,33,12,18.932861258899365,32.58053802723347,24.41001191895113
134746,Romanian-Divizia-A,401.4666666666667,180,22,57,13,22,15.560143169476621,27.100631019594818,23.942908117752008
56782,Spanish-Primera-FEB,401.3,199,22,66,27,18,13.65935835118619,31.298280588088712,24.253246753246753
122401,Greek-HEBA-A2,401.2,142,11,29,50,18,9.269656156079376,23.13060817547358,17.016029593094945
9406,Mexican-LNBP,401.0333333333333,92,20,48,45,17,15.616667561839359,20.447178123181782,24.946236559139784
117435,Cypriot-Division-A,400.66666666666663,273,8,37,56,13,15.02346506546087,37.33777038269551,22.94525828835775
175944,Adriatic-League-Liga-ABA,400.3,196,5,24,66,18,17.745879371737242,29.078191356482638,27.154014756274503
131337,Turkish-TBL,399.96666666666664,230,10,25,81,11,18.829672343855048,34.60288357363114,29.728601252609604
42080,Slovenian-SKL,399.7166666666667,165,9,42,47,17,10.731398006770522,26.31864237167994,18.613138686131386
13291,German-Pro-A,399.6333333333333,153,1,30,24,12,17.663664417727794,20.81908416048044,24.3687374749499
88789,British-BBL,399.25,212,43,58,29,19,15.868777906160235,34.264245460237944,24.573991031390136
10056,Belgium-Scooore-League,399.0,197,33,52,7,21,23.947416152337635,28.972431077694235,30.011723329425557
4339,Cypriot-Division-A,398.8666666666667,171,17,27,35,14,16.31373141059147,25.071034598027744,21.61392405063291
5213,German-Pro-A,398.45,210,17,37,17,16,14.847429254315376,28.20931108043669,21.967526265520537
21202,Spanish-ACB,398.1,127,8,28,31,31,17.1529990202769,19.492589801557397,20.209324452902
22577,Italian-Serie-A2-Basket,398.0,144,22,74,12,23,20.606325059665092,25.326633165829147,28.985507246376812
8483,German-BBL,397.76666666666665,132,40,60,10,35,21.177585907569412,24.335875303779435,29.627906976744185
57840,Serbian-KLS,397.6333333333333,204,21,72,17,19,18.686942538938144,31.586889093805013,24.970178926441353
26476,Czech-NBL,397.18333333333334,115,26,37,16,17,17.034862217257928,19.537577105450882,22.771084337349397
58094,Turkish-TBL,397.0333333333333,129,10,36,58,40,18.266178950327397,23.474099571824365,31.815181518151814
57422,French-LNB-Pro-B,397.0,183,12,50,19,20,17.11498647498315,26.59949622166247,26.05108055009823
117654,Canadian-Elite-Basketball-League,396.81666666666666,199,14,58,35,12,10.9142600194439,30.845478600529212,19.664516129032258
3978,Spanish-Segunda-FEB,396.5333333333333,204,22,76,17,13,14.306108679844566,32.17888365837256,19.53360768175583
42495,Slovenian-SKL,396.0833333333333,189,12,52,31,13,21.192557984665477,28.68083315800547,26.70769230769231
80631,Swedish-Basketligan,396.03333333333336,230,39,61,20,13,26.772260758593138,35.35055971719552,35.81047381546135
41491,Slovenian-SKL,395.51666666666665,153,4,36,21,15,12.601943042077968,21.642577219670475,16.155268022181147
81589,German-Pro-A,395.4166666666667,156,7,38,67,15,16.33748637341182,27.110642781875658,25.045592705167174
118297,Swedish-Basketligan,395.4166666666667,180,32,52,35,13,20.56390182674065,30.246575342465754,31.194731890874884
80537,Spanish-Segunda-FEB,395.3833333333333,154,9,68,15,13,16.437665631504014,24.887240230999453,25.673758865248228
16497,Belgium-Scooore-League,395.0,201,16,65,9,15,16.365905700133776,29.468354430379748,27.476439790575917
22373,Italian-Lega-Basket-Serie-A,395.0,86,22,35,42,15,21.916496658743323,18.734177215189874,27.766666666666666
7176,German-BBL,394.51666666666665,200,18,36,41,18,18.60872675615992,29.910016475856533,24.472727272727273
126859,Polish-OBL,393.8666666666667,202,10,46,56,23,12.74872715889788,31.888964116452268,23.88451443569554
2544,German-Pro-A,393.73333333333335,188,8,43,30,15,17.118415279549104,27.328140873687776,27.054409005628518
45033,Latvian-LBL,393.68333333333334,163,8,87,44,16,21.58118166470053,30.684560348842133,36.91675231243577
139880,Portuguese-LPB,393.3333333333333,193,16,41,21,12,13.659445769519369,27.559322033898308,21.38568129330254
72602,Greek-HEBA-A1,393.1333333333333,172,9,27,38,22,16.043568493742068,25.02967610649483,24.225806451612904
88947,German-Pro-A,392.9166666666667,176,7,31,60,19,15.644888641592491,27.893955461293743,23.87031408308004
140020,Danish-Basketligaen,392.6166666666667,184,10,23,38,16,10.05435210159063,25.979538990533598,17.247259439707673
23374,Spanish-Primera-FEB,392.3666666666667,134,27,58,5,31,17.46682442243609,22.835782856171946,23.25925925925926
22732,German-BBL,392.15,213,36,74,10,18,34.438615188875715,33.96659441540227,40.73076923076923
148497,German-Pro-A,391.55,153,18,79,26,21,24.674988660255867,28.19563274166773,31.70731707317073
132346,Brazilian-NBB,391.43333333333334,186,26,47,28,19,16.59135943191325,29.32811036362088,23.420523138832998
166686,Slovakian-Extraliga,391.2,166,30,71,17,14,16.64987422209917,29.038854805725972,26.7458432304038
155485,Slovakian-Extraliga,391.15,187,8,29,27,16,17.21883813906402,25.66790233925604,27.964461829758015
121424,Venezuelan-SLB,391.1,222,19,69,23,14,10.180793824773522,34.05778573254922,19.44055944055944
89386,Romanian-Divizia-A,391.0,171,17,46,38,12,13.829576534046351,27.82608695652174,18.798206278026907
142577,Spanish-Segunda-FEB,391.0,191,8,36,18,14,19.845653476744523,25.88235294117647,26.763754045307444
83977,Ukrainian-Superleague,390.75,157,5,52,42,15,10.145720299609119,26.20601407549584,20.32017075773746
30651,Spanish-Primera-FEB,390.43333333333334,163,16,36,9,17,16.417507849137525,22.948860240758133,23.850931677018632
117470,Bosnian-BiH-Liga,390.41666666666663,235,19,30,53,12,16.482861735714156,34.52721451440769,25.585980284775466
3744,Spanish-ACB,390.1666666666667,120,24,66,10,33,22.982607981166918,22.554463904314396,26.299212598425196
7561,Spanish-Primera-FEB,390.03333333333336,227,18,55,11,17,20.087540366397484,31.894709853858643,28.0
119515,BNXT-League,390.0,162,28,39,28,18,13.418638910211918,26.358974358974358,18.899328859060404
139844,Mexican-LNBP,389.3666666666667,126,14,38,42,15,11.618099618996412,22.600804725622805,18.63932898415657
9583,Israeli-BSL,389.0,192,58,97,6,11,29.704890152792586,36.29820051413882,35.06519558676028
44101,Romanian-Divizia-A,388.76666666666665,118,26,45,19,17,9.613883600409268,21.401011746548917,17.486631016042782
134384,Slovakian-Extraliga,388.54999999999995,219,8,32,72,12,14.074114235963906,34.07540857032557,23.78472222222222
121493,Greek-HEBA-A1,388.51666666666665,252,2,20,78,14,23.157243741912936,36.24040152717601,34.85507246376812
106858,Adriatic-League-Liga-ABA,388.4166666666667,220,27,68,16,13,21.654722625727327,34.087105771293714,31.326860841423947
104830,Greek-HEBA-A1,388.25,150,17,45,16,20,16.31395251847906,23.490019317450095,21.700404858299596
132522,Hungarian-NBIA,388.0,197,30,76,24,13,22.071944177659475,33.71134020618557,31.798941798941797
134470,Canadian-Elite-Basketball-League,387.95,183,22,59,27,18,14.40956987219559,30.003866477638873,23.237250554323726
31634,Czech-NBL,387.75,162,31,55,24,13,17.080237146214134,28.059316569954866,23.884057971014492
132487,Mexican-CIBACOPA,387.6166666666667,124,14,53,13,14,11.25041765924683,21.05172636195554,16.765217391304347
31837,Australian-NBL,387.6166666666667,140,52,84,11,34,31.029618908142815,29.61688953863353,37.452229299363054
58864,Finnish-Korisliiga,387.5833333333333,211,17,67,47,16,17.56298920972925,35.29563534723715,25.846925972396487
4065,Polish-OBL,387.23333333333335,205,27,61,49,14,17.12636864704007,35.32753722992167,25.62162162162162
13028,Icelandic-Dominos-League,386.9666666666667,278,60,85,28,11,22.4437964126595,46.619002498061846,26.21676891615542
134258,Lebanese-Division-A,386.7833333333333,290,25,55,10,12,9.003756751834645,39.29848752531564,19.954233409610985
44451,French-NM1,386.6,192,32,46,25,17,20.794651423477593,30.522503879979304,30.65312046444122
6749,German-BBL,386.48333333333335,135,25,42,9,12,18.86582140058003,21.83794040277718,25.566137566137566
13579,Spanish-Segunda-FEB,386.43333333333334,155,2,24,29,15,14.985131455020909,21.737255240231175,24.896860986547086
57591,Cypriot-Division-A,386.3,126,10,30,52,16,11.53179319489516,22.573129691949262,22.761998041136142
121429,BNXT-League,386.0,120,34,57,21,15,19.553929931953128,24.041450777202073,28.228571428571428
2255,French-Jeep-Elite,386.0,132,51,66,5,22,18.840552745585587,26.321243523316063,26.485355648535563
71805,German-Pro-A,385.95,177,19,65,10,21,14.992156054414442,28.086539707215962,25.91549295774648
18501,Greek-HEBA-A1,385.5833333333333,185,35,79,7,19,22.838093152384214,31.74411065485196,28.190127970749543
141088,BNXT-League,385.0,201,5,27,69,15,20.53725369146756,31.376623376623378,27.094017094017094
23335,Eurochallenge,385.0,184,14,23,28,12,23.256132462604764,25.87012987012987,32.208333333333336
31310,Netherlands-DBL,385.0,108,10,30,24,18,17.009196645858264,17.87012987012987,21.04448742746615
6968,Belgium-Scooore-League,385.0,125,10,37,24,17,19.748388140167226,20.363636363636363,25.237613751263904
31055,Swedish-Basketligan,384.76666666666665,169,7,44,30,12,19.132732100752477,25.989777354240665,28.824049513704686
9581,Baltic-Basketball-League,384.75,191,4,38,45,16,25.42359757115596,28.90188434048083,29.98296422487223
10837,German-BBL,384.6333333333333,111,5,18,22,23,13.17108481814449,16.22324291533062,22.324723247232473
80648,Slovenian-SKL,384.5833333333333,111,17,45,33,20,11.575931931736267,21.425785482123512,18.904899135446687
12267,Adriatic-League-Liga-ABA,384.5,104,14,31,23,21,17.466654106005713,17.893368010403123,28.305084745762713
106741,Kosovo-FBK,384.28333333333336,224,38,46,19,15,13.261772295334328,34.03738560957626,22.40963855421687
27838,Serbian-KLS,384.2833333333333,146,37,26,15,22,7.108442446507049,23.316129591880994,17.473684210526315
43171,German-Pro-B,384.03333333333336,126,28,61,50,19,19.63280586319519,27.6017706796285,26.564885496183205
4810,French-Jeep-Elite,384.0,172,16,25,45,14,19.20983835666347,26.875,26.806083650190114
149533,Hungarian-NBIA,384.0,192,39,46,16,13,21.97418279684044,30.520833333333332,28.781065088757398
3954,Polish-OBL,383.6,90,29,74,2,33,16.992061357965373,20.333680917622523,18.95798319327731
89173,Canadian-Elite-Basketball-League,383.4166666666667,190,14,42,25,23,15.588645164413894,28.272114757661377,22.984807864164434
157137,Swiss-LNA,383.3333333333333,170,2,37,31,12,17.712777458521593,25.043478260869566,23.992431409649953
122281,Romanian-Divizia-A,382.8333333333333,173,12,37,27,13,16.00386766518826,26.016543317370484,23.898840885142256
107306,Puerto-Rican-BSN,382.65,163,16,39,43,33,12.980381825672746,27.28341826734614,21.52258064516129
72686,Australian-NBL,382.31666666666666,140,26,67,34,15,14.496740580907758,27.93495793190636,22.647584973166367
134197,French-LNB-Pro-B,382.0,247,14,51,41,20,10.287068130699216,36.96335078534032,15.518672199170124
28291,French-Jeep-Elite,382.0,159,13,34,11,20,14.068008898962225,22.722513089005236,22.862519110902035
53452,German-BBL,381.6166666666667,163,9,41,13,17,17.695294977682018,23.688692841857012,24.307974335472043
56710,Italian-Serie-A2-Basket,381.0,266,7,37,45,12,22.090098979635233,37.270341207349084,30.899830220713074
6676,Spanish-ACB,380.98333333333335,123,6,18,5,34,16.364113268402193,15.958703355352377,21.872455902306648
7559,Polish-OBL,380.9,238,41,75,18,19,26.671569600814088,39.06537148857968,36.33587786259542
23604,Estonian-KML,380.5,168,39,78,5,22,22.02196609551478,30.486202365308806,26.54048370136698
3767,German-BBL,380.05,174,38,71,11,17,21.435024384342814,30.943296934613866,31.465093411996065
3256,French-Jeep-Elite,380.0,161,8,35,17,21,20.769484272470503,23.263157894736842,27.769516728624534
106945,Belgium-Scooore-League,380.0,254,21,61,18,14,19.766668043320447,37.26315789473684,27.75221238938053
4418,Argentinian-Liga-A,379.9166666666667,180,28,69,6,18,18.068228590434718,29.796007896468524,23.317535545023695
28806,Slovakian-Extraliga,379.75,200,5,41,23,14,17.772371722730806,28.334430546412115,26.319702602230482
90004,British-BBL,379.7,184,17,66,30,13,13.100305445296485,31.2878588359231,21.29032258064516
8857,Brazilian-NBB,379.31666666666666,218,40,39,7,27,8.430198544367387,32.05764752405642,19.0
109505,Lithuanian-LKL,379.3,127,15,40,16,20,18.950167957923064,20.880569470076455,26.14864864864865
79849,Finnish-Korisliiga,379.3,155,23,76,19,16,17.10987477115239,28.78987608752966,23.883495145631066
23887,Austrian-A-Bundesliga,379.08333333333337,147,23,47,20,12,18.751085949103988,25.007693998681027,27.35949098621421
41492,Argentinian-Liga-A,379.0833333333333,203,27,61,8,12,22.474077900652503,31.549791162892944,33.51077313054499
105390,Austrian-A-Bundesliga,378.9166666666667,168,32,97,23,13,15.687834587796427,33.780514625027486,21.09785202863962
110498,Austrian-A-Bundesliga,378.6666666666667,130,27,57,11,10,22.10338248724064,23.767605633802816,27.141316073354908
74076,German-BBL,378.3666666666667,160,10,21,16,27,12.899734871493528,21.883534490353274,18.990256864481843
80025,Ukrainian-Superleague,378.0833333333333,212,35,60,4,17,8.621962415045301,32.902799206524136,22.719449225473323
24369,Hungarian-NBIA,378.0,196,7,21,46,12,19.112755292124188,28.571428571428573,26.737064413938754
28968,Spanish-ACB,377.71666666666664,155,13,46,14,28,21.891136404950405,24.145082292723824,29.276054097056484
44081,Spanish-Primera-FEB,377.51666666666665,131,19,24,11,25,10.723710653602538,19.601783585713655,22.06429780033841
92771,Australian-NBL,377.3833333333333,153,41,74,13,43,22.727337003019628,29.784039217418186,26.73392181588903
84908,Finnish-Korisliiga,377.3666666666667,265,13,44,18,12,24.648581497069948,36.039219150251746,33.14179796107507
72668,Spanish-Segunda-FEB,377.0,283,20,48,50,15,19.893399964206253,42.54641909814324,28.240963855421686
105370,BNXT-League,377.0,141,11,31,37,14,11.622990181746443,23.342175066312997,21.71628721541156
145993,Slovakian-Extraliga,376.9666666666667,221,27,100,14,12,15.135567439183191,38.411884339906265,27.099236641221374
23882,Turkish-BSL,376.96666666666664,194,17,49,9,17,26.70765404013344,28.543637810593335,33.68231046931408
106893,German-Pro-A,376.45,133,34,63,20,28,26.22064207501017,26.563952716164167,31.092436974789916
30878,German-Pro-B,376.4166666666667,192,4,26,33,13,13.727360089778871,27.09763117113128,17.29549248747913
44100,Hungarian-NBIA,376.0,171,20,38,27,16,27.87608937008014,27.23404255319149,29.419642857142858
28805,Slovakian-Extraliga,375.15,134,5,46,59,13,14.97299521424826,26.01626016260163,25.575129533678755
23309,Hungarian-NBIA,375.0,188,15,28,8,12,18.819812072498195,25.493333333333332,25.617977528089888
81506,Bulgarian-NBL,375.0,159,9,62,61,17,21.939661173635315,31.04,33.969465648854964
122054,Mexican-CIBACOPA,374.93333333333334,190,40,78,35,19,18.710381650059148,36.59317211948791,30.64242424242424
117717,Polish-OBL,374.9166666666667,172,9,35,41,15,17.496631440054724,27.41942653923094,27.10987996306556
24031,German-Pro-A,374.48333333333335,182,8,120,16,24,15.796604510454063,34.821309359562065,21.721854304635762
167255,Cypriot-Division-A,373.95,188,10,29,51,11,16.222117549671427,29.736595801577753,24.041666666666668
10154,German-BBL,373.76666666666665,256,6,34,14,21,21.37327891119788,33.175778114688306,33.581780538302276
5633,Greek-HEBA-A1,373.06666666666666,175,20,64,9,15,21.053287596446566,28.73481057898499,28.233046800382045
57417,Slovenian-SKL,373.01666666666665,185,11,37,67,12,7.853946067277466,32.17014431884188,16.015779092702168
107113,Australian-NBL,372.9,88,25,41,10,43,18.062093325560664,17.591847680343257,21.266568483063327
92818,Turkish-BSL,372.7833333333333,116,6,26,77,13,15.68444220234374,24.142710242768366,25.386875612144955
23307,German-Pro-A,372.56666666666666,171,12,50,28,17,16.046104136570097,28.021830544868926,27.32943469785575
121322,British-BBL,372.3666666666667,138,30,96,12,20,17.38657724520519,29.64819622236147,26.133333333333333
3544,Israeli-BSL,372.0,158,52,70,8,24,19.207688767604242,30.967741935483872,26.70487106017192
10106,French-LNB-Pro-B,372.0,106,10,38,28,25,9.953063833719765,19.56989247311828,12.89002557544757
57474,Finnish-Korisliiga,371.6166666666667,206,22,76,25,15,23.091717729840934,35.41283580750773,31.25
107683,Spanish-Segunda-FEB,371.43333333333334,263,25,41,37,13,16.934942591693847,39.41487929641928,27.19242902208202
143891,Kosovo-FBK,371.28333333333336,158,49,97,11,14,16.956737494738146,33.93634690487947,20.674157303370787
24215,Adriatic-League-Liga-ABA,371.0,262,2,28,56,15,22.595590604467866,37.52021563342318,28.289473684210527
28938,Italian-Lega-Basket-Serie-A,371.0,137,47,85,16,19,17.416415099451545,30.7277628032345,27.654867256637168
121857,Bulgarian-NBL,371.0,233,26,62,38,11,21.072247844578737,38.706199460916444,34.85564304461942
44328,German-Pro-B,370.23333333333335,191,0,75,28,11,14.062310760959079,31.763752588457727,23.391003460207614
88860,Swiss-LNA,370.1666666666667,132,8,19,46,16,15.175323674450123,22.152183701035568,24.607464607464607
118372,Slovenian-SKL,370.05,161,11,35,47,11,16.342095176153133,27.455749223077962,22.4044734389562
154108,Serbian-KLS,370.0,231,7,43,42,12,14.71306342619469,34.91891891891892,26.035242290748897
4216,French-Jeep-Elite,370.0,154,9,26,28,15,20.64747242397908,23.45945945945946,24.204255319148935
141008,Slovakian-Extraliga,369.93333333333334,174,7,38,26,11,12.144865838861643,26.491259686429988,20.961857379767828
122068,Czech-NBL,369.6,195,8,27,29,14,13.015457587584248,28.030303030303028,21.45985401459854
105367,Finnish-Korisliiga,369.3833333333333,207,42,69,13,23,22.37621685028187,35.84352298876506,31.31782945736434
138351,Cypriot-Division-A,369.3333333333333,203,8,52,56,11,15.518693082166704,34.54873646209386,23.376110562685092
23018,Australian-NBL,369.23333333333335,133,35,58,18,42,19.423412412204446,26.433149769793264,30.33797216699801
117889,Spanish-ACB,368.8833333333333,230,38,45,10,18,23.40270084174926,35.024623864817244,32.456418383518226
103347,Belarusian-BPL,368.76666666666665,214,10,36,85,17,11.147163293102018,37.42203742203743,23.46067415730337
22993,New-Zealand-NBL,368.1666666666667,105,25,40,9,12,14.324447506417311,19.447713897691262,21.623762376237625
121694,Euroleague,368.1,99,22,44,14,24,25.71903907749997,19.451236077152945,33.820598006644516
31309,German-Pro-A,367.85,182,6,26,18,23,15.495719562888402,25.227674323773275,23.10871518418688
19945,Slovenian-SKL,366.76666666666665,192,30,41,15,14,9.405619141510952,30.319003908025085,15.148342059336823
76748,Portuguese-LPB,366.4166666666667,187,5,29,35,14,5.864532661400901,27.94632704116443,11.96808510638298
50095,Greek-HEBA-A1,366.2833333333333,157,35,57,11,20,18.46720755823976,28.393320289393458,28.426842684268426
128399,German-Pro-A,366.09999999999997,113,20,30,28,16,15.683313655276548,20.868615132477466,21.05499438832772
1726,Italian-Lega-Basket-Serie-A,366.0,179,20,42,11,14,21.775496479185215,27.540983606557376,35.51525144270404
169748,Bulgarian-NBL,366.0,197,23,79,16,12,15.142538312172649,34.42622950819672,25.034013605442176
81161,German-Pro-A,365.76666666666665,157,10,41,21,23,17.87950137666323,25.04328807071904,27.110675808031342
122263,German-Pro-A,365.71666666666664,150,7,18,59,19,11.33825055371413,25.59358337510824,19.06928645294726
80536,Canadian-Elite-Basketball-League,365.15,217,23,50,21,11,18.550396436730004,34.06819115432015,30.626262626262626
121837,Cypriot-Division-A,365.1333333333333,150,37,83,13,13,16.450177207655074,31.002373562169073,24.04074702886248
8329,Netherlands-DBL,365.0,142,16,46,45,14,14.679003051668001,27.28767123287671,21.95250659630607
134224,Puerto-Rican-BSN,364.95,207,41,99,28,13,27.39949438121388,41.10152075626798,35.096774193548384
87272,German-BBL,364.93333333333334,133,4,26,21,19,13.613332818956566,20.168067226890756,18.76923076923077
7230,Belgium-Scooore-League,364.0,161,5,13,27,12,26.18277782133236,22.63736263736264,33.64852809991079
150383,Chinese-CBA,364.0,280,10,62,69,10,19.202271585909628,46.26373626373626,30.401396160558463
5957,French-LNB-Pro-B,364.0,134,4,31,22,13,16.686283260815298,20.98901098901099,22.730030333670374
42793,Spanish-Segunda-FEB,363.8333333333333,117,37,73,6,12,12.381100691531916,25.616124599175446,24.33862433862434
132322,Portuguese-LPB,363.76666666666665,131,9,43,50,12,12.610759751659549,25.620819206451024,18.561576354679804
30851,Danish-Basketligaen,363.7,141,11,36,28,13,10.023103099997657,23.755842727522683,20.899100899100898
21079,German-Pro-A,363.6333333333333,136,10,37,18,14,17.106470853620948,22.11018425153543,26.651053864168617
128715,Kosovo-FBK,363.4166666666667,245,10,29,10,12,11.679147794139677,32.359550561797754,19.122994652406415
84242,German-BBL,363.35,248,8,37,27,19,16.863651098308967,35.227741846704276,24.65937762825904
145545,Cypriot-Division-A,363.1666666666667,179,24,45,27,33,11.18624816066058,30.289123451124368,22.69918699186992
3766,Polish-OBL,363.06666666666666,222,33,79,11,12,15.537867591038413,38.009548292324645,22.351046698872786
2357,French-Jeep-Elite,363.0,189,37,78,11,21,24.678391882495493,34.710743801652896,28.764044943820224
40225,New-Zealand-NBL,362.1666666666667,157,34,36,7,19,17.58449934064108,25.844454670961802,28.98021308980213
89959,German-BBL,362.1166666666667,232,51,72,10,13,29.769107656367233,40.318497721728725,38.12925170068027
9262,Spanish-Primera-FEB,362.06666666666666,166,16,32,19,15,22.509103872157404,25.74111581660836,26.45276292335116
122377,Estonian-Latvian-Basketball-League,361.9666666666667,145,19,54,17,13,17.38628754237986,25.96924210332443,25.07544581618656
105819,Slovakian-Extraliga,361.8666666666667,162,14,71,42,12,14.989514177516575,31.945467943994103,26.865671641791046
41362,Australian-NBL,361.73333333333335,98,26,56,11,37,16.004103875643757,21.12053077773682,22.243211334120424
18136,Spanish-Primera-FEB,361.6666666666667,149,1,8,17,17,14.008619610340256,19.35483870967742,19.615819209039547
169260,Cypriot-Division-A,361.56666666666666,175,45,86,16,13,17.154805810851787,35.62275283488522,22.52972972972973
56775,Montenegrin-Prva-A-Liga,361.2833333333333,167,48,99,17,12,18.55985748582713,36.647137519029386,25.47872340425532
80560,German-Pro-A,361.15,182,9,56,38,19,16.75290637908243,31.565831372006095,27.514450867052023
165937,Spanish-Segunda-FEB,361.0,103,23,22,17,15,16.56587953383071,18.282548476454295,22.49400479616307
15535,Netherlands-DBL,361.0,161,8,17,31,11,20.84229590081016,24.04432132963989,26.89175769612711
73154,Finnish-Korisliiga,360.65,168,4,44,34,15,14.814751301880493,27.72771384999307,21.71945701357466
37827,New-Zealand-NBL,359.76666666666665,143,34,41,32,20,10.460132825221123,27.795793569906422,21.522842639593907
14161,Spanish-Segunda-FEB,359.7166666666667,158,40,48,7,15,19.32945374260717,28.13325302321271,27.5
81300,Swedish-Basketligan,359.6333333333333,157,3,24,21,13,11.573714049727748,22.801001019556956,19.00414937759336
23711,Austrian-A-Bundesliga,359.51666666666665,88,24,51,3,22,13.847416682267177,18.469241110750545,18.866666666666667
20294,Spanish-Segunda-FEB,359.51666666666665,152,32,65,8,17,21.863004704399476,28.59394557507765,23.569405099150142
28232,Hungarian-NBIA,359.0,122,17,58,15,19,16.465440402415286,23.62116991643454,25.785714285714285
80664,Danish-Basketligaen,358.8,160,23,60,5,21,16.467960757244892,27.64771460423634,26.636050516647533
56799,Polish-OBL,358.65,131,8,56,24,17,15.893796134297625,24.424926808866584,22.464183381088827
2283,Spanish-Primera-FEB,358.1333333333333,184,15,39,12,14,21.07580520846891,27.922561429635145,27.533539731682147
16886,Spanish-Primera-FEB,358.1333333333333,104,40,48,4,24,20.456389325873264,21.891288160833955,24.965325936199722
10550,French-Jeep-Elite,358.0,178,3,22,26,15,21.26070639891662,25.58659217877095,25.098777046095954
81606,Spanish-Primera-FEB,357.9666666666667,139,11,36,13,23,16.950181007008407,22.236707328429087,25.954545454545453
77640,Euroleague,357.7833333333333,96,14,26,6,25,15.84936375236856,15.875529883076352,20.508701472556893
80378,Czech-NBL,357.5,149,8,39,35,12,11.88231656923488,25.846153846153847,20.018744142455482
117466,German-BBL,357.45,107,5,40,38,13,18.014326267368922,21.26171492516436,28.706240487062406
28226,Portuguese-LPB,357.1666666666667,168,11,28,58,14,15.052218696477716,29.67802146523565,22.995670995670995
90020,Bulgarian-NBL,357.0,211,6,27,48,15,20.299510966381856,32.71708683473389,29.559471365638768
107318,Spanish-Primera-FEB,357.0,88,23,60,8,21,10.99341275952201,20.056022408963585,21.662468513853906
14028,Eurocup,356.93333333333334,101,37,57,22,18,28.084836768770433,24.318266716473666,33.70441458733205
42639,VTB-United-League,356.6,157,5,24,54,13,26.8505142305252,26.9209197980931,37.54666666666667
151843,Finnish-Korisliiga,356.5833333333333,245,13,57,24,12,17.78944621389836,38.02757653657397,22.810920121334682
84890,FIBA-Europe-Cup,356.31666666666666,156,25,52,13,13,23.14615701730211,27.615884746714066,27.343565525383706
152030,German-BBL,356.23333333333335,157,1,27,37,13,22.04357937523267,24.9274819874614,29.635036496350367
135184,Canadian-Elite-Basketball-League,356.1166666666667,162,39,75,19,21,24.604850351800774,33.135208499087376,26.846846846846848
66870,Estonian-Latvian-Basketball-League,355.9666666666667,101,19,40,21,21,20.034957790655962,20.338983050847457,27.14681440443213
132237,Czech-NBL,355.9,141,18,48,19,19,12.027976601070453,25.400393368923858,22.242562929061783
81641,Italian-Lega-Basket-Serie-A,355.0,127,7,28,32,17,21.763997821304812,21.859154929577464,33.86466165413534
107316,Spanish-ACB,354.95,154,3,30,8,19,20.58193708368384,21.97492604592196,26.05577689243028
117436,Eurocup,354.93333333333334,52,11,33,14,19,15.706386537598618,12.396694214876034,22.840800762631076
1706,Spanish-ACB,354.68333333333334,169,2,24,21,15,21.28481550852434,24.35975753019125,27.563025210084035
3857,Spanish-Segunda-FEB,354.6333333333333,183,4,35,25,12,18.11640940511293,27.85976125575712,26.926070038910506
121425,Finnish-Korisliiga,354.26666666666665,152,41,94,32,12,15.243459375895005,36.018065487391794,23.726571113561192
43141,Canadian-NBL,354.01666666666665,149,11,23,28,15,15.758840887083512,23.840685466785935,19.563318777292576
8115,Italian-Lega-Basket-Serie-A,354.0,124,17,28,8,17,21.233822332990968,20.0,31.02873030583874
58697,Israeli-BSL,354.0,96,20,63,12,25,27.97265635923819,21.581920903954803,40.35538005923001
21477,Slovakian-Extraliga,353.8,209,55,42,15,15,32.36818490590678,36.291690220463536,34.36619718309859
140182,Cypriot-Division-A,353.66666666666663,150,8,47,68,12,18.913820386109116,30.876531573986806,24.013157894736842
107463,Finnish-Korisliiga,353.3833333333333,170,18,49,25,11,13.432010163597258,29.656180729142104,19.48603351955307
107119,Slovenian-SKL,353.28333333333336,186,10,47,33,14,14.895939691517608,31.249705146954756,24.5350052246604
103429,German-Pro-A,352.93333333333334,115,18,28,17,24,12.911682873799473,20.17378163959199,20.771929824561404
24186,Danish-Basketligaen,352.75,229,15,49,25,12,16.032364568906367,36.059532246633594,24.904701397712834
80368,Greek-HEBA-A1,352.4666666666667,148,29,46,7,28,16.961427707265265,26.10175903158691,22.764227642276424
57221,Turkish-BSL,352.2,92,15,47,15,13,18.51585778656408,19.193639977285635,24.44022770398482
22820,Belgium-Scooore-League,352.0,131,31,60,9,15,20.621129237126425,26.25,28.018957345971565
31747,Cypriot-Division-A,351.8,176,9,36,51,10,16.859578711616628,30.92666287663445,28.183161004431316
89991,Slovakian-Extraliga,351.48333333333335,190,16,59,17,10,18.62676052322112,32.092560102423064,29.548133595284874
24646,German-BBL,351.3333333333333,85,6,20,67,21,15.108839415202272,20.265654648956357,22.686567164179106
104917,Estonian-Latvian-Basketball-League,351.2,206,47,95,19,20,19.64906776103,41.7995444191344,31.28491620111732
97629,Bulgarian-NBL,351.0,143,12,36,64,11,15.388137670451123,29.05982905982906,22.26120857699805
131621,Austrian-A-Bundesliga,350.81666666666666,159,6,65,35,10,18.221500914878025,30.215212124091405,30.745272525027808
5875,Norwegian-BLNO,349.6666666666667,197,43,72,19,14,13.332451998008276,37.86463298379409,26.028708133971293
56837,Finnish-Korisliiga,349.25,217,14,28,16,12,10.82574063299281,31.496062992125985,18.513189448441246
22003,Lithuanian-LKL,349.0833333333333,160,40,78,10,14,28.417794230689772,33.00071616137503,34.77188655980271
80915,German-Pro-A,349.03333333333336,155,21,38,37,26,23.8083519973375,28.76516092063795,35.119916579770596
31355,Swedish-Basketligan,348.84999999999997,138,14,31,31,12,16.644993418739098,24.537766948545222,26.014877789585547
54850,British-BBL,348.48333333333335,189,5,41,21,12,18.77841916007949,29.384475584676455,25.423728813559322
94212,New-Zealand-NBL,348.35,215,18,56,41,10,17.43978279435567,37.892923783551026,25.948275862068964
26511,Spanish-Segunda-FEB,348.23333333333335,110,21,76,17,19,21.085970480765567,25.729874605149803,31.20643431635389
37890,Spanish-Segunda-FEB,348.06666666666666,140,30,56,8,21,14.20863646558102,26.891400114920515,27.18562874251497
1808,Italian-Lega-Basket-Serie-A,348.0,142,7,21,9,15,28.69945645871948,20.57471264367816,33.102119460500965
84914,Italian-Serie-A2-Basket,348.0,163,22,58,16,18,24.632469521082395,29.770114942528735,33.50330500472143
76389,Cypriot-Division-A,347.71666666666664,133,25,75,12,13,21.20885171119181,28.183866174567417,26.46153846153846
27663,Greek-HEBA-A1,347.3666666666667,123,15,47,18,27,14.311474367721388,23.375875635735532,22.760290556900728
50489,Japanese-BLeague,347.35,139,26,78,21,10,18.736505203908408,30.40161220670793,22.22222222222222
106894,Georgian-Super-Liga,347.3333333333333,184,5,22,53,11,16.165789015873678,30.403071017274474,26.223021582733814
31511,Danish-Basketligaen,347.3333333333333,154,14,27,10,12,14.170627901635301,23.6084452975048,20.63273727647868
122218,Finnish-Korisliiga,347.25,127,17,49,26,14,16.06733891197795,25.226781857451403,25.432098765432098
44300,Serbian-KLS,347.0,57,10,17,13,26,7.547574377942862,11.181556195965419,14.606741573033707
84799,Canadian-NBL,347.0,233,43,58,15,17,32.91177903645311,40.23054755043228,48.21052631578947
42151,Bosnian-BiH-Liga,346.1166666666667,141,15,52,21,13,17.61896917865354,26.46506476621563,24.873949579831933
131942,Finnish-Korisliiga,346.05,131,13,32,81,10,14.837698682235526,29.70668978471319,26.185567010309278
151902,Belarusian-BPL,346.03333333333336,234,39,107,25,15,18.389036092661737,46.81629900780271,28.97226753670473
44080,Hungarian-NBIA,346.0,176,7,35,32,12,10.894173109722376,28.90173410404624,20.781476121562953
18807,Adriatic-League-Liga-ABA,345.1333333333333,84,16,35,37,17,22.54896978290028,19.934324898589917,28.449396471680593
6596,Turkish-BSL,345.05,147,30,38,11,37,13.82688288486713,26.199101579481233,24.566088117489986
89998,Serbian-KLS,345.03333333333336,177,30,67,18,16,19.12993287842441,33.85180175828422,25.16228748068006
22730,Belgium-Scooore-League,345.0,139,3,23,30,11,24.887269482283106,22.608695652173914,31.107668474051124
74074,BNXT-League,345.0,160,38,78,36,11,15.004195530102349,36.17391304347826,22.380106571936057
9138,Slovakian-Extraliga,344.8,149,20,48,25,11,19.166691577779567,28.074245939675173,25.49526270456503
6046,German-Pro-A,344.5833333333333,174,7,23,48,10,16.068219420657297,29.252720677146314,21.49326805385557
85396,Polish-OBL,344.3,145,17,49,25,14,18.971932807948136,27.417949462677896,26.614583333333332
6730,Danish-Basketligaen,343.4666666666667,185,25,75,15,11,15.466533882376647,34.93788819875776,20.79136690647482
1779,French-Jeep-Elite,343.0,144,28,60,12,20,22.242939254277896,28.454810495626823,30.16627078384798
1746,French-Jeep-Elite,343.0,140,4,17,56,11,19.790905502971437,25.306122448979593,25.892700087950747
23493,Montenegrin-Prva-A-Liga,343.0,127,5,22,24,11,2.0143086245387907,20.75801749271137,10.5
42757,Netherlands-DBL,343.0,77,14,34,7,11,13.424517352707937,15.393586005830905,21.620658949243097
109618,British-BBL,342.98333333333335,106,20,21,21,12,15.808451814441945,19.592788765246123,23.12258064516129
22499,Spanish-ACB,342.9166666666667,191,22,52,1,23,28.068187142276926,31.027946537059538,32.946236559139784
43767,Japanese-BLeague,342.6333333333333,159,27,54,17,11,15.594977131239673,30.002918571845512,20.571428571428573
121744,Czech-NBL,342.3833333333333,146,29,71,33,12,10.417896799157601,32.59504454071947,19.08355795148248
27975,Czech-NBL,342.18333333333334,160,15,46,30,15,0.99176117201496,29.340996541814818,13.962264150943396
148176,Georgian-Super-Liga,342.06666666666666,225,25,53,57,13,18.068124223657804,42.097057103878385,26.7026055705301
85637,BNXT-League,342.0,182,25,63,12,20,19.511902340640837,32.98245614035088,25.51794871794872
2538,French-LNB-Pro-B,342.0,140,11,36,17,15,17.39174536862904,23.859649122807017,21.682758620689654
139759,Mexican-LNBP,341.71666666666664,136,36,52,28,12,22.76972057133006,29.498122226015706,33.78504672897196
117867,Cypriot-Division-A,341.68333333333334,110,4,32,54,10,16.741480208168348,23.413492024779277,27.640449438202246
122065,Greek-HEBA-A2,341.3833333333333,180,20,60,23,14,13.85628709023066,33.15920519455158,23.0
45039,Ukrainian-Superleague,341.1333333333333,165,15,64,12,10,18.28123078750855,30.017588430721126,25.182341650671784
58699,Belgium-Scooore-League,341.0,153,14,28,43,16,17.74173892998055,27.917888563049853,23.45924453280318
105374,Portuguese-LPB,340.6666666666667,138,52,65,16,10,14.04399654174011,31.81996086105675,20.37313432835821
84622,Spanish-Primera-FEB,340.6166666666667,96,29,52,9,24,18.47498247038929,21.84273621373,25.0253807106599
4136,Polish-OBL,340.26666666666665,113,9,20,46,14,16.343178965262723,22.100313479623825,20.66066066066066
76744,British-BBL,340.06666666666666,153,8,33,37,10,9.014858310796576,27.171142913154284,16.98224852071006
94774,Estonian-Latvian-Basketball-League,339.7833333333333,78,42,47,19,19,8.877641604587296,21.896306469809193,15.905245346869712
80288,Croatian-A-1-Liga,339.75,138,34,50,19,18,23.496550463166038,28.373804267844005,29.137931034482758
10682,Greek-HEBA-A1,339.68333333333334,112,45,58,5,19,14.686198979197172,25.90648152691232,18.702570379436963
1902,Euroleague,339.68333333333334,189,44,74,15,13,32.31905651995782,37.91766841666258,37.89473684210526
30464,German-Pro-B,339.43333333333334,219,0,68,32,14,9.31686194554873,37.59206520671707,19.939209726443767
8366,Ukrainian-Superleague,339.31666666666666,200,11,53,35,12,15.121492879040618,35.247310771648905,26.533212010919016
56677,Australian-NBL,339.0,115,3,26,12,26,17.283716499662937,18.4070796460177,22.722820763956904
9946,Baltic-League-BBL-Elite-Division,338.68333333333334,181,4,33,5,18,14.68486075334277,26.337286550858718,18.127490039840637
25822,Spanish-Segunda-FEB,338.6666666666667,80,6,26,38,27,12.226591651876499,17.716535433070867,19.88372093023256
44321,Lithuanian-LKL,338.23333333333335,116,4,19,41,14,25.118683899428806,21.287079925101015,34.236311239193085
150689,Greek-HEBA-A1,338.2,116,7,28,17,18,25.48379498771424,19.86989946777055,27.755905511811022
80784,Belgium-Scooore-League,338.0,134,21,45,14,17,22.662115576797675,25.325443786982248,29.133858267716537
24683,Greek-HEBA-A1,337.9166666666667,112,23,62,7,16,15.209169085172295,24.147965474722564,20.61389337641357
4190,Ukrainian-Superleague,337.75,141,17,45,36,11,18.77679939585938,28.304959289415248,26.027397260273972
108051,Spanish-Segunda-FEB,337.56666666666666,160,2,27,24,18,13.20301178372409,25.239458872321517,19.374217772215268
57360,Filipino-PBA,336.93333333333334,226,29,119,20,10,30.163935441401517,46.77483181638306,43.45238095238095
109606,Netherlands-DBL,336.1,150,12,50,26,10,14.622221989918877,28.324903302588513,23.745410036719708
79883,Italian-Serie-A2-Basket,336.0,132,4,30,22,13,12.341753465250994,22.38095238095238,19.428571428571427
107647,Portuguese-LPB,335.7,120,15,28,20,10,12.771542492962032,21.805183199285075,20.0
8334,Polish-OBL,335.6666666666667,183,18,55,6,13,25.79851767064878,31.2214498510427,33.59477124183007
106974,Belarusian-BPL,335.3666666666667,235,10,45,25,16,14.392862272722736,37.570818010138154,23.628546861564917
166679,British-BBL,335.25,73,37,60,13,24,14.733411148017115,21.834451901565995,19.185282522996058
88875,Slovakian-Extraliga,335.05,164,29,56,28,10,20.501432800011965,33.06969109088195,30.3515625
12053,Italian-Lega-Basket-Serie-A,335.0,125,32,35,5,13,29.159107849226523,23.52238805970149,30.714285714285715
134525,Croatian-A-1-Liga,334.98333333333335,125,9,26,29,10,13.743286701693538,22.568286979451713,22.954091816367267
24255,Finnish-Korisliiga,334.76666666666665,200,15,49,16,14,17.21083578289169,33.45613860400279,26.59597030752916
128486,Finnish-Korisliiga,334.4,179,11,58,19,11,14.222278412727041,31.937799043062203,20.133155792276963
53208,Swiss-LNA,334.3666666666667,119,16,32,9,16,13.204059892787368,21.054730335958528,20.88167053364269
3669,Polish-OBL,333.76666666666665,89,22,90,18,17,16.38999072142077,26.245880355537803,18.79396984924623
6677,VTB-United-League,333.7,157,35,42,13,31,18.75434260114621,29.60743182499251,22.365591397849464
7961,Spanish-Primera-FEB,333.68333333333334,142,37,49,10,18,27.664076466137267,28.53004345437291,35.24214103653356
52349,Polish-OBL,333.65,202,8,65,58,10,13.671770286140077,39.92207402967181,24.830188679245282
21237,Polish-OBL,333.65,104,13,26,37,11,23.10305027512139,21.579499475498277,27.662835249042146
132212,German-Pro-B,333.35,216,10,38,11,10,16.13292578000303,32.998350082495875,21.012311901504788
91009,German-Pro-B,332.85,153,14,47,29,10,16.616309090151812,29.20234339792699,21.0580204778157
106730,German-Pro-A,332.51666666666665,147,4,17,45,14,15.66849195262655,25.622775800711747,25.23285351397121
84453,British-BBL,332.2,145,26,47,11,12,22.506440916898963,27.573750752558702,29.246861924686193
1803,Spanish-ACB,331.73333333333335,130,3,23,26,12,18.372005942840445,21.945337620578776,27.161410018552875
9441,German-Pro-A,331.06666666666666,222,9,17,26,30,14.64025716330175,33.10511478050745,22.8675799086758
148376,Bosnian-BiH-Liga,330.71666666666664,86,14,26,8,13,9.948271198500462,16.20722672982916,18.64406779661017
42329,Swedish-Basketligan,330.5,225,21,53,14,14,18.043926052381597,37.88199697428139,30.11627906976744
3799,Australian-NBL,330.3666666666667,125,0,24,30,13,12.165421093228291,21.67288870951468,20.466148723640398
134424,Romanian-Divizia-A,330.2166666666667,93,29,44,9,17,19.95423358799031,21.19820319991924,30.829562594268477
84862,Slovakian-Extraliga,330.2166666666667,172,32,48,14,18,19.114877500984804,32.22126886387725,27.376884422110553
56713,German-Pro-A,329.9,138,13,50,16,22,11.968021238622718,26.31100333434374,21.488833746898262
88867,Serbian-KLS,329.76666666666665,186,2,28,30,13,10.288136678094634,29.839280299201455,16.5625
71590,Swiss-LNA,329.7,102,34,74,8,11,18.75063976896079,26.448286320897786,19.849170437405732
1743,German-BBL,329.4166666666667,60,4,24,44,26,10.170091039860276,16.02833291171262,15.355450236966824
157191,Serbian-KLS,329.0,138,6,21,32,14,13.731613860265798,23.951367781155014,25.696969696969695
23388,German-BBL,328.98333333333335,83,3,16,15,32,24.090737739749336,14.225644662850195,29.838187702265373
26473,Czech-NBL,328.7,101,28,51,18,16,18.384821413302504,24.09491937937329,23.650793650793652
125786,Venezuelan-SLB,328.51666666666665,204,15,37,29,14,21.173612290071116,34.70143574653747,31.70008718395815
52175,Icelandic-Dominos-League,328.3666666666667,169,7,23,28,10,4.0853330444058225,27.652015023855444,15.867158671586715
117891,Netherlands-DBL,328.1666666666667,181,39,71,10,12,16.712276173715605,36.68867445403758,23.510971786833856
76331,BNXT-League,328.1166666666667,158,29,61,14,17,16.32417967065061,31.93985879006451,26.900584795321638
107973,Estonian-Latvian-Basketball-League,328.1166666666667,133,5,29,33,12,10.880135099485852,24.38157159546909,17.452471482889734
31863,Slovenian-SKL,328.1166666666667,132,14,29,12,24,17.142112390744128,22.7967694417636,26.857142857142858
121945,Puerto-Rican-BSN,328.1,81,8,50,22,19,15.598098644634675,19.628162145687288,28.96124031007752
3520,VTB-United-League,328.05,200,40,57,21,16,20.4092720321509,38.77457704618198,26.22356495468278
139796,Basketball-Super-League,328.0,182,15,31,12,13,11.376234449200648,29.26829268292683,21.2
44576,Spanish-Segunda-FEB,327.98333333333335,175,33,75,5,14,20.069892857373407,35.1237359621932,33.15151515151515
87111,Swedish-Basketligan,327.8666666666667,214,10,36,35,13,16.567103086373304,35.9902399349329,22.08053691275168
108843,Portuguese-LPB,327.7,118,16,24,16,11,13.974687164058828,21.238938053097346,20.318302387267906
81441,Australian-NBL,327.4,146,3,22,20,22,21.551056910507246,23.335369578497254,29.919678714859437
152047,Puerto-Rican-BSN,327.33333333333337,164,36,47,37,10,25.370125998677235,34.704684317718936,34.69387755102041
97571,British-BBL,327.26666666666665,128,3,27,24,14,22.03206164326853,22.244856386229376,28.446069469835468
2300,Ukrainian-Superleague,327.01666666666665,210,44,49,21,13,22.954825718922883,39.63100759390449,30.265282583621683
80286,Hungarian-NBIA,327.0,85,8,44,14,17,18.58738720620828,18.470948012232416,25.333333333333332
30880,Belgium-Scooore-League,327.0,89,21,39,18,22,13.20726327113928,20.428134556574925,20.528846153846153
23222,German-BBL,326.9,82,4,14,53,11,18.71111495194675,18.721321505047417,26.57968313140727
84951,Ukrainian-Superleague,326.85,157,13,37,21,12,10.918053165110459,27.902707664066085,21.05263157894737
5308,Greek-HEBA-A1,326.83333333333337,164,24,43,7,12,25.158473765095952,29.127995920448747,34.61538461538461
107001,Lithuanian-LKL,326.5833333333333,156,6,19,30,17,16.788309809824213,25.843327379433532,23.92488262910798
4522,Spanish-Primera-FEB,326.1333333333333,97,25,35,2,18,19.344153388469323,19.501226492232217,30.335570469798657
12831,Italian-Lega-Basket-Serie-A,326.0,115,8,23,4,15,22.244900133581258,18.404907975460123,29.348025711662075
104443,Spanish-Primera-FEB,325.8833333333333,167,18,23,11,21,21.72457321065499,26.8807855572035,30.56497175141243
84006,Portuguese-LPB,325.8333333333333,129,20,46,11,12,12.324795575156045,25.28900255754476,23.455497382198953
89131,Swiss-LNA,325.8333333333333,239,3,24,32,10,17.672884767849578,36.58312020460358,27.268817204301076
136580,Macedonian-Superleague,325.51666666666665,147,4,42,21,15,12.96323792026776,26.296656597204446,21.428571428571427
18587,Cypriot-Division-A,325.25,170,27,36,11,14,22.13032772163744,30.007686395080707,26.69683257918552
80301,Hungarian-NBIA,325.0,121,6,29,60,14,16.37448485916376,26.584615384615386,26.163996229971726
86008,BNXT-League,324.3833333333333,104,18,46,23,19,27.10641420963576,23.55238144170991,36.1965811965812
107902,Australian-NBL,324.3333333333333,87,16,20,10,35,8.141601204708236,16.402877697841728,14.492753623188406
109316,Croatian-A-1-Liga,324.05,110,18,43,25,11,16.73928923780275,24.19379725351026,28.992974238875878
8207,Polish-OBL,324.03333333333336,172,27,71,23,15,22.832776924906756,36.16911840345643,29.124087591240876
122391,Swiss-LNA,324.0,110,26,44,18,18,20.277271510865496,24.444444444444443,25.689655172413794
872,Italian-Lega-Basket-Serie-A,324.0,124,10,36,14,12,21.912547004720714,22.71604938271605,30.104662226450998
31433,Polish-OBL,323.8,115,11,33,27,15,16.943002295918465,22.97714638665843,25.93220338983051
85595,Adriatic-League-Liga-ABA,323.73333333333335,125,14,16,21,14,16.260711974214168,21.74629324546952,21.521933751119068
52551,South-Korean-KBL,323.45,236,32,68,12,25,30.960898802947476,43.03601793167414,37.68231768231768
139165,Venezuelan-SLB,323.3,85,39,43,14,16,6.537991179443272,22.394061243427156,16.655290102389078
94803,BNXT-League,323.0,108,10,28,10,17,15.593999270811624,19.318885448916408,21.43727161997564
13021,Turkish-TBL,323.0,152,45,56,15,14,26.191188369460534,33.188854489164086,33.11594202898551
133373,BNXT-League,323.0,110,34,65,19,11,13.744740623444429,28.235294117647058,20.606060606060606
93378,Romanian-Divizia-A,322.7,130,6,24,8,18,11.493706512542289,20.824295010845987,16.784313725490197
107690,Mexican-LNBP,322.45,110,17,56,14,17,16.46538042623709,24.437897348426112,22.30040595399188
42644,Australian-NBL,322.3833333333333,124,12,50,25,37,12.553319429311408,26.180013441555086,20.020100502512562
118190,Swedish-Basketligan,322.15,151,12,43,11,13,18.729172871217468,26.943970200217294,24.24390243902439
20980,German-BBL,322.06666666666666,121,45,52,4,23,20.10872299053721,27.57193127716829,28.47457627118644
17110,Slovenian-SKL,322.01666666666665,95,4,14,13,14,11.335784539953053,15.651363801045495,16.867469879518072
4000,German-BBL,322.01666666666665,148,16,62,11,10,26.156833025747105,29.43947000672843,32.414398595259
85419,Canadian-NBL,322.0,174,15,65,22,11,16.972163428061528,34.285714285714285,25.77656675749319
183224,Slovakian-Extraliga,321.98333333333335,132,31,59,20,10,23.01707832206896,30.06366789171282,29.40516273849607
121942,British-BBL,321.93333333333334,148,7,24,35,11,17.098635845598128,26.589355974321805,23.472803347280333
31409,Spanish-Segunda-FEB,321.4166666666667,110,18,57,22,17,15.61483285916906,25.760954109411458,23.72027972027972
88907,Canadian-Elite-Basketball-League,321.25,180,28,49,20,14,22.771160272652835,34.490272373540854,29.743589743589745
122433,Croatian-A-1-Liga,321.15,114,3,30,47,12,21.864203220431502,24.163163630702165,29.654491609081933
120131,Czech-NBL,320.81666666666666,200,5,52,44,11,20.031770280069676,37.529222297262194,26.750313676286073
22648,Slovakian-Extraliga,320.7833333333333,180,8,47,34,14,11.397505510218727,33.54288980100795,22.028985507246375
80680,Macedonian-Superleague,320.6,201,18,62,19,12,21.726782452485878,37.42981908920773,29.00314795383001
139910,German-Pro-A,320.06666666666666,201,6,23,40,14,11.87750466462433,33.74297021453864,21.07226107226107
21597,Cypriot-Division-A,320.01666666666665,132,9,18,18,12,18.07128019067478,22.12384771626478,25.34908700322234
72297,Italian-Serie-A2-Basket,320.0,188,4,30,19,16,14.090869311053769,30.125,22.911694510739856
107567,Canadian-Elite-Basketball-League,319.3833333333333,173,12,57,52,10,22.871581021670064,36.820957052653554,35.600403632694245
131203,Lithuanian-NKL,319.31666666666666,182,9,32,33,11,14.34283625714536,32.06847956573934,24.094256259204712
17698,German-BBL,319.2833333333333,146,29,33,9,18,20.90008795135547,27.185885055071257,25.95065312046444
80330,Netherlands-DBL,319.0,161,16,12,13,10,19.919404328944086,25.329153605015673,23.738656987295826
81305,German-BBL,318.6166666666667,138,28,44,18,21,34.39973408647779,28.623738034210387,42.69938650306749
121930,Greek-HEBA-A1,318.3666666666667,131,3,32,28,37,19.20078971155995,24.374411056433882,26.588432523051132
58609,Spanish-Primera-FEB,318.2,118,9,22,10,16,21.493241757721655,19.98742928975487,35.104166666666664
54071,Spanish-Segunda-FEB,318.18333333333334,117,24,39,8,15,15.181692479017697,23.634173170603948,23.89041095890411
161947,Greek-HEBA-A1,318.1666666666667,143,8,30,22,14,9.929523997993911,25.521215295966474,19.66309341500766
32644,Italian-Serie-A2-Basket,318.0,83,32,52,7,11,23.400078930597356,21.88679245283019,25.919003115264797
44311,German-Pro-B,317.7,153,18,57,17,13,13.338848528267285,30.846710733396286,23.183856502242154
19397,Greek-HEBA-A1,317.6166666666667,110,45,29,6,23,15.651776065694818,23.928215353938185,26.446280991735538
59528,Puerto-Rican-BSN,317.5833333333333,165,11,40,24,23,14.933716468182904,30.228286538966152,26.43312101910828
89022,Greek-HEBA-A1,317.45,113,33,65,15,15,14.940629163575217,28.476925500078753,23.186813186813186
45010,Spanish-Segunda-FEB,317.1,157,2,23,14,10,22.395841408641605,24.724061810154524,28.17635270541082
56716,Canadian-NBL,317.0,193,53,72,4,17,22.451078678511426,40.630914826498426,32.879120879120876
7816,Turkish-TBL,316.8333333333333,163,9,27,42,10,15.813917298856863,30.426091530773277,25.033557046979865
16561,Mexican-LNBP,316.2,100,29,48,8,35,10.449988225443345,23.40290955091714,23.157894736842106
30934,Spanish-Segunda-FEB,316.18333333333334,153,5,20,18,11,13.5502785879122,24.79574086764008,17.885391444713477
8915,Hungarian-NBIA,316.0,188,35,75,8,13,29.35792561383141,38.734177215189874,33.65328109696376
121623,Hungarian-NBIA,316.0,167,11,37,32,12,18.199318015639474,31.265822784810126,23.73008434864105
134591,Slovakian-Extraliga,315.9,127,4,20,34,11,12.796074322966797,23.42513453624565,20.40241448692153
23249,German-Pro-A,315.8,81,0,36,72,15,15.35350230856382,23.939202026599112,21.219792865362486
9573,Italian-Serie-A2-Basket,315.0,144,16,31,13,11,20.67649803715676,25.904761904761905,27.16294458229942
88738,Cypriot-Division-A,314.95,170,26,71,12,12,15.73888090663376,35.43419590411177,28.735632183908045
39555,Slovakian-Extraliga,314.3333333333333,89,4,37,36,11,7.934134155794799,21.12407211028632,13.832853025936599
58524,Italian-Serie-A2-Basket,314.0,141,15,58,28,10,16.621315321720445,30.828025477707005,24.096385542168676
84090,Belgium-Scooore-League,314.0,210,9,29,23,13,15.880550323347382,34.52229299363057,24.35129740518962
84472,French-LNB-Pro-B,314.0,193,7,23,40,11,19.992126485579696,33.503184713375795,29.13714804722979
43097,Hungarian-NBIA,314.0,130,29,77,14,18,31.02695907342626,31.84713375796178,38.28524319868096
85734,Austrian-A-Bundesliga,313.95,157,17,19,41,12,15.20431147577075,29.81366459627329,24.478694469628287
107570,Canadian-Elite-Basketball-League,313.56666666666666,186,18,43,20,11,18.30473528673367,34.059742744764534,27.717569786535304
57500,Spanish-Primera-FEB,313.5333333333333,115,4,26,32,13,22.71027212446527,22.581331065277485,32.789373814041745
88823,German-Pro-A,313.51666666666665,198,4,17,45,15,18.0810728598933,33.68241986071979,23.54609929078014
151837,Polish-OBL,313.3666666666667,80,13,45,29,21,20.48348426621945,21.31688118285289,32.44897959183673
56830,Finnish-Korisliiga,313.3,159,20,77,19,10,12.718040590329684,35.11011809766996,21.12
105379,Czech-NBL,313.15,171,5,12,39,17,21.096805662050663,28.995688966948748,28.55923159018143
80598,Estonian-Latvian-Basketball-League,313.15,117,6,41,43,13,11.203001078732964,26.441002714354145,20.706455542021924
58785,Finnish-Korisliiga,312.95,188,10,41,14,10,22.36591997082963,32.337434094903344,34.68208092485549
57168,Turkish-TBL,312.93333333333334,130,13,31,21,10,20.63923744559644,24.925436727737537,26.84512428298279
57492,Lithuanian-LKL,312.8833333333333,120,7,20,49,20,19.944010811225223,25.057263090608853,29.02485659655832
117430,Turkish-BSL,312.75,111,31,38,24,18,25.162445989092728,26.091127098321344,34.661921708185055
42385,Puerto-Rican-BSN,312.25,72,40,54,12,33,15.861759305012669,22.80224179343475,31.03030303030303
41428,Cypriot-Division-A,311.6333333333333,131,32,49,4,10,14.520013785687535,27.724890362605628,22.784272051009566
85218,Portuguese-LPB,311.6,191,30,60,14,13,20.799188577643264,37.869062901155324,30.416666666666668
7186,German-BBL,311.4166666666667,101,24,63,4,15,19.623890818038316,24.66149317634466,26.434463794683776
77669,British-BBL,311.26666666666665,137,4,36,30,16,8.330429363863315,26.60098522167488,16.170212765957448
20444,Ukrainian-Superleague,311.1333333333333,100,26,48,12,24,14.026409959525953,23.912577673023357,21.337907375643226
31241,German-Pro-B,311.06666666666666,167,29,96,20,11,24.900847550009917,40.12001714530647,29.63809523809524
6768,VTB-United-League,311.05,99,11,38,12,22,16.201276361557206,20.57547018164282,25.039232781168266
166380,Basketball-Super-League,310.9666666666667,141,10,34,25,12,15.021884617405192,27.01254153714224,22.980318650421744
85415,Serbian-KLS,310.8333333333333,190,13,55,10,11,10.999595982543019,34.48793565683646,17.233704292527822
75578,Netherlands-DBL,310.68333333333334,117,11,45,15,14,14.59267000281307,24.204710047744218,22.108843537414966
100794,British-BBL,310.3333333333333,126,22,55,15,13,23.578970365295167,28.098818474758325,23.805309734513273
88523,Swedish-Basketligan,310.3,164,2,25,58,12,13.929853490106467,32.09796970673542,21.295774647887324
94607,Finnish-Korisliiga,309.45,152,18,36,22,11,8.487595461194365,29.47164323800291,12.603305785123966
85699,Romanian-Divizia-A,309.0833333333333,133,22,52,8,14,18.09712266512763,27.82421137772985,24.223463687150836
90023,Danish-Basketligaen,308.93333333333334,128,31,56,23,14,20.061236110847844,30.815709969788518,24.285714285714285
7556,Czech-NBL,308.9166666666667,149,6,46,18,12,18.744315281060413,28.35716212570812,24.041450777202073
7955,Turkish-TBL,308.7,178,7,22,33,10,19.336127999558524,31.09815354713314,25.721877767936228
137803,Turkish-TBL,308.68333333333334,179,5,18,64,10,12.168440084176245,34.468981156525025,26.160919540229884
1867,French-Jeep-Elite,308.0,115,44,54,14,13,19.95406318435619,29.48051948051948,27.587768969422424
140166,Slovakian-Extraliga,307.95,137,12,35,43,11,11.258093998588476,29.48530605617795,17.358490566037737
106673,Bosnian-BiH-Liga,307.6,156,3,28,31,11,10.255590157286287,28.34850455136541,19.39000866623801
3986,Czech-NBL,307.1333333333333,197,47,14,18,10,12.697715359663702,35.94530062947688,19.576587795765878
97443,Puerto-Rican-BSN,307.0833333333333,77,12,26,7,17,11.92551755767896,15.89145183175034,19.456521739130434
121739,Hungarian-NBIA,307.0,148,33,43,4,20,17.618362953260743,29.706840390879478,22.404371584699454
155443,German-Pro-A,306.8666666666667,138,8,24,29,18,15.501174837330458,25.93960460569194,21.366459627329192
7166,German-Pro-A,306.76666666666665,115,0,25,13,22,13.82844269821916,19.950016299032924,21.6884661117717
61159,Netherlands-DBL,306.21666666666664,150,21,42,18,11,22.180538798272742,30.17471289392043,28.500619578686493
107911,Canadian-Elite-Basketball-League,305.8833333333333,152,12,36,11,18,9.337099057743691,27.592219255707516,22.118380062305295
90003,Swiss-LNA,305.8,161,6,28,22,10,20.804308281162854,28.384565075212556,32.08087615838247
139977,Super-League-Basketball,305.51666666666665,215,4,29,24,13,10.574207239282723,35.611805138835855,20.34548944337812
58793,Greek-HEBA-A1,304.68333333333334,92,5,36,5,19,14.499286944179222,18.11717083310541,19.92248062015504
148679,Polish-OBL,304.6666666666667,130,23,41,16,17,18.11275793657389,27.571115973741794,25.901639344262296
4072,German-BBL,304.6666666666667,115,15,35,20,13,22.819867478456313,24.288840262582056,28.493827160493826
110495,Slovakian-Extraliga,304.6333333333333,132,23,30,5,10,12.807280094044762,24.948024948024948,20.62421972534332
37900,Lithuanian-LKL,304.51666666666665,126,8,37,66,15,23.03005040102909,31.131300968748292,29.024943310657598
46758,French-NM1,304.15,147,23,33,12,15,10.206810627902177,28.275521946408023,18.829787234042552
9958,German-BBL,303.9,118,19,41,11,17,17.25358511731874,24.876604146100693,31.883408071748878
90417,Argentinian-Liga-A,303.5833333333333,169,34,40,4,14,22.19599827506967,32.54460609387867,30.362903225806452
121912,Swedish-Basketligan,303.3,68,21,31,12,21,5.842246762300957,17.408506429277942,16.224489795918366
120553,Canadian-Elite-Basketball-League,302.5,165,12,42,30,10,18.879866877648517,32.925619834710744,27.981790591805765
17640,German-BBL,302.43333333333334,113,20,29,11,16,14.405781579355596,22.88107571916676,23.563512361466326
132165,German-Pro-A,302.15,67,10,27,16,18,10.3725161794848,15.88614926361079,15.689851767388825
76405,Spanish-ACB,301.5833333333333,119,42,46,7,14,19.744009521319267,28.383531362254768,24.472190692395007
108957,VTB-United-League,301.5,117,6,35,13,15,18.670001649867768,22.686567164179106,25.24390243902439
5876,Lithuanian-LKL,301.3666666666667,171,8,53,12,13,6.461233159888934,32.385798031191236,15.974842767295597
140274,Spanish-Primera-FEB,301.0,67,16,38,14,12,16.721373121162774,17.940199335548172,24.303797468354432
23398,National-Basketball-League-of-Japan,301.0,189,38,86,6,12,18.748454642616668,42.39202657807309,28.63013698630137
45150,Macedonian-Superleague,300.6,106,3,19,24,10,16.062246363261707,20.226214238190284,25.236907730673316
148515,Super-League-Basketball,299.75,108,4,28,42,10,20.319842791591665,24.28690575479566,29.02137232845894
138291,Greek-HEBA-A2,299.3666666666667,132,6,23,31,10,17.203811976791705,25.65415877964592,28.316008316008315
152051,Spanish-ACB,299.28333333333336,139,7,20,41,12,18.19898624194059,27.666091217909447,27.698042870456664
41444,Danish-Basketligaen,299.25,207,10,43,33,10,15.840271786593778,39.16457811194653,21.998166819431713
139792,Romanian-Divizia-A,299.1,148,12,39,31,24,18.300912964427084,30.75894349715814,28.289322617680828
42555,French-LNB-Pro-B,299.0,131,26,44,16,18,20.39554572455957,29.03010033444816,27.883495145631066
10593,French-Jeep-Elite,299.0,73,15,41,16,24,21.117311835627557,19.39799331103679,28.018433179723502
63962,Spanish-Segunda-FEB,298.98333333333335,136,21,38,14,12,29.193905588123037,27.961424828585763,35.36463536463536
56849,Polish-OBL,298.4666666666667,171,5,11,34,10,22.886713115181028,29.61804779986598,31.142857142857142
41435,Turkish-TBL,298.33333333333337,200,19,59,10,10,20.7711418042832,38.6145251396648,29.498806682577566
30546,Danish-Basketligaen,298.2,154,10,32,32,11,16.571032519644223,30.58350100603622,23.102493074792243
4194,Belgium-Scooore-League,298.0,103,11,13,11,14,19.28222311016406,18.523489932885905,21.597444089456868
54836,Belgium-Scooore-League,298.0,148,21,56,6,17,25.93250264971993,31.006711409395972,31.66425470332851
75530,Spanish-Primera-FEB,298.0,102,20,56,11,16,21.222120031346588,25.369127516778523,27.61014686248331
8365,German-Pro-A,297.3333333333333,92,0,94,11,17,15.933951752453632,26.50224215246637,22.75659824046921
9298,Danish-Basketligaen,297.25,84,6,20,30,13,9.083985231373733,18.839360807401178,17.012048192771083
28572,Canadian-NBL,297.0833333333333,144,11,25,17,11,11.379718886967751,26.524544179523144,20.46975462537725
122229,Greek-HEBA-A1,297.01666666666665,98,2,13,24,13,18.89151491208604,18.450143089613377,23.73505059797608
2482,Australian-NBL,296.8,83,21,44,8,28,21.035072258299135,21.024258760107816,29.711846318036287
11495,Slovakian-Extraliga,296.6166666666667,109,22,39,1,16,16.510389257883133,23.060066303309547,22.76553106212425
155666,Mexican-CIBACOPA,296.0,143,5,14,7,11,13.873259736517575,22.83783783783784,23.86587771203156
1785,French-Jeep-Elite,296.0,116,8,32,30,10,24.23019583386149,25.135135135135137,33.412625800548945
121540,French-Jeep-Elite,296.0,150,3,31,34,13,19.650064841091474,29.45945945945946,28.282208588957054
6780,French-Jeep-Elite,296.0,93,12,35,15,12,22.715111363896078,20.945945945945947,28.381962864721487
24347,Spanish-ACB,295.9666666666667,123,13,32,8,23,24.523239155835086,23.7864624394639,34.53940066592675
80964,German-Pro-A,295.45,140,34,47,8,16,21.129062516246645,31.003553900829246,28.483920367534456
5795,German-BBL,294.7,108,24,34,6,17,17.62679784774961,23.34577536477774,24.5385450597177
49110,British-BBL,294.68333333333334,133,17,46,13,17,8.42857773146854,28.369436117866638,18.25503355704698
134765,Adriatic-League-Liga-ABA,294.1666666666667,118,10,49,12,13,31.153860903640833,25.699716713881017,42.338949454905844
44786,Australian-NBL,294.1333333333333,109,22,42,10,35,20.078390159871496,24.88667271078876,30.234986945169712
142407,Cypriot-Division-A,294.1166666666667,163,38,105,20,11,15.901365174109335,44.33614778715929,26.618181818181817
135386,Canadian-Elite-Basketball-League,293.93333333333334,178,20,29,13,10,22.113058166540696,32.660467226128375,27.24587315377932
97611,Lithuanian-NKL,293.4666666666667,161,6,21,40,10,21.5278799916382,31.07678328032712,33.18600368324125
6288,German-BBL,293.0333333333333,123,28,49,12,11,18.282413057709707,28.938687293823232,26.208530805687204
13175,French-Jeep-Elite,293.0,108,7,34,14,14,14.590198299845829,22.252559726962456,18.59103385178408
155296,French-LNB-Pro-B,292.3833333333333,80,23,50,15,25,17.13499781057823,22.983526192783447,22.33128834355828
88790,Danish-Basketligaen,292.23333333333335,124,5,25,23,13,11.56437111386833,24.227215695220714,20.838769804287047
81682,Turkish-BSL,292.2,98,5,24,34,12,17.228169528192957,22.039698836413418,24.120819848975188
57241,Israeli-BSL,292.0,65,7,20,54,43,20.76227876695907,20.0,26.53500897666068
133140,Australian-NBL,292.0,120,42,35,21,19,13.710421457656507,29.863013698630137,22.981574539363486
23740,Spanish-ACB,291.3666666666667,108,13,43,5,18,22.915006950183937,23.201006749799795,29.086908690869087
8878,Belgium-Scooore-League,291.0,125,5,23,46,10,22.638777943273645,27.353951890034363,30.324374420759963
58176,Mexican-LNBP,290.68333333333334,135,6,21,59,10,18.425424009727532,30.411100280947192,26.765249537892792
57068,Cypriot-Division-A,290.68333333333334,78,4,19,19,11,10.457250995662074,16.512814632188523,17.706323687031084
7127,German-BBL,290.56666666666666,90,10,26,9,24,16.86715224272744,18.584375358494896,22.41014799154334
169144,Mexican-CIBACOPA,290.15,134,16,44,18,10,14.452870529489775,29.226262278132005,23.34384858044164
23918,Swedish-Basketligan,290.1166666666667,91,19,34,13,10,13.825837158242745,21.646464066180272,19.375629405840886
22874,French-Jeep-Elite,290.0,77,5,25,26,14,13.337084117786802,18.344827586206897,21.067193675889328
8920,French-LNB-Pro-B,290.0,122,33,49,7,12,21.388905558000094,29.103448275862068,26.437994722955146
2190,Puerto-Rican-BSN,289.81666666666666,149,16,22,15,12,18.03926983829012,27.879694059462878,23.12617702448211
59016,Swedish-Basketligan,289.55,104,9,29,19,15,17.94882723181983,22.24140908305992,27.02301410541945
57096,VTB-United-League,289.51666666666665,163,26,64,10,11,25.907654160876497,36.33642277358817,36.255319148936174
54835,German-Pro-A,289.26666666666665,99,15,45,11,14,14.149511706819453,23.507720672966123,24.829329962073324
57425,German-BBL,288.9,105,3,25,29,14,22.20536936768422,22.429906542056077,33.50694444444444
1745,Eurocup,288.8833333333333,108,11,55,14,12,17.664390501399332,26.031269832112155,22.749003984063744
89383,Canadian-Elite-Basketball-League,288.55,163,52,63,12,11,17.571210861579463,40.201005025125625,22.871046228710462
91702,Polish-OBL,288.15,207,8,31,37,11,21.625557083436654,39.28509456880097,34.448236632536975
85713,Argentinian-Liga-A,288.1,150,7,49,10,11,17.375758280824687,29.989586948976047,29.02696365767878
17386,Netherlands-DBL,288.0,149,16,58,10,10,24.889379909167957,32.361111111111114,35.11363636363637
45284,Romanian-Divizia-A,287.5833333333333,101,6,18,36,12,20.046847167320188,22.39350912778905,28.9120151371807
156250,Mexican-CIBACOPA,287.31666666666666,148,27,51,9,10,20.858268777238354,32.71651487905331,35.544794188861985
140050,Kosovo-FBK,287.3,172,2,18,14,13,15.9663877999959,28.680821441002436,29.426321709786276
155092,Slovenian-SKL,287.15,125,13,34,32,11,17.003232593029697,28.417203552150447,29.497568881685574
28764,German-Pro-B,287.05,94,4,54,16,16,11.040630611174528,23.410555652325378,15.514809590973202
24638,French-LNB-Pro-B,287.0,84,16,34,14,19,11.518942806691472,20.627177700348433,22.88100208768267
1691,Eurocup,286.55,103,24,26,14,10,22.631179327151273,23.311812947129646,26.361746361746363
45138,Slovenian-SKL,286.2,134,15,42,9,14,11.227036077213917,27.952480782669465,23.9873417721519
44267,German-BBL,286.01666666666665,123,4,24,15,11,19.34562206423378,23.215430336227495,29.037037037037038
81380,Netherlands-DBL,286.0,103,17,53,16,10,19.59487433512105,26.433566433566433,29.57637997432606
76941,Greek-HEBA-A1,286.0,99,6,30,30,16,18.35710734543952,23.076923076923077,24.507512520868115
42819,Belgium-Scooore-League,286.0,128,8,24,13,16,18.388146429616647,24.195804195804197,24.957904583723106
80389,German-Pro-A,285.95,126,27,57,8,26,13.560240902400635,30.494841755551672,30.88607594936709
23426,German-BBL,285.81666666666666,102,21,39,12,19,19.95487782203429,24.35127412677124,31.33113311331133
57327,Danish-Basketligaen,285.8,62,32,44,13,15,2.7047636546803875,21.13365990202939,12.347266881028938
24707,Finnish-Korisliiga,285.75,89,8,22,7,18,14.366058055104487,17.637795275590552,24.446511627906975
6925,Adriatic-League-Liga-ABA,285.75,169,35,62,10,10,26.64391988586903,38.63517060367454,33.22662173546757
8644,French-NM1,285.6666666666667,93,20,38,17,13,9.307381467450952,23.52392065344224,18.216867469879517
85625,German-Pro-A,285.21666666666664,135,25,64,12,14,16.65391927818442,33.09764506515515,25.324074074074073
97698,Spanish-Segunda-FEB,285.18333333333334,129,6,17,9,13,18.28756599930343,22.581964817953363,23.168316831683168
88973,Serbian-KLS,285.0,187,20,48,14,10,12.648643806890753,37.75438596491228,21.94756554307116
132230,BNXT-League,285.0,125,36,45,7,18,22.895350285675732,29.894736842105264,36.21103117505995
30476,Finnish-Korisliiga,284.68333333333334,149,4,21,40,11,17.467754354986177,30.068497160587786,23.885135135135137
31622,Greek-HEBA-A1,284.53333333333336,56,5,30,20,17,13.565512641255179,15.604498594189314,19.477006311992785
106949,German-Pro-A,284.48333333333335,116,4,30,58,11,11.637302610546385,29.246001523229243,23.012048192771083
56717,Finnish-Korisliiga,284.0,126,10,51,10,11,16.175838834502056,27.746478873239436,25.910931174089068
85607,Israeli-BSL,284.0,138,17,32,13,12,23.70092130133257,28.169014084507044,28.18840579710145
72666,Spanish-Segunda-FEB,283.0,174,15,39,14,12,19.327641755448713,34.20494699646643,26.417910447761194
120129,Macedonian-Superleague,282.93333333333334,113,9,26,31,13,11.762419156346844,25.30631479736098,18.341232227488153
9084,Russian-PBL,282.8333333333333,144,25,43,5,10,24.12714286462131,30.689451974071893,34.08312958435208
57099,Turkish-BSL,282.81666666666666,113,23,55,15,11,18.815290963884056,29.135482350167955,26.878048780487806
73134,Puerto-Rican-BSN,282.43333333333334,68,12,35,48,20,16.408543177743347,23.085093827451907,23.045586808923375
7293,Spanish-Primera-FEB,282.3666666666667,132,25,39,5,13,24.143923792912673,28.473615865895407,30.214067278287462
18399,French-LNB-Pro-B,282.0,135,16,40,19,10,24.85653298355359,29.78723404255319,31.154879140555057
5073,Serbian-KLS,282.0,87,4,26,17,14,9.932722472621604,19.00709219858156,15.307262569832401
56939,Swiss-LNA,281.8,110,4,27,44,13,6.058392830659055,26.259758694109298,16.515151515151516
10385,Belgium-Scooore-League,281.0,93,5,26,18,12,21.800792812737892,20.2135231316726,29.04487917146145
31130,Mexican-LNBP,280.9666666666667,101,22,38,6,26,15.65099486539263,23.77506228496856,23.59447004608295
9279,Greek-HEBA-A1,280.7,106,38,41,5,16,21.60626865047554,27.075169219807623,30.953436807095343
84174,Bosnian-BiH-Liga,280.6333333333333,120,7,22,33,10,21.131768129939573,25.9413231975294,32.23048327137546
31733,Finnish-Korisliiga,280.4166666666667,94,20,39,14,13,24.007098925871645,23.821693907875183,30.772727272727273
140540,Brazilian-NBB,280.2166666666667,88,8,27,19,11,15.403830601117882,20.27002914411467,23.11894273127753
42625,Brazilian-NBB,280.1166666666667,90,34,41,7,14,13.703955454522427,24.561194740286783,17.28395061728395
106506,Bulgarian-NBL,280.0,136,3,22,18,14,16.68952647490594,25.571428571428573,22.1671826625387
41332,Netherlands-DBL,280.0,114,11,48,10,14,4.633334153359562,26.142857142857142,15.083532219570406
80510,Danish-Basketligaen,279.78333333333336,127,16,41,14,13,19.126830782569254,28.307618990885803,28.76957494407159
15376,German-BBL,279.25,124,18,41,5,12,22.718319738134777,26.92927484333035,29.344978165938866
107615,German-Pro-A,279.23333333333335,112,36,39,15,21,16.0673000593803,28.93637340336636,26.86431014823261
80980,German-BBL,279.1333333333333,112,10,26,16,20,19.511660461158684,23.50131358968235,29.395017793594306
42301,Hungarian-NBIA,279.0,162,9,20,31,11,17.73602735990584,31.827956989247312,26.248648648648647
107285,Bulgarian-NBL,279.0,122,28,40,11,11,18.277933374282064,28.817204301075268,27.18954248366013
3662,Polish-OBL,278.81666666666666,142,16,40,10,14,10.051082594971694,29.840396915535898,15.223880597014926
26519,Greek-HEBA-A1,278.65,127,29,30,5,16,14.021151525197833,27.41790776960345,27.386609071274297
84130,Greek-HEBA-A1,278.5833333333333,127,21,67,2,10,16.466160961035868,31.15764283577625,22.837127845884414
121765,Serbian-KLS,278.3,139,8,32,13,13,18.261677762440495,27.596119295724037,23.985637342908436
30591,Turkish-TBL,278.15,149,9,18,31,12,17.580121654616402,29.768110731619633,22.78996865203762
42601,Czech-NBL,278.05,98,10,31,22,10,12.495752788819518,23.161301924114365,23.511777301927197
30541,National-Basketball-League-of-Japan,278.01666666666665,191,40,49,15,10,24.611550679609437,42.44349859121156,28.047982551799347
97836,Belgium-Scooore-League,278.0,111,17,31,2,16,26.4308698324542,23.165467625899282,34.3089430894309
24744,Euroleague,277.9166666666667,86,5,23,15,18,19.34981002608928,18.56671664167916,24.782251437962202
1947,Adriatic-League-Liga-ABA,277.25,70,6,18,9,23,25.14346069093056,14.860234445446348,29.006802721088434
97723,Spanish-Segunda-FEB,277.0,62,23,57,2,20,16.883484236890254,20.794223826714802,21.502890173410403
57579,Israeli-BSL,277.0,115,15,18,6,12,22.9194081788813,22.23826714801444,35.317860746720484
44074,Adriatic-League-Liga-ABA,276.18333333333334,115,25,37,10,21,28.704505630301902,27.08345905497556,37.84577723378213
24247,German-BBL,276.1,119,32,48,13,14,19.92137998511151,30.713509597971747,26.04739336492891
26327,Puerto-Rican-BSN,276.01666666666665,48,7,22,45,21,10.168664678386337,17.68009178189723,18.793418647166362
156193,Bulgarian-NBL,276.0,131,17,26,18,11,21.107380223390393,27.82608695652174,26.937590711175616
88711,Slovenian-SKL,275.93333333333334,131,42,62,10,10,16.691839612498335,35.51582507852138,18.782138024357238
107293,Portuguese-LPB,275.75,121,32,43,16,10,25.684124873570383,30.752493200362647,35.39528432732316
2411,Slovenian-SKL,275.45,84,9,23,38,16,15.582498965733064,22.36340533672173,19.545454545454547
58219,Basketball-Champions-League-Europe,275.4,151,4,30,27,12,22.49043683316482,30.791575889615107,32.87336244541485
134277,BNXT-League,275.0,90,23,41,11,10,13.628079572877239,24.0,20.3125
85189,Spanish-Primera-FEB,274.7,90,9,29,7,19,22.107163648350745,19.657808518383693,29.310344827586206
56869,German-Pro-B,274.3666666666667,139,28,71,18,14,17.069609964763206,37.32231806584862,24.335664335664337
13522,Italian-Lega-Basket-Serie-A,274.0,73,6,32,11,20,20.3578634412639,17.81021897810219,27.67983789260385
42564,Belgium-Scooore-League,274.0,68,25,38,3,30,14.635917916351985,19.562043795620436,24.028895507255562
30944,German-BBL,273.35,98,10,36,18,15,22.488598251030442,23.705871593195535,25.909568874868558
42341,Israeli-BSL,273.0,113,21,43,20,14,25.54414076164927,28.864468864468865,35.21047708138447
42283,Ukrainian-Superleague,272.81666666666666,240,12,27,32,12,19.524550206532627,45.598387195308206,27.340425531914892
36261,Danish-Basketligaen,272.6666666666667,118,22,29,8,12,5.985610843852627,25.965770171149142,12.668621700879765
122090,Swedish-Basketligan,272.4166666666667,85,22,49,8,10,27.52992244676697,24.080758641786478,30.550284629981025
24716,Australian-NBL,272.26666666666665,72,6,27,16,23,11.674340205279623,17.776689520078357,18.14012738853503
52992,Finnish-Korisliiga,272.25,92,13,24,19,12,11.873682215744395,21.744719926538107,19.927797833935017
127444,Cypriot-Division-A,272.2,106,11,66,18,10,21.360796696078975,29.53710506980162,28.07909604519774
107188,German-Pro-A,272.18333333333334,94,8,25,15,17,11.642346340193871,20.868287306349888,19.82565379825654
2298,French-Jeep-Elite,272.0,135,2,17,7,12,20.972914367418692,23.676470588235293,26.699751861042184
80946,German-Pro-A,271.98333333333335,102,16,41,16,13,22.081708007751306,25.736871131809547,31.59144893111639
132475,Austrian-A-Bundesliga,271.8833333333333,137,33,88,7,10,23.530095589911607,38.98731073377061,28.21917808219178
82877,Puerto-Rican-BSN,271.5833333333333,127,26,50,10,21,15.253153738240767,31.37158637618902,25.155393053016454
9475,Adriatic-League-Liga-ABA,271.0,129,31,58,11,16,22.53347119150694,33.800738007380076,28.04040404040404
138324,BNXT-League,271.0,110,30,69,21,18,23.92453530205124,33.94833948339483,32.025183630640086
136598,Puerto-Rican-BSN,270.93333333333334,99,24,35,15,39,10.000764271760412,25.541338582677167,23.216783216783217
31449,Polish-OBL,270.6333333333333,95,8,19,8,16,17.90044669374287,19.214188939524572,24.559139784946236
4286,Baltic-League-BBL-Elite-Division,270.48333333333335,185,17,47,21,10,26.6483088802066,39.92852301435701,35.313964386129335
4272,Slovenian-SKL,270.4666666666667,126,28,40,2,11,12.76466135424074,28.986936159723932,17.87742899850523
22864,Balkan-BIBL,270.26666666666665,91,32,59,15,10,13.69316243427271,29.156388751850027,23.313253012048193
108190,French-LNB-Pro-B,270.1333333333333,79,4,19,49,17,4.789083463277089,22.35932872655479,13.359375
149923,Basketball-Champions-League-Europe,270.0,128,5,22,47,11,19.40028431763103,29.925925925925927,30.244755244755243
44302,Spanish-Segunda-FEB,269.8,77,23,47,9,19,18.60419953217968,23.12824314306894,27.139107611548557
121400,Lithuanian-LKL,269.5833333333333,189,7,22,45,10,22.431806511761053,39.02318392581144,32.916666666666664
28786,German-BBL,269.35,77,1,18,33,10,19.34570044799549,19.15723036940783,27.33279613215149
42835,German-Pro-A,269.31666666666666,72,32,34,20,19,20.120878647078587,23.466798688037628,27.28826728826729
5958,Turkish-TBL,269.23333333333335,149,15,35,12,10,22.64202609763023,31.34827287359168,29.94535519125683
4138,Montenegrin-Prva-A-Liga,269.0,115,21,52,23,13,17.493341864335303,31.37546468401487,28.47084708470847
106343,Croatian-A-1-Liga,268.8833333333333,143,10,42,25,10,10.432741975085218,32.72794892456456,19.353099730458222
7905,Belgium-Scooore-League,268.0,103,32,31,9,11,19.807218467263898,26.119402985074625,28.571428571428573
1717,French-Jeep-Elite,268.0,108,13,29,6,18,25.787556684980377,23.28358208955224,32.81927710843374
92229,Puerto-Rican-BSN,267.98333333333335,96,6,22,26,40,10.113769328480798,22.389452080353255,19.04382470119522
9857,Spanish-ACB,267.51666666666665,118,5,19,11,23,19.164743794250167,22.87707930970033,25.0
20754,Spanish-Primera-FEB,267.3833333333333,77,8,31,22,14,20.674690161486392,20.644517858255938,27.7326968973747
120104,Spanish-ACB,267.25,93,16,25,18,24,11.844960518915933,22.75023386342376,19.63963963963964
121709,Finnish-Korisliiga,266.6333333333333,158,12,23,17,11,12.89835466835363,31.503937992249032,19.507042253521128
30877,Spanish-Primera-FEB,266.31666666666666,74,20,27,12,18,13.351908343547125,19.976218787158146,21.965317919075144
57260,Danish-Basketligaen,265.8666666666667,129,18,60,16,11,14.76651734811785,33.5506519558676,27.18840579710145
71545,German-Pro-A,265.6,67,8,20,20,13,28.559926491906687,17.319277108433734,34.52322738386308
58078,German-Pro-A,265.4,167,0,29,30,17,21.789018101530502,34.06179351921628,29.696233292831106
117477,Finnish-Korisliiga,265.35,164,10,20,39,12,14.528915932199297,35.12342189560957,22.998236331569665
72679,Spanish-Segunda-FEB,265.0,92,9,37,23,12,9.564580520552346,24.30188679245283,17.77227722772277
22859,Latvian-LBL,264.8,132,39,74,10,21,18.123166716642242,38.51963746223565,30.113378684807255
42933,Lithuanian-LKL,264.26666666666665,89,8,20,12,19,18.137237701886875,19.525731584258327,28.803245436105477
3801,Eurochallenge,264.0,123,36,46,20,12,14.795535936463011,34.09090909090909,27.391304347826086
23933,Czech-NBL,263.26666666666665,130,12,39,5,11,19.47026352611007,28.260319068118513,25.971769815418025
31701,Macedonian-Superleague,263.0333333333333,84,21,44,10,10,16.09902970003213,24.17944493727031,25.710982658959537
1640,Euroleague,262.90000000000003,97,4,28,38,10,22.668686795508314,25.40890072270825,29.748148148148147
31580,Slovakian-Extraliga,262.8833333333333,109,23,42,8,10,26.540778914544095,27.69289291827807,34.46384039900249
4077,Argentinian-Liga-A,262.7833333333333,98,9,13,9,16,19.115426914442494,19.635948500031713,24.186046511627907
107354,Serbian-KLS,262.55,173,10,48,13,11,21.23989528051917,37.173871643496476,29.722921914357684
9371,Greek-HEBA-A1,262.51666666666665,80,16,42,14,12,16.564272558025397,23.16043425814234,19.393939393939394
84940,German-BBL,262.43333333333334,101,10,29,15,12,22.401309122873823,23.62504763114442,27.65273311897106
57615,Slovakian-Extraliga,262.0833333333333,71,23,33,14,19,13.24671165524547,21.519872813990464,18.83495145631068
22451,Spanish-Segunda-FEB,261.6166666666667,111,21,39,5,12,21.39848971360512,26.909600560616678,26.796116504854368
8454,Turkish-TBL,261.48333333333335,90,34,27,8,12,15.444286751286404,24.32277391803174,25.89108910891089
81002,German-BBL,261.2,104,11,27,18,12,22.63439354078169,24.502297090352222,31.17948717948718
14730,German-BBL,260.03333333333336,105,6,14,30,17,21.550056800670916,23.843097038841172,27.581354441512755
12707,Spanish-Primera-FEB,260.03333333333336,120,20,47,4,13,26.480293145354732,29.380848609152668,35.23093447905478
85896,Turkish-TBL,259.93333333333334,130,4,24,18,15,15.365227205292124,27.08386765837394,25.363825363825363
107917,Canadian-Elite-Basketball-League,259.3666666666667,73,5,32,25,19,7.177647866873677,20.819946022362164,17.85467128027682
9380,VTB-United-League,259.2833333333333,100,25,59,25,12,25.280152582107007,32.242720318827544,28.983050847457626
18539,Slovakian-Extraliga,259.0,133,5,23,30,11,18.170392205640795,29.498069498069498,26.60395108184384
5963,Belgium-Scooore-League,259.0,127,9,16,22,10,19.663025956297446,26.872586872586872,24.911297852474323
11838,French-Jeep-Elite,259.0,102,23,42,8,14,23.926646434660668,27.027027027027028,32.68951194184839
13407,Spanish-Primera-FEB,258.8333333333333,109,24,40,2,13,19.502332567480135,27.044430135222154,25.545454545454547
60817,German-Pro-B,258.6,87,0,40,16,10,10.093302512531201,22.119102861562258,17.4390243902439
1766,Italian-Lega-Basket-Serie-A,258.0,110,18,49,3,14,21.641111897135538,27.906976744186046,32.34146341463415
85344,Estonian-Latvian-Basketball-League,257.8,118,38,56,7,10,22.738026141240116,33.97982932505818,27.34375
6888,Eurocup,257.71666666666664,95,1,27,23,12,8.34654320522588,22.660544525641857,14.746543778801843
30767,New-Zealand-NBL,257.03333333333336,133,18,38,12,11,16.274084223082568,31.279989625210735,26.600985221674875
140153,Hungarian-NBIA,257.0,104,10,23,48,10,22.579272055012744,28.79377431906615,34.921875
23263,French-LNB-Pro-B,257.0,124,2,31,28,10,19.097217295221196,28.79377431906615,26.450216450216452
85472,Macedonian-Superleague,256.71666666666664,114,10,38,31,10,15.008279878313438,30.07206388365903,23.82259767687434
3687,Baltic-Basketball-League,256.51666666666665,74,18,33,26,10,11.738934549002192,23.546228315249174,19.54496208017335
13470,Lithuanian-LKL,256.3,74,7,26,39,16,20.039050523998675,22.785797893094028,26.20498614958449
44590,French-LNB-Pro-B,256.0,104,3,16,21,11,20.13402291129857,22.5,25.762114537444933
25778,Polish-OBL,255.93333333333334,105,27,40,9,19,20.03119207202486,28.288616827298775,28.351063829787233
31686,Danish-Basketligaen,255.83333333333334,142,29,32,14,13,15.206288299283866,33.928338762214985,23.061889250814332
21280,Spanish-Primera-FEB,255.21666666666667,60,20,33,4,21,19.30621388201161,18.337360412721218,26.895705521472394
4249,Ukrainian-Superleague,254.86666666666667,73,27,33,4,12,12.874273952116846,21.50143866073764,19.418181818181818
133683,Australian-NBL,254.58333333333334,79,3,32,26,27,13.40432631006277,21.99672667757774,21.684665226781856
5636,Spanish-ACB,254.2,87,21,41,5,18,8.653534067767563,24.232887490165226,17.2
9308,Belgium-Scooore-League,254.0,122,4,34,25,12,29.302693093590836,29.133858267716537,35.03211991434689
44999,Belgium-Scooore-League,254.0,82,12,12,31,17,18.663213880465186,21.5748031496063,29.76923076923077
90017,Estonian-Latvian-Basketball-League,253.76666666666668,120,22,37,16,11,15.236746750581236,30.736897412321028,24.0
121584,Slovenian-SKL,253.71666666666667,144,7,27,14,10,10.945894048091033,30.26998620508441,19.910913140311806
88902,German-Pro-A,253.53333333333333,76,4,14,41,14,11.384042023661431,21.29897449382067,18.31223628691983
42567,Lithuanian-LKL,253.15,76,4,23,32,12,13.332157511585724,21.331226545526366,21.93853427895981
31165,Lithuanian-LKL,253.13333333333333,127,2,20,26,11,23.931557748389196,27.653410587305768,33.12839059674503
140038,Spanish-Primera-FEB,253.06666666666666,144,19,50,14,18,35.564814642273895,35.87987355110643,43.622250970245794
42059,French-LNB-Pro-B,253.0,74,4,19,41,15,12.706377405508057,21.818181818181817,19.623931623931625
14619,German-BBL,252.33333333333334,80,37,42,4,32,20.5313610945817,25.838837516512548,29.718670076726344
22386,Finnish-Korisliiga,252.21666666666667,124,22,52,7,12,26.26730313133619,32.51172933324523,28.711340206185568
58998,German-Pro-B,251.45,162,16,74,13,11,19.45784729766431,42.15549811095646,27.632850241545892
121589,Portuguese-LPB,250.8,87,8,23,37,10,16.762221267692496,24.720893141945773,24.685714285714287
95888,Super-League-Basketball,250.68333333333334,41,11,33,19,31,10.43299204551401,16.594641313742436,19.760479041916167
1689,Spanish-ACB,250.58333333333331,102,25,29,5,13,27.657174343968013,25.700033255736617,32.50198570293884
132232,Super-League-Basketball,250.46666666666667,117,6,49,9,10,17.375829947068453,28.906042054830984,28.847184986595174
81498,German-Pro-A,250.21666666666667,81,11,30,15,19,18.353664750500005,21.901019116765468,27.139364303178485
14660,Hungarian-NBIA,250.0,165,17,15,4,10,28.407551079838168,32.16,34.10981697171381
12985,Italian-Lega-Basket-Serie-A,250.0,95,3,22,12,11,31.92097810701948,21.12,39.37694704049844
145885,German-Pro-A,250.0,127,8,32,6,14,12.976009208408007,27.68,19.34328358208955
8225,Ukrainian-Superleague,249.95,155,32,47,13,18,32.16319779867319,39.52790558111622,41.226765799256505
8704,Netherlands-DBL,249.0,93,14,28,7,10,17.446442063723133,22.811244979919678,21.770623742454728
103910,Finnish-Korisliiga,248.13333333333333,166,4,25,24,10,18.2699839030645,35.30360021493821,29.34648581997534
88785,Israeli-BSL,248.0,66,24,39,6,13,18.97416994421325,21.774193548387096,24.357298474945534
87281,Super-League-Basketball,247.46666666666667,89,14,31,18,10,21.061716595418773,24.56896551724138,26.62638469284995
6591,German-BBL,247.41666666666666,144,10,17,4,10,22.05683881731081,28.292354328056586,29.858356940509914
121719,Canadian-Elite-Basketball-League,247.31666666666666,159,30,49,11,11,20.69438832203715,40.272255542826336,27.526315789473685
45130,Mexican-LNBP,246.78333333333333,65,5,17,26,27,7.531007982632895,18.31566151144729,16.8135593220339
88117,British-BBL,246.78333333333333,101,7,15,25,14,12.310129898955438,23.98865401499291,22.502543234994913
6729,Spanish-Primera-FEB,245.76666666666665,86,35,36,7,15,19.528984746476127,26.691984266919846,29.339513325608344
4720,French-Jeep-Elite,245.0,109,3,15,20,10,13.494448943029061,24.0,23.412322274881518
112808,Canadian-NBL,245.0,63,20,50,11,12,10.721786289714766,23.510204081632654,22.22222222222222
44708,Bulgarian-NBL,245.0,133,20,54,20,10,20.523122488517267,37.06122448979592,28.8441145281018
4270,Greek-HEBA-A1,244.88333333333333,86,3,17,16,11,20.070911384462903,19.92785680255904,32.28448275862069
132384,French-NM1,244.58333333333334,123,6,32,19,11,18.646355821919933,29.437819420783644,25.528662420382165
9548,Belgium-Scooore-League,244.0,79,16,33,8,12,17.565660804991392,22.295081967213115,25.28032619775739
6771,Cypriot-Division-A,243.76666666666665,97,17,31,12,17,17.52358837452045,25.762341036510325,26.56554712892741
79908,Spanish-ACB,243.48333333333335,102,2,27,9,12,19.475230023582046,22.999520843315764,25.529715762273902
16734,Greek-HEBA-A1,242.9,77,15,22,26,18,23.45525483288652,23.054755043227665,28.227571115973742
52550,Spanish-ACB,242.81666666666666,73,5,11,6,15,9.454279542068054,15.649667101379642,17.024070021881837
4532,German-Pro-A,242.73333333333335,131,0,92,11,11,20.360473303776597,38.56083493545729,25.98095238095238
3675,Romanian-Divizia-A,242.63333333333333,105,32,51,9,16,18.005991504485753,32.4769885973348,23.272727272727273
3842,German-BBL,242.28333333333333,69,14,24,14,10,14.536287053746323,19.976611405379376,19.047619047619047
24657,Japanese-BLeague,242.1,111,32,43,11,17,18.50143998092879,32.5485336637753,27.083798882681563
49565,Serbian-KLS,242.0,65,17,34,15,11,11.003530488525373,21.65289256198347,22.261484098939928
7576,Spanish-Primera-FEB,241.96666666666667,67,36,38,5,17,11.678603865645119,24.13555586168894,19.08256880733945
23915,Macedonian-Superleague,241.5,130,36,46,3,10,19.143418455590563,35.61076604554865,26.341463414634145
22917,Spanish-Primera-FEB,241.41666666666666,82,9,20,13,13,16.7276981462288,20.545391784604764,24.054054054054053
84049,Slovenian-SKL,241.15,146,17,33,11,10,13.779448640041563,34.33547584490981,22.15686274509804
42327,German-Pro-B,240.8,131,24,37,7,10,14.361779825348984,33.056478405315616,23.747178329571106
12106,Greek-HEBA-A1,240.51666666666665,68,8,18,12,14,16.976760070094333,17.62871595870002,22.323651452282157
22703,Greek-HEBA-A1,240.08333333333334,55,4,11,15,10,23.834012533383603,14.161749392572023,31.49171270718232
2311,Eurocup,239.0,123,22,32,9,13,27.562135819758925,31.12970711297071,34.554170661553215
9385,Ukrainian-Superleague,238.70000000000002,60,7,35,15,15,16.129599273881766,19.60620025136154,27.917077986179663
42542,Greek-HEBA-A1,238.1,41,19,15,7,23,11.26001438495421,13.77572448551029,14.733218588640275
9749,French-Jeep-Elite,238.0,100,14,37,15,10,28.825095906006865,27.899159663865547,38.44254510921178
39414,Slovakian-Extraliga,237.45000000000002,111,28,48,15,11,15.946438992137443,34.02821646662455,23.03030303030303
16276,Turkish-TBL,237.43333333333334,56,8,32,12,16,8.897986006070862,18.194580934999298,20.59347181008902
16901,German-BBL,237.03333333333333,89,22,39,6,11,20.191168921683587,26.325411334552104,24.75059382422803
151726,Portuguese-LPB,235.86666666666667,128,12,28,20,10,16.019711362825852,31.882419446014698,24.0
21777,German-Pro-A,235.01666666666665,98,8,22,8,10,20.56274883666079,23.147294518119285,27.87878787878788
73369,Netherlands-DBL,235.0,57,10,27,6,11,7.813423402922444,17.02127659574468,17.405857740585773
57086,Spanish-Segunda-FEB,234.01666666666668,92,27,29,7,16,22.428504447869773,26.49383947012321,26.804597701149426
56831,Italian-Lega-Basket-Serie-A,234.0,86,6,32,6,16,18.779305503429015,22.22222222222222,30.668127053669224
58074,French-Jeep-Elite,234.0,66,10,11,7,26,20.16437595342712,16.068376068376068,25.59610705596107
51995,Mexican-LNBP,233.33333333333334,62,5,22,37,19,3.2533088273289796,21.599999999999998,14.307692307692308
20979,Belgium-Scooore-League,232.0,81,15,35,2,12,20.719066761137913,22.93103448275862,27.81935483870968
131132,Portuguese-LPB,231.85,84,33,47,7,13,10.843806684112055,29.50183308173388,18.4366576819407
6274,Turkish-BSL,231.1,114,16,25,2,16,16.928220931255478,27.17438338381653,27.3015873015873
9585,Italian-Serie-A2-Basket,231.0,106,25,32,9,10,22.052309689136944,29.783549783549784,27.954545454545453
24229,Finnish-Korisliiga,230.8,67,4,40,17,10,12.941041969409207,22.183708838821488,20.769953051643192
21028,Brazilian-NBB,230.66666666666666,99,20,37,10,11,20.333122616184077,28.78612716763006,28.107109879963065
6424,Puerto-Rican-BSN,230.36666666666667,106,8,17,25,21,6.059689379652332,27.087252206627117,19.634146341463413
151854,Spanish-Segunda-FEB,230.0,109,2,15,10,11,13.780613096854907,23.652173913043477,18.4
30815,Spanish-Segunda-FEB,229.45,98,20,25,10,12,20.835141466213447,26.67247766397908,31.009771986970684
6656,Spanish-Primera-FEB,229.36666666666667,88,5,27,5,16,13.182907539718647,21.799157099258828,22.132796780684103
30978,Australian-NBL,229.16666666666666,77,4,21,23,28,14.035075037894654,21.81818181818182,24.110599078341014
16336,Italian-Lega-Basket-Serie-A,229.0,76,23,43,9,17,28.509700494679482,26.375545851528383,41.10891089108911
135497,Slovenian-SKL,228.15,63,7,30,9,13,10.310921245862609,19.11023449484988,22.904368358913814
27855,Lithuanian-NKL,228.03333333333333,52,7,18,32,10,7.17398142680161,19.120011694196755,14.490106544901066
106735,Spanish-Segunda-FEB,228.0,55,30,44,6,16,16.838772175376707,23.68421052631579,22.934947049924357
88782,Italian-Lega-Basket-Serie-A,228.0,38,5,30,21,18,21.58474456727583,16.49122807017544,27.90352504638219
42121,Greek-HEBA-A2,227.96666666666667,107,5,14,10,24,12.036786246067866,23.863137885655796,20.471204188481675
120119,French-Jeep-Elite,227.85,67,7,21,14,11,19.936702134984014,19.13539609392144,30.352422907488986
110386,German-Pro-A,227.33333333333334,48,6,43,31,12,19.38819315571378,22.52199413489736,24.078361531611755
30354,Polish-OBL,226.93333333333334,125,6,32,17,11,20.64713624205244,31.72737955346651,26.351084812623274
131609,Belarusian-BPL,226.4,123,30,52,17,14,19.89097758744728,39.2226148409894,29.389312977099237
23403,Cypriot-Division-A,225.79999999999998,77,16,30,14,10,19.779882776631393,24.269264836138177,28.84576098059244
88475,Spanish-Primera-FEB,225.0,72,20,31,5,16,22.578218985546364,22.755555555555556,28.415300546448087
6520,Spanish-ACB,224.75,107,5,21,18,14,19.211197865163555,26.874304783092324,25.061511423550087
42419,Greek-HEBA-A1,224.41666666666669,104,21,35,4,17,21.97418348135186,29.231340512439655,26.862967157417895
23216,German-BBL,224.41666666666666,79,3,31,19,12,12.752580997063756,23.52766431489046,14.363636363636363
43411,Bosnian-BiH-Liga,223.51666666666665,104,5,29,33,10,22.731276122995713,30.60174483632839,28.890959925442683
11187,Spanish-ACB,223.43333333333334,85,7,21,4,13,17.538092608422307,20.94584514396539,26.484641638225256
42366,Polish-OBL,223.2,82,13,23,21,19,16.70855677434516,24.910394265232977,27.314917127071823
52673,Slovakian-Extraliga,222.83333333333334,95,2,21,26,10,7.982802803548479,25.848915482423333,17.1875
42594,Lithuanian-LKL,222.78333333333333,46,1,22,10,14,19.13269069822783,14.184184933044063,30.420301348136398
85883,Spanish-ACB,222.76666666666665,71,18,34,2,17,25.013192372953245,22.445009726170884,29.466515323496026
23228,Spanish-Segunda-FEB,222.45000000000002,91,9,15,4,14,7.30536889424736,21.39806698134412,14.842105263157896
81539,Argentinian-Liga-A,220.85,88,2,28,17,10,15.294262467585655,24.450984831333486,23.319327731092436
7010,Spanish-ACB,220.76666666666665,48,5,12,11,15,25.817221253615376,13.770194775781368,30.30195381882771
6647,Polish-OBL,220.55,78,11,23,5,11,15.199944026890806,21.219678077533437,22.682215743440235
2156,German-BBL,219.81666666666666,79,3,25,12,13,19.08158323550853,21.65440897717795,23.74085684430512
107542,Lithuanian-LKL,219.55,83,4,10,9,15,12.41604602841491,19.312229560464587,20.575539568345324
21470,Danish-Basketligaen,218.98333333333335,74,18,33,9,11,18.455804555628998,24.4767486110054,21.784615384615385
23229,British-BBL,218.8,91,5,14,4,10,16.057520539188424,20.840950639853748,20.973952434881088
135345,Greek-HEBA-A2,218.53333333333333,120,20,37,10,10,17.55966185872788,34.22818791946309,23.209302325581394
39282,Cypriot-Division-A,218.25,42,13,29,15,15,4.20552999816481,18.144329896907216,14.265734265734265
80857,Canadian-NBL,217.83333333333334,58,8,25,31,15,11.750412737738532,22.402448355011476,20.27777777777778
132523,Mexican-CIBACOPA,217.65,124,17,33,8,13,15.860434266532351,33.44819664599127,29.597523219814242
10069,German-BBL,217.33333333333334,52,1,17,15,14,11.066803159437393,15.644171779141104,18.280193236714975
52546,Belgium-Scooore-League,217.0,84,9,33,10,13,23.458107344329896,25.069124423963135,34.53968253968254
90845,Spanish-Segunda-FEB,216.83333333333334,108,23,42,2,10,20.70209110699612,32.28285933897002,29.12928759894459
31494,Cypriot-Division-A,216.5,85,19,30,14,10,19.47660784162336,27.344110854503466,31.257731958762886
54837,Adriatic-League-Liga-ABA,216.41666666666666,78,2,11,24,17,11.613531894849938,21.255294570658453,24.087912087912088
43101,Danish-Basketligaen,216.38333333333333,51,12,25,2,12,13.841616282547038,16.63714087653085,20.08888888888889
12659,Polish-OBL,216.16666666666666,48,12,40,11,14,9.960138089829343,20.539707016191212,17.64530551415797
23043,Spanish-Segunda-FEB,215.68333333333334,95,12,13,12,10,15.2992344831134,24.480333822733947,24.67065868263473
4715,Turkish-TBL,215.21666666666667,88,21,43,12,14,22.2116376882092,30.48091071013707,27.69883351007423
44742,German-Pro-A,215.11666666666667,51,6,21,9,16,17.637317783379803,16.177268149066396,28.56152512998267
2315,Eurocup,214.06666666666666,106,23,28,10,12,28.420971824782008,31.205232014948614,35.287958115183244
89121,Canadian-Elite-Basketball-League,213.48333333333332,76,13,29,6,11,8.228419107776457,23.23366383011945,18.960244648318042
85341,FIBA-Europe-Cup,213.36666666666667,90,16,35,2,12,24.603195197538835,26.808311201374785,34.49487554904832
17170,German-BBL,213.0,55,9,20,6,29,26.936426098572348,16.901408450704224,30.775862068965516
109250,Super-League-Basketball,213.0,60,11,36,8,20,11.202819824247664,21.5962441314554,21.633802816901408
57110,Czech-NBL,212.88333333333333,65,7,24,36,10,11.970180090141325,24.802317388240823,19.70749542961609
95884,Greek-HEBA-A1,212.76666666666665,76,21,36,3,11,21.49188583904804,25.567914773617424,28.22122571001495
131599,Estonian-Latvian-Basketball-League,212.65,51,17,37,5,10,12.941795790010572,20.691276745826475,25.191256830601095
81413,Danish-Basketligaen,212.46666666666667,67,25,39,9,10,16.840023630118893,26.35707561970505,22.065934065934066
107186,Australian-NBL,212.21666666666667,49,6,21,17,30,9.92555116068942,17.529254692531218,18.688524590163933
88812,Hungarian-NBIA,212.0,152,19,35,1,11,16.706343979220325,39.056603773584904,24.590542099192618
129994,Spanish-Segunda-FEB,212.0,78,22,55,16,10,15.515978697821204,32.264150943396224,26.872370266479663
10542,Spanish-Segunda-FEB,211.86666666666667,93,4,20,20,12,14.20805267452482,25.865324103209566,23.931623931623932
22392,German-Pro-B,211.71666666666667,76,16,66,10,10,18.615050930882713,31.740533732189245,25.414012738853504
42851,Japanese-BLeague,211.6,123,20,42,9,10,20.610709481697494,36.672967863894144,29.182608695652174
59267,Turkish-BSL,211.48333333333335,64,10,27,13,21,13.505492039084414,21.56198281976515,21.89856957087126
30771,Argentinian-Liga-A,211.23333333333332,103,16,36,2,10,24.235807458686356,29.730156225343226,33.029381965552176
138541,Canadian-Elite-Basketball-League,211.15,49,24,35,8,19,18.62181666423215,21.97489936064409,21.58490566037736
42548,French-LNB-Pro-B,211.0,100,10,32,10,10,19.230074441805886,28.81516587677725,31.54140127388535
58154,German-Pro-B,211.0,96,13,35,31,11,16.464250956654382,33.175355450236964,27.00100300902708
6680,Estonian-KML,210.9,91,8,15,16,10,15.066041985197074,24.656235182550972,22.857142857142858
131246,Canadian-NBL,210.0,72,3,14,8,18,10.793433453102233,18.476190476190474,20.295566502463053
140124,Israeli-BSL,210.0,72,8,19,7,17,8.743902550349008,20.19047619047619,16.65615141955836
3913,French-LNB-Pro-B,210.0,99,10,35,13,10,17.924887100783067,29.904761904761905,24.21343146274149
57229,Lithuanian-LKL,209.65,84,34,23,6,12,22.52722324480405,28.046744574290482,30.21097046413502
140208,Mexican-CIBACOPA,209.5,85,8,24,26,16,12.883591365311581,27.30310262529833,23.558011049723756
80003,Puerto-Rican-BSN,209.4,77,10,14,26,20,18.342729806688453,24.25978987583572,24.46043165467626
12596,Mexican-LNBP,208.98333333333335,89,15,34,14,14,13.546243883608403,29.093229125129593,19.862068965517242
3541,Australian-NBL,208.11666666666667,40,1,27,6,14,16.33070135744077,14.222791703371506,22.5414364640884
28834,Spanish-Primera-FEB,207.18333333333334,94,15,30,3,15,22.282184050677493,27.415332636151557,32.18274111675127
42776,Cypriot-Division-A,207.13333333333333,80,3,22,23,10,19.125812377565826,24.71837785645317,29.910625620655413
30920,Spanish-Primera-FEB,206.95000000000002,62,24,24,5,15,17.246761922935946,22.22759120560522,21.306755260243634
80905,Cypriot-Division-A,206.81666666666666,62,7,28,9,14,10.901571029073438,20.501249093399952,20.90909090909091
31939,Macedonian-Superleague,206.33333333333334,59,4,17,26,11,18.30340719038741,20.549273021001614,25.527638190954775
8758,Belgium-Scooore-League,206.0,53,6,16,17,14,21.374997542468304,17.864077669902912,28.54609929078014
9412,Eurocup,204.93333333333334,43,5,19,33,10,16.41137965396612,19.51854261548471,21.012448132780083
7237,Greek-HEBA-A1,204.06666666666666,61,1,11,7,14,15.28014858092376,15.681149950996407,21.127029608404968
4299,Adriatic-League-Liga-ABA,202.75,75,11,32,14,13,12.220499815455577,26.041923551171394,23.753351206434317
81252,Danish-Basketligaen,202.13333333333333,106,16,34,2,11,12.599564504002005,31.266490765171504,20.674157303370787
10297,Turkish-BSL,200.35,73,9,17,4,21,10.043462838174438,20.564012977289742,16.534954407294833
